lap_id,turn_number,flat_out,position_entry,position_exit,braking_start_dist,braking_start_speed,braking_start_gear,time_at_braking_ms,gap_behind_at_entry,gap_ahead_at_entry,entry_dist,entry_speed,entry_gear,time_at_entry_ms,apex_dist,apex_speed,apex_gear,time_at_apex_ms,exit_dist,exit_speed,exit_gear,time_at_exit_ms,gap_behind_at_exit,gap_ahead_at_exit,throttle_committed_dist,throttle_committed_speed,throttle_committed_gear,time_at_throttle_committed_ms,time_in_turn_ms,max_brake_before_apex,max_throttle_after_apex,battery_deployed_prev_straight,battery_overtake_deployed_prev_straight,battery_boost_deployed_prev_straight,battery_recharged_prev_straight,lockups,spins,lockups_front_minor,lockups_front_medium,lockups_front_severe,lockups_rear_minor,lockups_rear_medium,lockups_rear_severe,spins_minor,spins_medium,spins_severe,in_traffic,collision_events,corner_cutting_events,time_penalties_received_sec,retried_with_flashback,tyre_temps_entry,tyre_temps_apex,tyre_temps_exit,tyre_carcass_temps,brake_bias,differential,off_throttle_diff,engine_braking,turn_series_distances,turn_series_times,turn_positions,turn_speeds,turn_brakes,turn_throttles,turn_gears,turn_wheel_angles,turn_slip_ratios,turn_yaw_rates,turn_longitudinal_g,version
AbuDhabi_Race_Mar20_001_L1,RaceStart,False,1,1,0.0,0.0,0,0,0.0,0.0,106.99,1,1,266,179.83,145,3,4099,298.63,232,5,6333,0.15,0.0,180.5,146,3,4133,6067,0,100,0.1,0.1,0.0,0.0,0,1,0,0,0,0,0,0,0,0,1,False,0,0,0,False,74|74|75|75,63|64|115|114,56|56|96|96,84|84|85|85,58,30,55,50,106|117|127|137|147|157|167|177|187|197|207|217|227|238|248|258|268|278|288|298,266|1733|2333|2799|3183|3516|3799|4049|4300|4533|4750|4950|5150|5333|5500|5666|5850|6016|6166|6333,-130.9;-0.0|-126.3;9.1|-121.9;18.1|-117.6;27.5|-113.9;36.7|-109.7;46.1|-105.2;54.9|-100.6;64.0|-95.8;73.2|-91.3;81.9|-86.6;91.0|-82.0;99.8|-77.1;109.1|-72.6;117.9|-67.9;127.1|-63.7;135.8|-59.3;144.7|-54.9;153.8|-50.4;163.2|-46.2;171.9,1|49|71|88|104|118|131|143|156|166|175|183|191|198|205|211|217|222|227|232,0|0|0|0|0|0|0|0|0|0|0|0|0|0|0|0|0|0|0|0,53|69|72|74|76|85|100|100|100|100|100|100|100|100|100|100|100|100|100|100,1|1|2|2|2|2|2|2|3|3|3|4|4|4|4|4|5|5|5|5,-0.0025|-0.0078|-0.0161|-0.0323|-0.0376|-0.0065|-0.0005|0.0002|-0.0012|-0.0005|-0.0002|0.0011|0.0028|0.0029|0.0030|0.0025|0.0021|0.0022|0.0017|0.0000,3.412;3.417;-0.002;-0.003|1.300;1.312;-0.002;-0.001|0.835;0.854;-0.001;-0.001|0.422;0.449;-0.001;-0.002|0.172;0.129;-0.002;-0.001|0.064;0.050;-0.002;-0.001|0.065;0.063;-0.001;-0.001|0.051;0.052;-0.001;-0.001|0.065;0.063;-0.001;-0.001|0.040;0.040;-0.001;-0.001|0.040;0.040;-0.001;-0.001|0.045;0.046;-0.001;-0.001|0.035;0.037;-0.001;-0.001|0.032;0.034;-0.001;-0.001|0.030;0.031;-0.001;-0.001|0.028;0.029;-0.001;-0.001|0.029;0.030;-0.001;-0.001|0.027;0.028;-0.001;-0.001|0.025;0.026;-0.001;-0.001|0.026;0.026;-0.001;-0.001,0.015|-0.001|0.002|0.004|0.022|-0.014|-0.001|0.005|-0.011|0.026|0.008|-0.003|-0.002|-0.000|0.000|0.002|-0.004|0.011|0.008|0.002,0.93|1.00|1.03|1.15|1.31|1.21|1.34|1.23|1.40|1.33|1.15|1.37|1.12|1.05|0.98|0.92|0.96|0.92|0.87|0.83,0.3.1
AbuDhabi_Race_Mar20_001_L1,1,False,1,1,320.47,236,5,6666,0.15,0.0,300.79,233,5,6350,442.28,145,4,9050,517.01,195,5,10716,0.633,0.0,458.94,147,4,9483,4366,55,100,8.4,8.3,0.0,4.0,0,0,0,0,0,0,0,0,0,0,0,False,0,0,0,False,56|56|96|95,64|94|81|95,60|83|82|93,83|83|86|86,58,30,55,50,299|310|322|333|345|356|367|379|390|402|413|425|436|447|459|470|482|493|504|517,6350|6533|6683|6866|7050|7250|7483|7716|7950|8166|8383|8616|8900|9200|9516|9783|10033|10283|10500|10716,-45.3;173.8|-40.7;183.7|-35.9;193.6|-30.6;204.0|-25.2;213.7|-19.0;223.1|-11.3;232.6|-3.1;240.4|5.9;246.7|14.7;251.2|23.7;254.5|33.4;256.4|45.1;256.8|57.1;254.9|68.5;250.9|79.3;245.8|89.2;240.6|98.8;235.1|108.8;228.9|118.6;222.8,233|237|235|224|210|196|181|171|166|161|155|150|147|145|147|155|166|176|186|195,0|0|17|51|52|45|27|3|0|0|0|0|0|0|0|0|0|0|0|0,100|82|26|16|15|14|14|18|18|18|21|37|43|52|67|95|100|100|100|100,5|5|5|5|4|4|4|4|4|4|4|4|4|4|4|4|4|4|4|5,-0.0002|-0.0040|-0.0102|-0.0183|-0.0291|-0.0574|-0.0777|-0.0591|-0.0824|-0.1209|-0.1332|-0.1450|-0.1422|-0.0860|-0.0217|-0.0131|-0.0053|-0.0020|-0.0018|-0.0017,0.026;0.026;-0.001;-0.001|0.015;0.014;-0.000;-0.000|-0.004;-0.004;-0.006;-0.005|-0.016;-0.016;-0.021;-0.014|-0.020;-0.018;-0.032;-0.014|-0.022;-0.017;-0.075;-0.014|-0.016;-0.014;-0.127;-0.010|0.005;-0.002;-0.007;-0.001|0.008;-0.001;0.001;0.000|0.021;0.003;0.003;0.001|0.017;0.004;0.021;0.000|0.027;0.008;0.004;0.000|0.038;0.010;0.003;0.000|0.069;0.016;-0.000;-0.000|0.046;0.042;-0.002;-0.001|0.082;0.063;-0.001;-0.001|0.098;0.072;-0.002;-0.001|0.068;0.055;-0.001;-0.001|0.051;0.045;-0.001;-0.001|0.043;0.039;-0.001;-0.001,0.003|0.004|0.008|0.015|0.006|0.000|-0.014|0.022|0.093|-0.018|-0.042|0.009|0.013|-0.136|0.119|0.002|0.004|0.008|-0.005|0.017,0.82|0.33|-0.92|-2.03|-2.09|-1.91|-1.48|-0.58|-0.47|-0.54|-0.65|-0.33|-0.21|-0.01|0.53|1.20|1.29|1.25|1.15|1.07,0.3.1
AbuDhabi_Race_Mar20_001_L1,2,True,1,1,0.0,0.0,0,0,0.633,0.0,580.43,230,5,11783,659.33,245,6,12949,716.13,251,6,13749,0.684,0.0,701.08,248,6,13533,1966,0,100,11.2,10.0,0.0,2.5,0,0,0,0,0,0,0,0,0,0,0,False,0,0,0,False,56|74|79|88,62|85|82|95,63|91|83|99,82|84|86|87,58,30,55,50,579|586|594|601|608|615|622|629|636|644|651|658|665|672|679|687|694|701|708|716,11783|11899|12016|12116|12233|12349|12449|12549|12666|12749|12849|12949|13033|13133|13233|13333|13449|13549|13649|13749,171.0;187.1|176.9;182.4|181.8;178.1|187.5;172.9|193.0;167.4|198.2;161.6|202.6;156.4|206.7;151.0|211.1;144.4|213.9;139.5|217.1;133.4|219.9;127.2|222.1;122.0|224.3;115.5|226.1;109.0|227.7;102.3|229.2;94.4|230.2;87.6|230.9;80.7|231.5;73.8,230|233|236|238|240|243|244|244|245|245|245|245|245|245|245|246|247|249|250|251,0|0|0|0|0|0|0|0|0|0|0|0|0|0|0|0|0|0|0|0,100|100|100|100|100|100|100|100|100|100|100|100|100|100|100|100|100|100|100|100,5|5|5|5|6|6|6|6|6|6|6|6|6|6|6|6|6|6|6|6,-0.0191|-0.0225|-0.0231|-0.0266|-0.0272|-0.0337|-0.0470|-0.0397|-0.0467|-0.0523|-0.0472|-0.0411|-0.0391|-0.0380|-0.0342|-0.0353|-0.0300|-0.0222|-0.0181|-0.0127,0.034;0.027;-0.001;-0.001|0.037;0.023;-0.001;-0.001|0.051;0.034;-0.001;-0.001|0.035;0.024;-0.001;-0.001|0.037;0.026;-0.001;-0.001|0.034;0.019;-0.001;-0.001|0.034;0.018;-0.000;-0.000|0.033;0.017;-0.000;-0.000|0.038;0.019;-0.000;-0.000|0.036;0.018;-0.000;-0.000|0.047;0.019;-0.000;-0.000|0.071;0.027;0.000;-0.000|0.057;0.024;-0.000;-0.000|0.038;0.019;-0.001;-0.000|0.050;0.026;-0.001;-0.000|0.036;0.021;-0.001;-0.000|0.033;0.020;-0.001;-0.000|0.028;0.018;-0.001;-0.000|0.028;0.018;-0.001;-0.000|0.024;0.018;-0.001;-0.000,0.095|-0.108|0.177|-0.022|0.012|-0.044|-0.006|-0.004|-0.020|-0.049|-0.209|-0.142|0.097|-0.178|-0.126|-0.021|-0.014|-0.008|-0.036|-0.005,0.81|0.57|0.71|0.59|0.60|0.53|0.34|0.30|0.27|0.22|0.21|0.12|0.25|0.17|0.31|0.36|0.41|0.42|0.43|0.45,0.3.1
AbuDhabi_Race_Mar20_001_L1,3,True,1,1,0.0,0.0,0,0,0.684,0.0,724.33,253,6,13866,846.71,257,6,15533,999.98,269,6,17649,0.784,0.0,839.32,258,6,15416,3783,0,100,1.7,0.0,0.0,0.0,0,0,0,0,0,0,0,0,0,0,0,False,0,0,0,False,63|90|82|98,94|86|96|95,109|81|104|91,82|84|87|88,58,30,55,50,723|738|752|767|781|796|810|825|839|854|868|883|897|912|926|941|955|969|984|999,13866|14066|14283|14466|14666|14849|15049|15233|15433|15633|15816|16016|16233|16433|16633|16833|17049|17249|17449|17649,231.9;65.6|232.3;51.4|232.6;37.1|233.5;22.6|235.6;8.2|238.7;-4.8|243.4;-18.5|249.0;-30.6|256.3;-42.9|264.9;-54.4|273.9;-63.9|284.7;-73.1|297.3;-81.7|309.8;-88.4|322.9;-93.9|336.5;-98.0|351.7;-101.0|365.9;-102.7|380.5;-103.8|395.3;-104.5,253|256|259|261|262|262|261|260|258|257|255|254|254|254|255|256|257|260|264|269,0|0|0|0|0|0|0|0|0|0|0|0|0|0|0|0|0|0|0|0,100|100|100|100|100|100|100|100|100|100|100|100|100|100|100|100|100|100|100|100,6|6|6|6|6|6|6|6|6|6|6|6|6|6|6|6|6|6|6|6,-0.0075|0.0014|0.0188|0.0434|0.0436|0.0524|0.0685|0.0815|0.0833|0.0768|0.0734|0.0675|0.0647|0.0569|0.0520|0.0439|0.0266|0.0113|0.0036|-0.0048,0.022;0.018;-0.001;-0.000|0.019;0.018;-0.001;-0.000|0.017;0.020;-0.001;-0.000|0.016;0.029;-0.000;-0.000|0.017;0.030;-0.000;-0.000|0.016;0.031;-0.000;-0.000|0.019;0.040;-0.000;0.000|0.022;0.046;-0.000;0.001|0.021;0.041;-0.000;0.000|0.019;0.039;-0.000;0.000|0.020;0.043;-0.000;0.000|0.021;0.042;-0.000;-0.000|0.020;0.039;-0.000;-0.000|0.019;0.036;-0.000;-0.000|0.018;0.033;-0.000;-0.000|0.018;0.032;-0.000;-0.001|0.018;0.029;-0.000;-0.001|0.022;0.029;-0.001;-0.001|0.021;0.024;-0.001;-0.001|0.023;0.019;-0.001;-0.001,-0.020|-0.011|0.023|-0.003|-0.017|0.011|-0.004|-0.017|-0.022|0.005|0.012|-0.002|-0.019|-0.019|0.001|-0.014|-0.055|-0.035|-0.020|-0.029,0.46|0.45|0.42|0.23|0.19|0.14|0.05|0.01|0.04|0.05|0.06|0.12|0.19|0.24|0.24|0.27|0.37|0.62|0.61|0.57,0.3.1
AbuDhabi_Race_Mar20_001_L1,4,True,1,1,0.0,0.0,0,0,0.784,0.0,1003.79,270,6,17699,1068.93,280,7,18533,1151.98,290,7,19583,0.784,0.0,1036.07,276,7,18116,1884,0,100,5.2,3.3,0.0,0.0,0,0,0,0,0,0,0,0,0,0,0,False,0,0,0,False,108|80|104|91,96|75|94|87,84|69|84|81,84|85|89|89,58,30,55,50,1002|1010|1018|1026|1034|1041|1049|1057|1065|1073|1080|1088|1096|1104|1112|1119|1127|1135|1143|1151,17699|17799|17899|17999|18099|18216|18299|18399|18499|18599|18683|18799|18899|18983|19083|19183|19283|19366|19466|19583,399.0;-104.7|406.5;-105.2|414.1;-105.7|421.7;-106.3|429.3;-107.1|437.0;-108.0|444.6;-109.0|452.3;-110.3|459.9;-111.7|467.5;-113.3|473.9;-114.9|481.5;-116.9|490.3;-119.4|496.6;-121.4|504.1;-123.9|511.6;-126.4|517.9;-128.7|525.4;-131.4|533.0;-134.1|540.5;-136.9,270|271|273|275|276|277|278|279|280|281|282|283|284|285|286|287|287|288|289|290,0|0|0|0|0|0|0|0|0|0|0|0|0|0|0|0|0|0|0|0,100|100|100|100|100|100|100|100|100|100|100|100|100|100|100|100|100|100|100|100,6|6|7|7|7|7|7|7|7|7|7|7|7|7|7|7|7|7|7|7,-0.0082|-0.0092|-0.0084|-0.0123|-0.0095|-0.0150|-0.0155|-0.0164|-0.0149|-0.0154|-0.0138|-0.0099|-0.0092|-0.0075|-0.0062|-0.0033|-0.0021|-0.0032|-0.0038|-0.0047,0.024;0.020;-0.001;-0.001|0.023;0.018;-0.001;-0.001|0.023;0.023;-0.001;-0.001|0.019;0.015;-0.000;-0.000|0.020;0.016;-0.000;-0.000|0.019;0.015;-0.000;-0.000|0.023;0.016;-0.000;-0.000|0.018;0.014;-0.000;-0.000|0.019;0.015;-0.000;-0.000|0.019;0.015;-0.000;-0.000|0.018;0.014;-0.000;-0.000|0.017;0.014;-0.000;-0.000|0.017;0.014;-0.000;-0.000|0.016;0.014;-0.000;-0.000|0.016;0.014;-0.000;-0.000|0.015;0.014;-0.000;-0.000|0.016;0.015;-0.000;-0.000|0.015;0.014;-0.000;-0.000|0.014;0.014;-0.000;-0.000|0.015;0.014;-0.000;-0.000,0.001|-0.009|-0.174|0.047|0.004|-0.012|-0.019|-0.057|-0.005|0.014|-0.013|0.024|0.029|0.037|0.022|0.005|0.001|0.030|0.041|0.019,0.55|0.54|0.53|0.39|0.34|0.34|0.30|0.29|0.31|0.30|0.28|0.30|0.30|0.30|0.29|0.29|0.28|0.28|0.26|0.25,0.3.1
AbuDhabi_Race_Mar20_001_L1,5,False,1,1,1307.44,301,7,21441,0.817,0.0,1314.33,294,7,21541,1468.61,102,2,24791,1581.04,186,4,27891,1.2,0.0,1510.54,113,2,26141,6450,100,100,3.1,0.0,0.0,7.5,0,0,0,0,0,0,0,0,0,0,0,False,0,0,0,False,67|58|71|70,71|75|67|74,62|74|75|83,85|85|89|90,58,30,55,50,1313|1327|1341|1355|1369|1383|1397|1412|1426|1440|1454|1468|1482|1496|1510|1524|1538|1552|1566|1581,21541|21707|21891|22124|22391|22657|22974|23357|23724|24107|24457|24791|25174|25657|26141|26591|26957|27307|27607|27891,690.8;-199.0|703.8;-205.0|715.6;-210.6|728.9;-217.4|741.8;-224.7|752.8;-232.0|763.6;-240.8|773.6;-251.7|780.3;-262.3|784.1;-272.7|785.0;-283.2|783.4;-292.6|778.5;-302.4|769.1;-312.0|755.4;-318.5|740.7;-320.6|727.0;-320.9|712.4;-320.6|698.5;-319.9|684.3;-318.9,294|269|244|215|188|168|148|130|116|104|103|102|103|106|113|126|141|159|173|186,87|100|100|90|68|50|41|29|27|6|0|0|0|0|0|0|0|0|0|0,15|8|7|6|6|5|5|5|5|16|39|35|46|56|65|88|100|100|100|100,7|7|7|6|5|5|4|3|2|2|2|2|2|2|2|2|3|3|4|4,-0.0042|-0.0059|-0.0063|-0.0138|-0.0234|-0.0293|-0.0408|-0.0464|-0.0776|-0.0953|-0.1220|-0.1552|-0.1389|-0.0939|-0.0583|-0.0226|-0.0061|-0.0056|-0.0072|-0.0056,-0.022;-0.022;-0.024;-0.023|-0.029;-0.027;-0.031;-0.028|-0.036;-0.034;-0.039;-0.031|-0.041;-0.037;-0.051;-0.029|-0.045;-0.037;-0.056;-0.021|-0.022;-0.022;-0.037;-0.015|-0.030;-0.027;-0.049;-0.015|-0.018;-0.019;-0.026;-0.010|-0.019;-0.015;-0.048;-0.011|0.009;-0.003;-0.010;-0.002|0.136;0.022;-0.001;0.001|0.043;0.013;0.013;-0.000|0.073;0.017;-0.001;-0.000|0.128;0.039;-0.004;-0.000|0.126;0.045;-0.006;-0.001|0.055;0.043;-0.002;-0.001|0.122;0.120;-0.001;-0.001|0.058;0.048;-0.001;-0.001|0.093;0.088;-0.001;-0.002|0.043;0.031;-0.001;-0.001,-0.019|0.027|0.020|-0.007|-0.002|0.000|-0.033|-0.020|-0.027|-0.020|0.255|0.134|-0.024|0.034|0.018|0.009|-0.045|0.013|-0.032|-0.035,-3.31|-3.83|-3.76|-3.40|-2.61|-1.95|-1.63|-1.20|-1.08|-0.46|0.12|-0.13|0.17|0.38|0.63|1.18|1.48|1.32|1.64|1.35,0.3.1
AbuDhabi_Race_Mar20_001_L1,6,False,1,1,2517.01,317,8,39807,1.1,0.0,2531.32,298,8,39957,2675.3,82,2,43340,2697.42,96,2,44290,1.133,0.0,2690.2,88,2,43990,4483,100,76,17.0,7.7,0.0,11.3,0,0,0,0,0,0,0,0,0,0,0,False,0,0,0,False,45|45|55|56,61|67|61|68,60|69|64|71,85|86|90|91,58,30,55,50,2530|2539|2548|2556|2565|2574|2583|2592|2600|2609|2618|2627|2635|2644|2653|2662|2671|2679|2688|2697,39957|40074|40191|40307|40441|40574|40741|40907|41090|41274|41507|41740|42040|42407|42790|43007|43207|43540|43924|44290,-265.2;-305.7|-274.6;-305.8|-283.5;-305.8|-291.8;-305.8|-299.7;-305.7|-309.1;-305.7|-317.7;-305.6|-327.4;-305.6|-335.4;-305.5|-344.1;-305.4|-353.3;-305.2|-361.4;-304.6|-370.2;-303.1|-378.6;-300.1|-386.3;-294.4|-389.5;-290.4|-391.6;-286.6|-393.5;-278.8|-392.7;-270.0|-390.0;-261.6,298|282|266|250|234|216|198|180|165|150|132|117|100|86|86|85|84|82|86|96,100|100|100|100|100|100|85|77|68|66|63|56|41|9|0|0|0|0|0|0,6|2|0|0|0|0|0|0|0|0|0|0|0|10|39|30|25|39|60|76,8|8|8|8|8|7|7|6|5|5|4|3|2|2|2|2|2|2|2|2,0.0007|-0.0011|-0.0002|-0.0018|-0.0001|-0.0012|0.0007|-0.0007|-0.0011|-0.0041|-0.0223|-0.0513|-0.0740|-0.1296|-0.1497|-0.1591|-0.1613|-0.1411|-0.0785|-0.0299,-0.029;-0.028;-0.028;-0.028|-0.031;-0.031;-0.030;-0.029|-0.034;-0.034;-0.032;-0.032|-0.038;-0.037;-0.035;-0.036|-0.040;-0.039;-0.038;-0.037|-0.034;-0.034;-0.050;-0.045|-0.044;-0.044;-0.035;-0.034|-0.039;-0.039;-0.031;-0.029|-0.045;-0.045;-0.030;-0.027|-0.039;-0.038;-0.032;-0.027|-0.045;-0.041;-0.045;-0.025|-0.040;-0.032;-0.122;-0.021|-0.027;-0.021;-0.151;-0.017|0.004;-0.007;-0.016;-0.004|0.075;0.012;-0.000;-0.000|0.196;0.018;0.001;0.000|0.141;0.029;0.009;0.000|0.102;0.018;-0.001;-0.000|0.113;0.030;-0.002;-0.001|0.140;0.056;-0.002;-0.001,-0.003|0.002|0.002|0.010|0.003|-0.014|0.000|0.013|-0.004|0.010|-0.001|-0.004|0.006|0.012|0.004|0.305|-0.398|-0.048|-0.004|-0.014,-3.98|-3.92|-3.87|-3.78|-3.71|-3.17|-3.15|-2.78|-2.45|-2.29|-2.16|-1.98|-1.44|-0.57|0.06|-0.14|-0.12|0.08|0.57|0.98,0.3.1
AbuDhabi_Race_Mar20_001_L1,7,False,1,1,0.0,0.0,0,0,1.133,0.0,2698.77,98,2,44324,2738.88,93,2,45540,2766.51,97,2,46707,1.55,0.0,2763.45,93,2,46574,2383,0,76,0.0,0.0,0.0,1.5,0,0,0,0,0,0,0,0,0,0,0,False,0,0,0,False,60|68|64|71,72|68|71|71,75|67|74|70,84|86|90|91,58,30,55,50,2698|2701|2705|2709|2712|2716|2719|2723|2727|2730|2734|2737|2741|2744|2748|2752|2755|2759|2762|2766,44324|44440|44574|44690|44807|44907|45024|45107|45190|45257|45374|45507|45657|45807|45974|46124|46274|46407|46574|46707,-389.4;-260.3|-388.1;-257.3|-386.4;-253.8|-385.0;-250.5|-383.8;-247.1|-382.9;-244.2|-382.3;-240.9|-382.1;-238.5|-382.0;-236.1|-382.0;-234.2|-382.3;-231.1|-382.9;-227.6|-384.1;-223.9|-385.6;-220.4|-387.7;-216.8|-390.0;-213.8|-392.5;-211.2|-395.1;-209.0|-398.5;-206.5|-401.0;-204.7,98|103|108|110|109|107|105|102|101|99|96|93|92|91|90|89|89|90|93|97,0|0|0|0|0|0|0|0|0|0|0|0|0|0|0|0|0|0|0|0,76|76|66|32|17|12|10|10|10|10|11|18|26|26|24|24|29|44|66|77,2|2|2|2|2|2|2|2|2|2|2|2|2|2|2|2|2|2|2|2,-0.0244|-0.0054|0.0378|0.1054|0.1689|0.1955|0.1906|0.1910|0.1872|0.1887|0.1864|0.1844|0.1791|0.1781|0.1571|0.1024|0.0604|0.0419|0.0197|0.0154,0.141;0.069;-0.002;-0.001|0.090;0.061;-0.002;-0.001|0.026;0.039;-0.001;-0.001|0.007;0.023;-0.001;0.000|0.002;0.030;0.000;0.003|0.001;0.043;0.001;0.003|0.002;0.054;0.001;0.004|0.001;0.062;0.002;0.004|0.004;0.063;0.003;0.006|0.006;0.058;0.001;0.009|0.005;0.040;0.001;0.023|0.008;0.040;0.001;0.024|0.008;0.038;-0.000;0.002|0.006;0.065;-0.000;0.001|0.017;0.140;0.000;0.002|0.011;0.105;-0.000;0.000|0.009;0.049;0.001;-0.016|0.020;0.038;-0.000;-0.001|0.038;0.041;-0.001;-0.001|0.050;0.067;-0.001;-0.001,-0.010|-0.031|-0.048|-0.059|-0.038|-0.056|-0.043|-0.107|0.024|0.018|0.004|0.046|0.039|-0.054|0.005|-0.075|-0.137|-0.068|-0.019|0.027,1.02|1.19|0.86|0.10|-0.34|-0.52|-0.53|-0.64|-0.48|-0.49|-0.52|-0.40|-0.15|-0.22|-0.14|-0.19|0.15|0.49|0.77|0.79,0.3.1
AbuDhabi_Race_Mar20_001_L1,8,True,1,1,0.0,0.0,0,0,1.55,0.0,2791.54,130,3,47507,2916.64,221,5,49957,3093.71,276,7,52440,1.334,0.0,2837.93,175,4,48574,4933,0,100,0.0,0.0,0.0,2.0,0,0,0,0,0,0,0,0,0,0,0,False,0,0,0,False,71|65|78|74,61|59|79|77,54|54|71|72,84|85|90|91,58,30,55,50,2791|2807|2822|2838|2854|2870|2886|2901|2917|2933|2949|2964|2980|2996|3012|3028|3043|3059|3075|3093,47507|47907|48257|48607|48890|49190|49474|49740|49974|50240|50490|50724|50940|51157|51390|51590|51807|52024|52224|52440,-422.0;-190.8|-435.6;-182.0|-448.3;-173.5|-461.1;-164.3|-473.0;-154.9|-484.5;-145.1|-495.9;-134.1|-506.5;-122.7|-516.1;-111.0|-526.1;-97.5|-535.1;-84.0|-543.2;-70.7|-550.5;-57.8|-556.9;-45.4|-564.0;-30.3|-569.7;-16.9|-575.7;-2.1|-582.0;14.2|-587.0;27.2|-593.4;43.9,130|149|163|176|187|196|205|214|222|230|237|243|249|254|259|263|267|271|274|276,0|0|0|0|0|0|0|0|0|0|0|0|0|0|0|0|0|0|0|0,93|100|100|100|100|100|100|100|100|100|100|100|100|100|100|100|100|100|100|100,3|3|4|4|4|5|5|5|5|6|6|6|6|6|6|7|7|7|7|7,-0.0013|-0.0030|-0.0045|-0.0095|-0.0108|-0.0154|-0.0144|-0.0165|-0.0144|-0.0109|-0.0102|-0.0109|-0.0109|-0.0106|-0.0100|-0.0056|-0.0006|-0.0013|0.0009|0.0002,0.142;0.122;-0.002;-0.004|0.097;0.056;-0.001;-0.001|0.070;0.055;-0.001;-0.001|0.056;0.043;-0.001;-0.001|0.040;0.031;-0.001;-0.001|0.037;0.026;-0.001;-0.001|0.033;0.025;-0.001;-0.001|0.042;0.029;-0.001;-0.001|0.039;0.027;-0.001;-0.001|0.033;0.025;-0.001;-0.001|0.032;0.024;-0.001;-0.001|0.032;0.024;-0.001;-0.001|0.029;0.022;-0.001;-0.001|0.026;0.020;-0.001;-0.001|0.025;0.020;-0.001;-0.001|0.028;0.023;-0.001;-0.001|0.022;0.020;-0.001;-0.001|0.017;0.017;-0.000;-0.000|0.016;0.017;-0.000;-0.000|0.016;0.016;-0.000;-0.000,0.036|-0.035|0.025|0.011|-0.021|-0.008|0.009|0.014|0.002|0.013|0.007|0.014|-0.009|-0.017|-0.023|-0.014|-0.022|0.006|0.003|-0.001,1.55|1.06|1.22|1.04|0.97|0.86|0.83|0.95|0.90|0.84|0.80|0.74|0.71|0.67|0.62|0.51|0.57|0.38|0.36|0.34,0.3.1
AbuDhabi_Race_Mar20_001_L1,9,False,1,1,3563.64,310,8,58117,1.5,0.0,3577.63,291,8,58267,3694.2,163,4,60250,3950.68,221,5,65184,1.7,0.0,3701.47,163,4,60383,7067,100,100,16.9,10.6,0.0,5.9,0,0,0,0,0,0,0,0,0,0,0,False,0,0,0,False,46|47|57|60,61|77|62|75,63|110|79|97,84|86|91|92,58,30,55,50,3576|3596|3615|3635|3655|3674|3694|3714|3733|3753|3773|3792|3812|3832|3851|3871|3891|3910|3930|3950,58267|58517|58833|59150|59533|59900|60267|60633|61033|61417|61817|62217|62617|63017|63400|63783|64167|64533|64850|65184,-719.3;509.1|-720.7;528.1|-720.9;548.0|-718.8;567.4|-714.1;586.9|-706.9;602.6|-696.7;615.9|-683.7;626.2|-667.8;633.3|-649.8;636.3|-631.4;634.7|-613.8;628.4|-598.0;617.9|-584.8;603.8|-575.3;587.4|-569.1;568.8|-566.6;549.4|-567.3;528.9|-570.9;509.8|-576.7;490.5,291|257|224|199|177|166|163|163|164|165|167|169|172|176|181|187|197|205|213|221,100|100|60|44|33|0|0|0|0|0|0|0|0|0|0|0|0|0|0|0,0|0|0|4|6|53|61|71|75|75|76|77|78|80|86|96|100|100|100|100,8|7|7|5|4|4|4|4|4|4|4|4|4|4|4|4|5|5|5|5,-0.0113|-0.0164|-0.0286|-0.0273|-0.0592|-0.1076|-0.1174|-0.1218|-0.1098|-0.1036|-0.1063|-0.0964|-0.0893|-0.0772|-0.0632|-0.0456|-0.0412|-0.0372|-0.0265|0.0001,-0.030;-0.029;-0.033;-0.026|-0.016;-0.014;-0.054;-0.030|-0.018;-0.015;-0.045;-0.016|-0.030;-0.026;-0.034;-0.012|-0.014;-0.017;-0.055;-0.010|0.046;0.014;0.002;0.000|0.049;0.019;0.001;-0.000|0.049;0.018;-0.000;-0.000|0.088;0.030;-0.001;-0.000|0.066;0.025;-0.002;-0.000|0.069;0.026;-0.001;-0.000|0.066;0.025;-0.002;-0.000|0.064;0.026;-0.002;-0.000|0.058;0.024;-0.002;-0.001|0.051;0.023;-0.003;-0.000|0.052;0.026;-0.002;-0.001|0.050;0.026;-0.001;-0.001|0.046;0.026;-0.002;-0.001|0.036;0.027;-0.001;-0.001|0.025;0.025;-0.001;-0.001,0.019|0.053|0.014|-0.029|-0.007|0.001|-0.052|-0.010|0.082|0.010|-0.007|0.013|-0.009|-0.006|-0.037|-0.026|-0.035|0.042|0.009|-0.061,-4.00|-3.09|-2.33|-2.00|-1.58|-0.10|-0.00|0.10|0.27|0.32|0.25|0.33|0.41|0.38|0.52|0.68|0.72|0.74|0.74|0.71,0.3.1
AbuDhabi_Race_Mar20_001_L1,10,True,1,1,0.0,0.0,0,0,1.683,0.0,4053.55,257,6,66717,4131.32,270,7,67767,4164.95,272,7,68234,1.667,0.0,4163.7,272,7,68218,1517,0,100,6.6,3.7,0.0,7.2,0,0,0,0,0,0,0,0,0,0,0,False,0,0,0,False,57|87|73|84,62|82|76|81,66|81|79|81,84|89|91|93,58,30,55,50,4052|4058|4064|4070|4076|4082|4087|4093|4099|4105|4111|4117|4122|4128|4134|4140|4146|4152|4157|4164,66717|66817|66884|66984|67051|67117|67217|67284|67367|67451|67501|67601|67684|67734|67817|67917|67984|68067|68134|68234,-607.5;392.2|-609.0;386.4|-610.6;380.6|-612.1;374.8|-613.2;370.0|-614.6;364.1|-615.8;358.0|-616.9;352.0|-617.7;347.1|-618.5;340.9|-619.0;335.9|-619.5;329.7|-619.7;322.2|-619.7;318.5|-619.5;312.2|-619.1;306.0|-618.6;299.7|-617.9;294.7|-617.0;288.5|-615.8;282.3,257|259|260|261|263|264|266|267|268|268|269|269|270|270|270|271|271|271|272|272,0|0|0|0|0|0|0|0|0|0|0|0|0|0|0|0|0|0|0|0,100|100|100|100|100|100|100|100|100|100|100|100|100|100|100|100|100|100|100|100,6|6|6|6|6|6|7|7|7|7|7|7|7|7|7|7|7|7|7|7,0.0042|0.0058|0.0113|0.0137|0.0153|0.0174|0.0222|0.0244|0.0286|0.0299|0.0304|0.0336|0.0359|0.0341|0.0294|0.0293|0.0301|0.0271|0.0244|0.0287,0.018;0.019;-0.000;-0.000|0.017;0.019;-0.000;-0.000|0.017;0.020;-0.000;-0.000|0.020;0.023;-0.001;-0.001|0.019;0.023;-0.001;-0.001|0.019;0.024;-0.001;-0.001|0.010;0.014;-0.000;-0.000|0.015;0.020;-0.000;-0.000|0.015;0.022;-0.000;-0.000|0.015;0.023;-0.000;-0.000|0.015;0.022;-0.000;-0.000|0.015;0.023;-0.000;-0.000|0.016;0.027;-0.000;-0.000|0.016;0.027;-0.000;-0.000|0.016;0.025;-0.000;-0.000|0.016;0.026;-0.000;-0.000|0.015;0.024;-0.000;-0.000|0.015;0.024;-0.000;-0.000|0.015;0.023;-0.000;-0.000|0.015;0.023;-0.000;-0.000,-0.002|0.005|0.018|0.018|0.014|0.012|0.018|0.018|0.023|0.020|-0.000|0.007|0.003|0.005|-0.024|0.006|-0.011|-0.009|-0.014|-0.009,0.48|0.46|0.44|0.60|0.58|0.56|0.25|0.34|0.29|0.27|0.28|0.24|0.20|0.22|0.23|0.25|0.25|0.26|0.27|0.26,0.3.1
AbuDhabi_Race_Mar20_001_L1,11,True,1,1,0.0,0.0,0,0,1.667,0.0,4166.21,273,7,68251,4196.55,274,7,68634,4247.82,273,7,69301,1.667,0.0,4239.44,276,7,69201,1050,0,91,1.0,0.0,0.0,0.0,0,0,0,0,0,0,0,0,0,0,0,False,0,0,0,False,67|81|79|81,72|81|83|81,79|81|88|82,84|89|91|94,58,30,55,50,4164|4170|4175|4180|4185|4191|4196|4201|4206|4211|4217|4222|4227|4232|4238|4243|4248|4253|4259|4247,68251|68301|68384|68434|68518|68584|68634|68718|68801|68868|68934|68984|69068|69134|69201|69268|69301,-615.6;281.0|-614.5;276.1|-613.3;271.2|-612.0;266.3|-610.1;260.2|-608.8;256.6|-607.1;251.9|-604.7;246.0|-602.6;241.3|-600.4;236.8|-598.1;232.2|-595.6;227.8|-592.4;222.3|-589.6;218.0|-586.8;213.7|-584.5;210.6|-582.3;207.5,273|273|273|273|274|274|274|274|274|274|275|275|275|275|276|275|273,0|0|0|0|0|0|0|0|0|0|0|0|0|0|0|0|15,100|100|100|100|100|100|100|100|100|100|100|100|100|100|91|58|28,7|7|7|7|7|7|7|7|7|7|7|7|7|7|7|7|7,0.0298|0.0305|0.0376|0.0389|0.0368|0.0357|0.0326|0.0310|0.0337|0.0362|0.0336|0.0317|0.0330|0.0331|0.0320|0.0322|0.0307,0.015;0.023;-0.000;-0.000|0.015;0.023;-0.000;-0.000|0.015;0.024;-0.000;-0.000|0.015;0.025;-0.000;-0.000|0.016;0.027;-0.000;-0.000|0.016;0.027;-0.000;-0.000|0.016;0.026;-0.000;-0.000|0.015;0.025;-0.000;-0.000|0.015;0.024;-0.000;-0.000|0.015;0.026;-0.000;-0.000|0.016;0.026;-0.000;-0.000|0.016;0.026;-0.000;-0.000|0.015;0.025;-0.000;-0.000|0.015;0.024;-0.000;-0.000|0.013;0.020;-0.000;-0.000|0.005;0.010;-0.000;0.000|-0.003;-0.001;-0.004;-0.006,-0.013|0.012|0.026|-0.005|0.009|0.006|-0.011|-0.002|-0.007|0.006|-0.009|0.000|0.001|-0.039|-0.035|0.115|0.122,0.26|0.24|0.21|0.19|0.18|0.18|0.19|0.21|0.21|0.20|0.20|0.21|0.21|0.20|0.15|-0.26|-1.00,0.3.1
AbuDhabi_Race_Mar20_001_L1,12,False,1,1,4247.82,273,7,69318,1.667,0.0,4265.4,251,7,69534,4363.52,104,2,71735,4438.6,143,3,73852,1.517,0.0,4411.82,115,2,73085,4534,95,94,0.0,0.0,0.0,7.5,0,0,0,0,0,0,0,0,0,0,0,False,0,0,0,False,79|81|88|82,80|80|83|74,81|73|84|76,85|89|92|94,58,30,55,50,4265|4274|4283|4292|4301|4310|4319|4329|4338|4347|4356|4365|4374|4383|4392|4401|4410|4420|4429|4438,69534|69651|69818|69968|70135|70318|70518|70718|70935|71201|71485|71802|72085|72268|72485|72785|73085|73369|73619|73852,-572.1;195.3|-566.0;188.8|-558.5;181.5|-552.7;176.3|-545.0;169.8|-538.3;164.5|-530.7;158.9|-522.8;153.7|-515.3;149.3|-507.2;145.4|-498.5;142.5|-488.7;141.3|-480.5;142.2|-475.3;143.8|-469.9;146.3|-462.2;152.0|-456.0;159.1|-451.0;166.5|-446.8;174.4|-443.0;182.5,251|233|216|205|190|178|164|149|137|123|110|104|106|107|108|110|115|124|134|143,93|87|68|61|60|54|52|49|43|38|28|0|0|0|0|0|0|0|0|0,0|0|0|0|0|0|0|0|0|0|0|37|46|46|46|53|66|85|90|94,7|7|6|6|5|5|4|4|3|3|2|2|2|2|2|2|2|2|2|3,0.0229|0.0238|0.0178|0.0148|0.0123|0.0163|0.0260|0.0279|0.0351|0.0686|0.1149|0.1441|0.1471|0.1310|0.1231|0.0967|0.0567|0.0342|0.0232|0.0035,-0.026;-0.029;-0.023;-0.053|-0.035;-0.043;-0.025;-0.074|-0.021;-0.024;-0.022;-0.053|-0.027;-0.031;-0.019;-0.033|-0.003;-0.004;-0.019;-0.026|-0.026;-0.028;-0.018;-0.026|-0.024;-0.026;-0.017;-0.032|-0.027;-0.028;-0.015;-0.036|-0.026;-0.026;-0.014;-0.030|-0.005;-0.004;-0.016;-0.047|-0.023;-0.022;-0.013;-0.097|0.012;0.052;-0.000;0.000|0.019;0.083;-0.000;-0.000|0.021;0.079;-0.000;-0.002|0.018;0.074;-0.000;-0.002|0.023;0.078;-0.000;-0.003|0.027;0.065;-0.001;-0.002|0.041;0.077;-0.001;-0.002|0.038;0.060;-0.001;-0.002|0.091;0.107;-0.001;-0.002,0.163|0.045|0.019|-0.022|0.029|-0.007|-0.021|-0.009|-0.010|0.012|-0.023|0.017|0.021|0.093|0.017|0.011|0.002|0.001|0.005|0.027,-3.55|-3.46|-2.21|-2.42|-1.88|-2.11|-2.00|-1.91|-1.70|-1.21|-1.29|0.04|0.20|0.27|0.36|0.39|0.71|1.06|1.09|1.47,0.3.1
AbuDhabi_Race_Mar20_001_L1,13,False,1,1,0.0,0.0,0,0,1.517,0.0,4445.41,150,3,74019,4512.48,130,3,75619,4558.68,137,3,76919,1.633,0.0,0.0,0.0,0,0,2900,0,53,0.0,0.0,0.0,4.2,0,0,0,0,0,0,0,0,0,0,0,False,0,0,0,False,79|72|84|76,77|96|78|81,73|98|75|81,85|89|92|93,58,30,55,50,4445|4451|4456|4462|4468|4474|4480|4486|4492|4498|4504|4510|4516|4522|4528|4534|4539|4545|4551|4558,74019|74135|74302|74436|74569|74702|74852|74969|75119|75252|75419|75569|75752|75936|76086|76286|76419|76586|76769|76919,-440.2;188.7|-437.8;193.9|-434.4;200.1|-431.8;204.2|-428.4;208.6|-424.7;212.5|-420.4;216.5|-416.3;219.5|-412.0;222.2|-407.1;224.8|-402.1;227.0|-396.3;228.9|-390.4;230.2|-383.9;230.9|-377.9;230.8|-371.4;229.9|-366.0;228.8|-360.1;227.0|-354.2;224.9|-348.4;222.4,150|153|152|150|147|143|139|136|134|132|131|130|129|129|129|130|131|133|135|137,0|0|0|0|0|0|0|0|0|0|0|0|0|0|0|0|0|0|0|0,86|54|24|18|16|16|18|23|28|32|41|48|51|51|51|51|51|53|53|53,3|3|3|3|3|3|3|3|3|3|3|3|3|3|3|3|3|3|3|3,-0.0204|-0.0574|-0.1001|-0.1170|-0.1316|-0.1426|-0.1501|-0.1543|-0.1601|-0.1618|-0.1629|-0.1604|-0.1476|-0.1394|-0.1117|-0.0749|-0.0523|-0.0358|-0.0415|-0.0562,0.038;0.030;-0.001;-0.001|0.021;0.011;-0.000;-0.001|0.013;0.000;0.002;0.000|0.014;-0.000;0.005;0.000|0.014;-0.000;0.008;0.001|0.015;0.001;0.008;0.001|0.016;0.001;0.007;0.000|0.019;0.003;0.006;0.001|0.031;0.006;0.006;0.000|0.031;0.007;0.005;0.000|0.050;0.013;0.003;-0.000|0.069;0.017;0.002;-0.000|0.065;0.019;0.000;-0.000|0.064;0.019;-0.000;-0.000|0.061;0.020;-0.002;-0.000|0.035;0.013;-0.022;-0.001|0.024;0.009;-0.002;-0.000|0.022;0.013;-0.001;-0.000|0.023;0.014;-0.000;-0.000|0.038;0.010;-0.000;-0.000,0.031|0.051|0.021|0.015|0.002|0.014|0.018|-0.031|-0.064|-0.054|-0.035|0.038|0.029|0.032|0.036|-0.070|0.055|0.005|0.021|-0.034,0.96|0.27|-0.37|-0.50|-0.58|-0.60|-0.62|-0.46|-0.35|-0.27|-0.15|-0.10|0.00|0.05|0.17|0.28|0.39|0.41|0.35|0.28,0.3.1
AbuDhabi_Race_Mar20_001_L1,14,False,1,1,0.0,0.0,0,0,1.633,0.0,4559.32,137,3,76953,4616.72,142,3,78320,4747.46,217,5,81070,1.767,0.0,4618.82,142,3,78386,4117,0,100,0.0,0.0,0.0,2.6,0,0,0,0,0,0,0,0,0,0,0,False,0,0,0,False,73|98|75|81,70|102|74|85,62|88|77|86,85|90|91|93,58,30,55,50,4558|4568|4578|4588|4598|4608|4618|4627|4637|4647|4657|4667|4677|4687|4697|4707|4716|4726|4736|4747,76953|77203|77469|77736|77936|78153|78370|78620|78870|79103|79337|79570|79787|79970|80170|80387|80553|80720|80904|81070,-347.9;222.1|-339.5;217.3|-331.2;211.0|-323.8;203.5|-318.7;196.6|-314.7;189.7|-311.3;181.9|-308.5;172.3|-307.2;162.2|-307.2;152.3|-308.3;142.2|-310.7;132.0|-313.8;122.3|-317.5;113.3|-321.9;104.2|-327.0;95.0|-332.1;86.4|-337.2;78.6|-343.0;69.7|-348.6;61.5,137|140|141|142|142|142|142|144|149|154|159|165|171|179|185|192|198|205|211|217,0|0|0|0|0|0|0|0|0|0|0|0|0|0|0|0|0|0|0|0,53|53|52|52|52|52|64|77|82|83|88|92|100|100|100|100|100|100|100|100,3|3|3|3|3|3|3|3|3|3|3|3|4|4|4|4|4|5|5|5,-0.0529|-0.0530|-0.0587|-0.0914|-0.1022|-0.1070|-0.0924|-0.0654|-0.0631|-0.0525|-0.0506|-0.0389|-0.0309|-0.0213|-0.0134|-0.0127|-0.0090|-0.0050|-0.0024|-0.0016,0.036;0.013;-0.001;-0.000|0.032;0.013;-0.003;-0.000|0.030;0.012;-0.001;-0.000|0.040;0.012;0.000;-0.000|0.064;0.018;0.000;0.000|0.095;0.028;0.002;-0.000|0.096;0.038;-0.001;-0.000|0.090;0.040;-0.010;-0.001|0.084;0.034;-0.003;-0.001|0.067;0.030;-0.005;-0.001|0.068;0.031;-0.003;-0.001|0.041;0.031;-0.002;-0.001|0.111;0.080;-0.002;-0.001|0.061;0.040;-0.002;-0.001|0.039;0.030;-0.001;-0.001|0.044;0.034;-0.001;-0.001|0.037;0.031;-0.001;-0.001|0.045;0.040;-0.001;-0.001|0.032;0.030;-0.001;-0.001|0.031;0.029;-0.001;-0.001,-0.042|0.011|0.005|0.008|0.016|-0.017|-0.046|0.056|0.025|0.016|-0.005|0.109|0.067|-0.010|-0.019|-0.085|0.011|-0.012|0.013|0.005,0.33|0.30|0.25|0.09|0.15|0.07|0.24|0.62|0.69|0.69|0.77|0.75|1.28|0.95|0.96|0.92|1.06|1.33|0.99|0.95,0.3.1
AbuDhabi_Race_Mar20_001_L1,15,True,1,1,0.0,0.0,0,0,1.8,0.0,4779.42,230,5,81604,4903.3,250,6,83387,5005.7,256,7,84838,1.934,0.0,4893.04,251,6,83271,3234,0,100,4.9,2.9,0.0,3.8,0,0,0,0,0,0,0,0,0,0,0,False,0,0,0,False,60|83|75|83,83|80|88|84,101|79|99|87,85|91|92|94,58,30,55,50,4779|4790|4802|4814|4826|4838|4850|4862|4874|4886|4898|4909|4921|4933|4945|4957|4969|4981|4993|5005,81604|81787|81970|82137|82337|82504|82687|82854|83004|83171|83337|83487|83637|83804|83988|84171|84354|84521|84688|84838,-366.7;34.8|-373.2;24.8|-379.2;14.4|-384.7;3.5|-389.4;-7.9|-393.0;-18.6|-396.3;-30.8|-398.4;-42.2|-399.8;-53.7|-400.3;-65.3|-399.9;-75.8|-398.4;-86.1|-396.1;-96.2|-392.1;-108.2|-387.5;-118.8|-381.4;-129.9|-374.3;-140.4|-367.0;-149.5|-359.2;-158.1|-351.0;-166.7,230|234|238|241|243|246|248|250|251|251|250|249|248|248|248|249|250|251|253|256,0|0|0|0|0|0|0|0|0|0|0|0|0|0|0|0|0|0|0|0,100|100|100|100|100|100|100|100|100|100|100|100|100|100|100|100|100|100|100|100,5|6|6|6|6|6|6|6|6|6|6|6|6|6|6|6|6|7|7|7,0.0126|0.0216|0.0322|0.0322|0.0285|0.0308|0.0349|0.0380|0.0600|0.0794|0.0760|0.0711|0.0733|0.0716|0.0715|0.0528|0.0416|0.0194|0.0052|0.0063,0.020;0.023;-0.001;-0.001|0.021;0.029;-0.001;-0.001|0.019;0.029;-0.000;-0.001|0.019;0.031;-0.000;-0.000|0.018;0.026;-0.000;-0.001|0.019;0.030;-0.000;-0.001|0.017;0.028;-0.000;-0.001|0.018;0.031;-0.000;-0.001|0.021;0.039;-0.000;-0.000|0.020;0.044;-0.000;0.000|0.019;0.043;-0.000;0.000|0.021;0.044;-0.000;-0.000|0.022;0.045;-0.000;-0.000|0.021;0.043;-0.000;-0.000|0.024;0.043;-0.000;-0.001|0.018;0.036;-0.000;-0.001|0.022;0.040;-0.000;-0.001|0.020;0.028;-0.000;-0.000|0.019;0.024;-0.000;-0.001|0.017;0.019;-0.001;-0.001,0.008|0.016|0.022|-0.013|-0.018|0.003|-0.006|0.021|0.025|0.055|0.010|-0.048|-0.029|-0.008|-0.062|0.021|0.026|0.039|-0.043|0.030,0.64|0.83|0.52|0.47|0.47|0.45|0.41|0.37|0.30|0.14|0.04|0.10|0.11|0.20|0.22|0.26|0.30|0.27|0.39|0.49,0.3.1
AbuDhabi_Race_Mar20_001_L1,16,False,1,1,5018.83,256,7,85038,1.966,0.0,5023.56,252,7,85104,5136.41,121,3,87488,5214.82,175,4,89522,2.067,0.0,5151.83,123,3,87938,4484,86,100,1.7,0.0,0.0,0.8,0,0,0,0,0,0,0,0,0,0,0,False,0,0,0,False,98|77|97|85,103|83|95|77,92|73|93|79,87|91|93|94,58,30,55,50,5023|5033|5043|5053|5063|5073|5083|5093|5103|5113|5123|5133|5143|5153|5163|5173|5183|5194|5204|5214,85104|85254|85421|85588|85788|85971|86221|86455|86705|86955|87205|87422|87688|88005|88305|88572|88822|89089|89305|89522,-338.5;-179.4|-331.3;-186.6|-323.6;-193.8|-315.6;-200.8|-307.9;-206.8|-299.7;-212.4|-290.4;-217.5|-281.4;-221.2|-272.0;-223.7|-262.5;-224.8|-254.5;-224.0|-246.8;-222.0|-238.8;-218.0|-230.3;-211.4|-223.1;-203.5|-217.3;-195.3|-212.4;-186.6|-207.4;-176.4|-203.5;-168.3|-199.2;-158.9,252|236|218|199|185|171|157|145|134|125|123|122|121|124|131|139|148|158|166|175,56|86|82|72|52|45|34|31|23|0|0|0|0|0|0|0|0|0|0|0,9|7|5|3|2|2|2|2|2|28|51|50|50|70|77|81|95|100|100|100,7|7|6|6|5|5|4|4|3|3|3|3|3|3|3|3|3|3|4|4,0.0098|0.0107|0.0232|0.0351|0.0418|0.0546|0.0669|0.0715|0.1065|0.1296|0.1291|0.1242|0.0908|0.0592|0.0518|0.0318|0.0170|0.0041|-0.0011|-0.0028,-0.018;-0.018;-0.018;-0.019|-0.035;-0.041;-0.025;-0.026|-0.025;-0.027;-0.028;-0.063|-0.036;-0.042;-0.022;-0.121|-0.016;-0.017;-0.019;-0.172|-0.022;-0.022;-0.014;-0.094|-0.016;-0.017;-0.012;-0.105|-0.020;-0.019;-0.011;-0.095|-0.017;-0.015;-0.010;-0.163|0.003;0.024;0.000;0.002|0.022;0.113;-0.000;0.001|0.035;0.118;-0.001;0.000|0.030;0.094;-0.000;-0.002|0.029;0.075;-0.001;-0.003|0.037;0.087;-0.001;-0.003|0.034;0.082;-0.001;-0.001|0.042;0.058;-0.002;-0.001|0.054;0.044;-0.001;-0.001|0.084;0.071;-0.001;-0.001|0.039;0.038;-0.001;-0.001,-0.004|0.167|0.001|-0.008|-0.083|-0.023|-0.004|-0.011|-0.047|0.138|0.008|-0.077|0.021|-0.009|-0.002|-0.067|-0.001|0.002|-0.003|-0.022,-2.19|-3.50|-2.55|-2.77|-1.46|-1.88|-1.30|-1.41|-1.29|-0.33|-0.06|0.15|0.19|0.64|0.77|0.86|1.04|1.07|1.13|1.06,0.3.1
AbuDhabi_Race_Mar20_001_L2,1,False,1,1,292.63,286,7,3999,2.183,0.0,300.5,279,7,4099,433.81,149,4,6533,516.63,195,5,8383,2.317,0.0,456.62,150,4,7100,4384,78,100,6.5,3.4,0.0,5.2,0,0,0,0,0,0,0,0,0,0,0,False,0,0,0,False,56|52|67|64,69|97|68|82,64|88|73|85,88|91|93|94,58,30,55,50,299|310|322|333|345|356|367|379|390|402|413|425|436|447|459|470|482|493|504|516,4099|4266|4416|4600|4766|4966|5183|5416|5633|5850|6083|6316|6616|6900|7183|7450|7683|7933|8150|8383,-46.7;174.3|-41.9;184.5|-37.3;194.1|-31.8;204.9|-25.9;214.8|-19.8;223.6|-12.1;232.8|-2.7;241.6|5.7;247.4|14.3;251.7|23.8;254.8|33.5;256.5|45.3;256.5|56.9;254.5|68.1;250.6|78.3;245.5|88.2;240.0|98.5;233.8|107.8;228.0|117.5;221.8,279|263|248|231|218|205|192|177|164|156|153|150|149|149|151|158|167|177|186|195,58|78|71|53|43|35|33|29|11|0|0|0|0|0|0|0|0|0|0|0,7|4|4|3|3|3|3|3|8|37|50|53|56|59|70|88|100|100|100|100,7|7|6|6|5|5|4|4|4|4|4|4|4|4|4|4|4|4|4|5,-0.0010|-0.0080|-0.0154|-0.0284|-0.0350|-0.0413|-0.0559|-0.0970|-0.1340|-0.1567|-0.1556|-0.1516|-0.1271|-0.0795|-0.0266|-0.0051|-0.0073|-0.0040|-0.0012|-0.0004,-0.017;-0.017;-0.016;-0.021|-0.028;-0.025;-0.030;-0.033|-0.026;-0.024;-0.026;-0.024|-0.020;-0.019;-0.037;-0.017|-0.018;-0.018;-0.102;-0.013|-0.016;-0.017;-0.036;-0.010|-0.016;-0.017;-0.069;-0.010|-0.016;-0.018;-0.094;-0.011|0.000;-0.009;-0.054;-0.005|0.044;0.009;0.004;0.001|0.047;0.014;0.001;0.000|0.048;0.015;0.001;-0.000|0.053;0.017;0.000;-0.000|0.053;0.018;-0.002;-0.000|0.050;0.025;-0.022;-0.000|0.030;0.026;-0.003;-0.001|0.058;0.047;-0.001;-0.001|0.068;0.060;-0.001;-0.001|0.053;0.046;-0.001;-0.001|0.044;0.043;-0.001;-0.001,0.054|0.092|0.032|-0.048|-0.124|-0.003|-0.019|0.023|0.018|0.072|-0.019|0.007|0.015|-0.035|-0.021|-0.102|0.003|0.003|-0.003|0.023,-2.54|-3.17|-2.88|-2.31|-1.95|-1.73|-1.66|-1.66|-1.21|-0.43|-0.26|-0.08|0.02|0.19|0.39|0.80|1.08|1.23|1.17|1.07,0.3.1
AbuDhabi_Race_Mar20_001_L2,2,True,1,1,0.0,0.0,0,0,2.317,0.0,580.14,230,5,9433,644.96,243,6,10416,716.4,250,6,11416,2.334,0.0,701.41,248,6,11216,1983,0,100,7.8,6.0,0.0,3.1,0,0,0,0,0,0,0,0,0,0,0,False,0,0,0,False,60|79|73|82,63|84|75|87,66|93|79|95,87|91|93|94,58,30,55,50,579|586|594|601|608|615|622|629|636|644|651|658|665|672|679|687|694|701|708|716,9433|9550|9666|9783|9900|10016|10100|10216|10316|10416|10516|10600|10700|10816|10900|11000|11116|11216|11316|11416,170.3;186.6|176.2;181.9|181.9;176.9|186.7;172.5|192.1;167.0|197.4;161.3|201.7;156.2|206.4;150.0|210.2;144.4|213.7;138.6|216.9;132.7|219.3;127.6|222.0;121.4|224.4;115.0|226.4;108.5|228.2;101.9|229.7;95.2|231.0;88.5|232.1;80.5|232.8;73.6,230|232|234|236|238|239|241|242|243|243|243|244|244|245|245|246|247|248|249|250,0|0|0|0|0|0|0|0|0|0|0|0|0|0|0|0|0|0|0|0,100|100|100|100|100|100|100|100|100|100|100|100|100|100|100|100|100|100|100|100,5|6|6|6|6|6|6|6|6|6|6|6|6|6|6|6|6|6|6|6,-0.0224|-0.0286|-0.0251|-0.0272|-0.0212|-0.0338|-0.0369|-0.0411|-0.0464|-0.0408|-0.0347|-0.0415|-0.0421|-0.0379|-0.0351|-0.0389|-0.0346|-0.0314|-0.0253|-0.0187,0.037;0.022;-0.000;-0.001|0.046;0.031;-0.000;-0.001|0.024;0.020;-0.001;-0.000|0.034;0.021;-0.001;-0.000|0.027;0.018;-0.001;-0.000|0.029;0.018;-0.001;-0.001|0.032;0.018;-0.000;-0.000|0.032;0.017;-0.000;-0.000|0.039;0.019;-0.000;-0.000|0.041;0.017;-0.000;-0.000|0.062;0.027;-0.000;-0.000|0.060;0.026;-0.000;-0.000|0.043;0.020;-0.001;-0.000|0.030;0.018;-0.001;-0.000|0.042;0.023;-0.000;-0.000|0.039;0.022;-0.001;-0.000|0.036;0.021;-0.001;-0.000|0.033;0.019;-0.001;-0.000|0.032;0.019;-0.001;-0.000|0.027;0.018;-0.001;-0.000,-0.036|-0.126|0.055|0.037|-0.012|-0.038|0.003|-0.013|-0.048|-0.300|-0.036|0.028|0.200|-0.115|-0.091|-0.035|-0.013|-0.017|-0.038|-0.017,0.39|0.55|0.54|0.58|0.50|0.47|0.44|0.34|0.29|0.26|0.36|0.47|0.15|0.45|0.32|0.36|0.38|0.37|0.40|0.43,0.3.1
AbuDhabi_Race_Mar20_001_L2,3,True,1,1,0.0,0.0,0,0,2.334,0.0,724.57,252,6,11533,843.4,255,6,13149,999.31,268,7,15366,2.383,0.0,838.55,256,6,13083,3833,0,100,1.7,0.0,0.0,0.0,0,0,0,0,0,0,0,0,0,0,0,False,0,0,0,False,65|92|79|94,98|89|96|94,117|84|107|93,88|92|93|95,58,30,55,50,723|738|752|767|781|796|810|825|839|854|868|883|897|912|926|941|955|969|984|999,11533|11733|11933|12149|12349|12516|12716|12933|13099|13299|13516|13716|13916|14133|14333|14549|14749|14949|15166|15366,233.3;65.4|233.6;51.3|233.6;37.0|234.0;22.6|235.6;8.2|238.4;-4.8|242.8;-18.4|248.7;-31.5|255.3;-42.8|263.7;-54.2|273.2;-64.6|284.7;-74.6|296.3;-82.5|308.6;-89.1|322.7;-94.9|337.3;-99.0|351.2;-101.5|365.4;-102.9|379.9;-103.8|394.6;-104.4,252|255|258|260|260|259|258|256|256|254|253|252|252|251|252|252|255|259|263|268,0|0|0|0|0|0|0|0|0|0|0|0|0|0|0|0|0|0|0|0,100|100|100|100|100|100|100|100|100|100|100|100|100|100|100|100|100|100|100|100,6|6|6|6|6|6|6|6|6|6|6|6|6|6|6|6|6|6|6|7,-0.0139|-0.0038|0.0162|0.0454|0.0650|0.0667|0.0728|0.0814|0.0794|0.0787|0.0785|0.0774|0.0773|0.0694|0.0595|0.0489|0.0270|0.0093|0.0017|-0.0060,0.025;0.018;-0.001;-0.000|0.020;0.018;-0.001;-0.000|0.017;0.020;-0.001;-0.000|0.016;0.027;-0.000;-0.000|0.018;0.038;-0.000;0.000|0.020;0.041;-0.000;0.000|0.021;0.044;-0.000;0.000|0.022;0.044;-0.000;0.000|0.021;0.040;-0.000;0.000|0.019;0.040;-0.000;0.000|0.021;0.045;-0.000;0.000|0.022;0.045;-0.000;-0.000|0.022;0.043;-0.000;-0.000|0.021;0.040;-0.000;-0.000|0.019;0.036;-0.000;-0.000|0.022;0.039;-0.000;-0.001|0.023;0.038;-0.000;-0.001|0.022;0.028;-0.001;-0.001|0.022;0.023;-0.001;-0.001|0.023;0.020;-0.001;-0.001,-0.014|0.009|0.022|0.018|-0.004|0.000|-0.001|-0.014|-0.019|-0.002|0.005|-0.011|-0.017|-0.022|-0.001|-0.012|-0.054|-0.029|-0.009|-0.032,0.44|0.46|0.43|0.26|0.08|0.03|0.05|0.06|0.10|0.07|0.07|0.10|0.16|0.20|0.23|0.32|0.55|0.63|0.64|0.58,0.3.1
AbuDhabi_Race_Mar20_001_L2,4,True,1,1,0.0,0.0,0,0,2.383,0.0,1003.11,269,7,15399,1087.67,281,7,16483,1151.74,289,7,17283,2.416,0.0,1036.48,274,7,15849,1884,0,100,5.7,3.8,0.0,0.0,0,0,0,0,0,0,0,0,0,0,0,False,0,0,0,False,116|83|106|93,99|76|94|87,89|71|86|83,89|92|95|96,58,30,55,50,1002|1010|1018|1026|1034|1041|1049|1057|1065|1073|1080|1088|1096|1104|1112|1119|1127|1135|1143|1151,15399|15499|15616|15733|15833|15933|16016|16116|16216|16299|16399|16499|16599|16716|16799|16916|16999|17099|17183|17283,398.4;-104.6|405.8;-105.0|414.6;-105.7|422.2;-106.3|429.7;-107.1|438.6;-108.2|444.9;-109.1|452.5;-110.3|460.2;-111.6|466.5;-112.9|474.1;-114.6|481.7;-116.4|489.3;-118.5|496.8;-120.7|504.4;-123.0|511.9;-125.5|518.1;-127.7|525.6;-130.5|533.1;-133.3|540.6;-136.3,269|270|272|273|274|276|277|278|279|280|281|282|283|284|284|285|286|287|288|289,0|0|0|0|0|0|0|0|0|0|0|0|0|0|0|0|0|0|0|0,100|100|100|100|100|100|100|100|100|100|100|100|100|100|100|100|100|100|100|100,7|7|7|7|7|7|7|7|7|7|7|7|7|7|7|7|7|7|7|7,-0.0074|-0.0105|-0.0093|-0.0087|-0.0083|-0.0138|-0.0138|-0.0109|-0.0132|-0.0137|-0.0127|-0.0127|-0.0110|-0.0106|-0.0099|-0.0091|-0.0073|-0.0053|-0.0039|-0.0031,0.021;0.017;-0.000;-0.000|0.020;0.016;-0.000;-0.000|0.021;0.015;-0.000;-0.000|0.019;0.016;-0.000;-0.000|0.019;0.015;-0.000;-0.000|0.020;0.015;-0.000;-0.000|0.022;0.016;-0.000;-0.000|0.018;0.015;-0.000;-0.000|0.019;0.015;-0.000;-0.000|0.019;0.015;-0.000;-0.000|0.018;0.015;-0.000;-0.000|0.018;0.014;-0.000;-0.000|0.017;0.014;-0.000;-0.000|0.017;0.014;-0.000;-0.000|0.017;0.014;-0.000;-0.000|0.017;0.014;-0.000;-0.000|0.017;0.015;-0.000;-0.000|0.016;0.014;-0.000;-0.000|0.015;0.014;-0.000;-0.000|0.015;0.014;-0.000;-0.000,0.009|-0.009|-0.136|0.056|0.003|-0.010|-0.024|-0.045|-0.002|0.008|-0.015|0.018|0.017|0.031|0.024|0.004|-0.002|0.029|0.040|0.018,0.42|0.40|0.31|0.41|0.37|0.36|0.33|0.32|0.33|0.32|0.30|0.31|0.30|0.30|0.29|0.28|0.28|0.28|0.27|0.26,0.3.1
AbuDhabi_Race_Mar20_001_L2,5,False,1,1,1306.86,299,8,19193,2.4,0.0,1313.75,295,8,19276,1456.45,99,2,22143,1581.33,188,4,25510,2.75,0.0,1507.73,112,2,23693,6317,100,100,3.1,0.0,0.0,7.3,0,0,0,0,0,0,0,0,0,0,0,False,0,0,0,False,70|60|73|71,76|81|69|77,66|79|77|84,90|92|95|96,58,30,55,50,1313|1327|1341|1355|1369|1383|1397|1412|1426|1440|1454|1468|1482|1496|1510|1524|1538|1552|1566|1581,19276|19460|19660|19876|20126|20393|20676|21026|21360|21726|22076|22443|22826|23310|23776|24226|24593|24910|25226|25510,689.9;-199.5|703.1;-205.4|716.1;-211.3|728.6;-217.5|741.2;-224.5|752.9;-232.2|763.8;-241.1|773.4;-251.2|780.4;-262.1|784.4;-272.7|785.5;-283.2|783.7;-292.7|778.4;-302.6|768.5;-311.6|755.1;-317.4|740.7;-320.1|726.7;-320.7|712.4;-320.6|698.4;-319.9|684.0;-318.8,295|271|244|219|198|179|160|141|125|110|100|100|102|105|114|129|145|162|176|188,55|100|100|75|57|49|43|35|29|21|0|0|0|0|0|0|0|0|0|0,12|6|5|5|5|5|5|5|5|5|36|47|48|50|74|85|100|100|100|100,8|8|7|7|6|5|4|4|3|2|2|2|2|2|2|2|3|3|4|4,-0.0029|-0.0040|-0.0091|-0.0149|-0.0249|-0.0297|-0.0501|-0.0666|-0.0848|-0.1341|-0.1783|-0.1727|-0.1421|-0.0840|-0.0518|-0.0277|-0.0066|-0.0077|-0.0077|-0.0038,-0.014;-0.014;-0.014;-0.014|-0.028;-0.027;-0.030;-0.028|-0.017;-0.016;-0.040;-0.031|-0.032;-0.030;-0.038;-0.022|-0.024;-0.024;-0.031;-0.016|-0.019;-0.019;-0.040;-0.014|-0.061;-0.050;-0.077;-0.016|-0.025;-0.023;-0.086;-0.013|-0.023;-0.022;-0.094;-0.014|-0.015;-0.013;-0.104;-0.011|0.091;0.016;0.001;0.000|0.080;0.022;-0.005;-0.000|0.096;0.023;-0.001;-0.000|0.109;0.033;-0.004;-0.000|0.077;0.034;-0.002;-0.001|0.076;0.040;-0.002;-0.001|0.074;0.055;-0.002;-0.001|0.056;0.049;-0.001;-0.001|0.052;0.044;-0.001;-0.001|0.036;0.040;-0.001;-0.001,-0.019|0.038|0.021|0.001|-0.009|-0.016|-0.030|-0.037|-0.034|-0.028|-0.033|0.117|-0.021|0.033|0.014|0.001|-0.027|-0.003|-0.001|-0.033,-2.31|-3.88|-3.31|-2.95|-2.25|-1.98|-1.80|-1.52|-1.28|-1.16|-0.12|0.17|0.25|0.37|0.88|1.10|1.35|1.32|1.38|1.15,0.3.1
AbuDhabi_Race_Mar20_001_L2,6,False,1,1,2525.09,319,8,37193,3.0,0.0,2530.96,313,8,37276,2678.89,74,2,40793,2697.7,89,2,41659,3.15,0.0,2690.27,80,2,41326,4466,100,72,30.4,25.2,0.0,11.2,1,0,0,0,1,0,0,0,0,0,0,False,0,0,0,False,46|47|57|57,71|83|65|73,69|81|66|74,90|92|95|97,58,30,55,50,2530|2539|2548|2556|2565|2574|2583|2592|2600|2609|2618|2627|2635|2644|2653|2662|2671|2679|2688|2697,37276|37360|37493|37610|37726|37860|37993|38143|38309|38493|38709|38959|39226|39543|39893|40143|40443|40843|41259|41659,-264.8;-305.7|-273.3;-305.7|-284.1;-305.7|-291.7;-305.7|-300.0;-305.8|-309.0;-305.8|-317.4;-305.9|-326.0;-305.9|-334.8;-306.0|-344.1;-306.0|-352.3;-305.9|-361.4;-305.3|-370.0;-304.0|-378.9;-301.2|-386.9;-296.5|-391.3;-292.0|-394.3;-286.5|-395.6;-278.3|-393.5;-269.5|-389.7;-261.3,313|299|280|266|250|234|217|199|179|157|138|123|112|102|89|81|76|74|78|89,100|100|100|100|100|100|100|100|100|88|72|41|23|13|7|0|0|0|0|0,12|0|0|0|0|0|0|0|0|0|0|0|0|0|0|16|31|35|58|72,8|8|8|8|8|7|7|6|6|5|5|4|3|2|2|2|2|2|2|2,-0.0010|0.0014|0.0006|0.0007|0.0007|0.0017|-0.0002|-0.0018|-0.0061|-0.0116|-0.0273|-0.0629|-0.1152|-0.1709|-0.2567|-0.2839|-0.2347|-0.1362|-0.0487|-0.0172,-0.025;-0.025;-0.028;-0.027|-0.029;-0.029;-0.028;-0.028|-0.032;-0.032;-0.030;-0.031|-0.034;-0.034;-0.032;-0.034|-0.036;-0.037;-0.034;-0.035|-0.037;-0.038;-0.040;-0.041|-0.049;-0.049;-0.043;-0.044|-0.035;-0.035;-0.063;-0.059|-0.096;-0.093;-0.083;-0.059|-0.080;-0.074;-0.316;-0.044|-0.088;-0.079;-0.781;-0.030|-0.025;-0.024;-1.000;-0.016|-0.013;-0.017;-0.987;-0.011|0.004;-0.006;-0.424;-0.011|0.019;-0.010;-0.029;-0.007|0.062;0.003;0.000;-0.000|0.154;0.018;0.002;0.000|0.146;0.026;0.000;0.000|0.040;0.019;-0.001;-0.001|0.064;0.037;-0.001;-0.001,0.024|-0.002|0.002|0.009|0.001|0.006|0.003|-0.010|-0.008|0.009|0.003|-0.011|0.009|0.020|-0.002|-0.034|-0.037|-0.051|0.008|-0.004,-3.79|-4.03|-3.93|-3.86|-3.80|-3.63|-3.63|-2.98|-3.27|-2.92|-2.36|-1.55|-1.20|-0.74|-0.93|-0.67|-0.25|0.02|0.60|0.88,0.3.1
AbuDhabi_Race_Mar20_001_L2,7,False,1,1,0.0,0.0,0,0,3.15,0.0,2698.54,90,2,41693,2735.05,90,2,42826,2766.52,109,2,44076,3.217,0.0,2756.64,96,2,43726,2383,0,88,0.0,0.0,0.0,1.3,0,0,0,0,0,0,0,0,0,0,0,False,0,0,0,False,69|80|66|74,76|78|72|73,77|75|76|75,89|92|95|96,58,30,55,50,2698|2701|2705|2709|2712|2716|2719|2723|2727|2730|2734|2737|2741|2744|2748|2752|2755|2759|2762|2766,41693|41826|41959|42076|42209|42326|42443|42543|42643|42709|42826|42926|43093|43259|43393|43543|43693|43826|43959|44076,-389.3;-260.6|-387.8;-257.5|-386.2;-254.3|-384.7;-250.8|-383.5;-247.3|-382.7;-244.1|-382.3;-241.0|-382.2;-238.3|-382.3;-236.2|-382.5;-234.4|-383.0;-231.1|-383.6;-228.7|-385.1;-224.9|-386.9;-221.7|-389.0;-218.7|-391.5;-215.9|-394.0;-213.5|-396.7;-211.1|-399.7;-208.7|-402.5;-206.7,90|95|99|101|100|98|96|94|93|92|90|88|87|87|89|92|95|99|104|109,0|0|0|0|0|0|0|0|0|0|0|0|0|0|0|0|0|0|0|0,72|70|58|33|24|22|19|18|18|18|19|26|40|47|50|55|62|75|85|91,2|2|2|2|2|2|2|2|2|2|2|2|2|2|2|2|2|2|2|2,-0.0132|0.0103|0.0523|0.1245|0.1841|0.1968|0.1747|0.1635|0.1508|0.1578|0.1399|0.1397|0.1186|0.1111|0.0975|0.0721|0.0551|0.0360|0.0210|0.0126,0.066;0.041;-0.001;-0.001|0.037;0.041;-0.001;-0.001|0.022;0.036;-0.001;-0.001|0.008;0.030;-0.001;0.001|0.005;0.051;0.000;0.002|0.008;0.091;0.000;0.002|0.011;0.103;0.001;0.002|0.010;0.113;0.001;0.001|0.023;0.111;0.005;0.007|0.024;0.128;0.001;0.005|0.024;0.088;0.001;0.026|0.030;0.095;0.000;0.035|0.035;0.100;-0.000;0.018|0.024;0.091;-0.001;-0.003|0.020;0.077;-0.000;-0.001|0.024;0.099;-0.001;-0.001|0.032;0.106;-0.001;-0.001|0.049;0.106;-0.001;-0.002|0.062;0.096;-0.001;-0.002|0.078;0.091;-0.001;-0.002,-0.002|-0.026|-0.029|-0.027|-0.030|-0.052|-0.075|-0.371|0.241|-0.072|0.077|0.070|0.038|0.030|0.017|-0.017|-0.022|0.007|0.014|0.053,0.94|0.93|0.71|0.08|-0.26|-0.38|-0.36|-0.54|-0.16|-0.37|-0.26|-0.19|0.12|0.30|0.45|0.55|0.75|1.02|1.18|1.27,0.3.1
AbuDhabi_Race_Mar20_001_L2,8,True,1,1,0.0,0.0,0,0,3.217,0.0,2791.55,143,3,44793,2914.81,232,6,47059,3092.19,284,7,49476,3.033,0.0,2838.8,189,4,45793,4683,0,100,2.7,2.7,0.0,1.3,0,0,0,0,0,0,0,0,0,0,0,False,0,0,0,False,73|71|81|80,63|63|81|81,56|57|72|75,89|92|95|96,58,30,55,50,2791|2807|2822|2838|2854|2870|2886|2901|2917|2933|2949|2964|2980|2996|3012|3028|3043|3059|3075|3092,44793|45143|45476|45793|46093|46359|46609|46859|47109|47343|47559|47776|48009|48226|48426|48659|48843|49043|49276|49476,-423.3;-192.5|-436.2;-183.8|-448.9;-174.7|-461.0;-165.4|-473.6;-155.1|-485.1;-145.0|-495.9;-134.6|-507.4;-122.6|-517.0;-111.2|-526.2;-98.8|-535.1;-85.8|-543.1;-73.0|-551.3;-58.7|-558.1;-45.9|-565.0;-31.6|-571.6;-16.9|-577.6;-2.9|-583.4;11.3|-590.0;28.2|-595.2;41.6,143|161|176|189|201|211|219|227|234|240|247|252|257|262|266|270|274|277|281|284,0|0|0|0|0|0|0|0|0|0|0|0|0|0|0|0|0|0|0|0,100|100|100|100|100|100|100|100|100|100|100|100|100|100|100|100|100|100|100|100,3|3|4|4|5|5|5|5|6|6|6|6|6|6|7|7|7|7|7|7,-0.0066|-0.0055|-0.0070|-0.0074|-0.0085|-0.0102|-0.0137|-0.0168|-0.0129|-0.0101|-0.0117|-0.0111|-0.0100|-0.0091|-0.0063|-0.0055|-0.0050|-0.0028|-0.0019|-0.0014,0.058;0.056;-0.001;-0.001|0.047;0.063;-0.002;-0.001|0.063;0.047;-0.001;-0.001|0.051;0.039;-0.001;-0.001|0.047;0.035;-0.001;-0.001|0.039;0.030;-0.001;-0.001|0.033;0.027;-0.001;-0.001|0.033;0.025;-0.001;-0.001|0.034;0.025;-0.001;-0.001|0.028;0.023;-0.001;-0.001|0.030;0.023;-0.001;-0.001|0.030;0.022;-0.001;-0.001|0.027;0.020;-0.001;-0.001|0.022;0.019;-0.001;-0.001|0.021;0.019;-0.001;-0.000|0.021;0.019;-0.001;-0.001|0.020;0.019;-0.001;-0.000|0.020;0.019;-0.001;-0.000|0.019;0.019;-0.000;-0.000|0.019;0.018;-0.000;-0.000,0.011|-0.085|0.016|0.013|-0.002|-0.002|0.018|0.001|-0.009|0.001|0.008|0.010|-0.015|-0.026|-0.002|0.015|0.004|-0.001|-0.003|-0.004,1.36|1.29|1.32|1.13|1.18|1.00|1.03|0.86|0.93|0.78|0.73|0.69|0.64|0.61|0.57|0.54|0.52|0.50|0.47|0.45,0.3.1
AbuDhabi_Race_Mar20_001_L2,9,False,1,1,3561.6,314,8,54974,3.167,0.0,3577.22,295,8,55174,3715.73,161,4,57507,3950.76,223,5,62057,3.434,0.0,3708.93,162,4,57374,7083,100,100,25.8,22.0,0.0,6.1,0,0,0,0,0,0,0,0,0,0,0,False,0,0,0,False,48|49|58|62,65|90|65|80,65|116|82|103,89|92|95|97,58,30,55,50,3576|3596|3615|3635|3655|3674|3694|3714|3733|3753|3773|3792|3812|3832|3851|3871|3891|3910|3930|3950,55174|55424|55691|56041|56391|56741|57107|57491|57874|58291|58691|59107|59507|59891|60274|60674|61024|61391|61724|62057,-719.1;508.7|-720.4;528.0|-720.3;547.4|-718.3;567.6|-713.8;586.9|-707.1;602.3|-697.1;615.8|-683.7;626.7|-668.1;633.8|-649.6;636.9|-631.4;635.2|-613.3;628.7|-597.7;618.1|-585.2;604.4|-575.6;587.8|-569.3;568.9|-566.6;549.0|-567.4;528.2|-571.0;510.0|-576.8;490.5,295|262|233|207|182|167|163|162|162|163|165|168|172|177|183|192|201|207|214|223,100|94|62|50|38|0|0|0|0|0|0|0|0|0|0|0|0|0|0|0,10|8|8|8|8|37|59|69|73|77|78|80|84|90|96|100|100|100|100|100,8|7|6|5|4|4|4|4|4|4|4|4|4|4|4|4|5|5|5|5,-0.0106|-0.0205|-0.0194|-0.0266|-0.0670|-0.1136|-0.1258|-0.1280|-0.1209|-0.1142|-0.1108|-0.1011|-0.0887|-0.0767|-0.0584|-0.0387|-0.0535|-0.0454|-0.0168|-0.0009,-0.029;-0.028;-0.031;-0.027|-0.037;-0.029;-0.047;-0.025|-0.025;-0.021;-0.030;-0.016|-0.013;-0.014;-0.046;-0.015|0.014;0.005;-0.104;-0.013|0.028;0.007;0.002;0.000|0.047;0.017;0.001;-0.000|0.053;0.019;0.000;-0.000|0.080;0.028;-0.000;-0.000|0.073;0.028;-0.002;-0.000|0.082;0.031;-0.002;-0.001|0.074;0.029;-0.002;-0.000|0.077;0.032;-0.004;-0.001|0.073;0.032;-0.004;-0.001|0.072;0.033;-0.004;-0.001|0.054;0.028;-0.002;-0.001|0.050;0.026;-0.001;-0.001|0.060;0.031;-0.002;-0.001|0.033;0.029;-0.001;-0.001|0.031;0.028;-0.001;-0.001,0.024|0.051|0.012|-0.016|0.005|-0.010|-0.048|0.004|0.074|0.004|-0.008|0.008|-0.011|-0.056|-0.000|-0.024|-0.048|0.083|0.034|-0.083,-3.97|-3.71|-2.54|-1.50|-1.07|-0.42|-0.05|0.05|0.22|0.33|0.30|0.39|0.49|0.51|0.72|0.75|0.65|0.67|0.72|0.94,0.3.1
AbuDhabi_Race_Mar20_001_L2,10,True,1,1,0.0,0.0,0,0,3.484,0.0,4054.15,264,6,63574,4162.19,273,7,65007,4164.7,273,7,65041,3.484,0.0,4163.44,273,7,65024,1467,0,100,9.4,7.2,0.0,6.3,0,0,0,0,0,0,0,0,0,0,0,False,0,0,0,False,58|92|76|90,74|86|85|86,75|86|86|86,89|95|95|98,58,30,55,50,4052|4058|4064|4070|4076|4082|4087|4093|4099|4105|4111|4117|4122|4128|4134|4140|4146|4152|4157|4164,63574|63624|63724|63791|63874|63957|64041|64107|64191|64241|64341|64407|64491|64574|64641|64724|64807|64891|64957|65041,-606.7;391.4|-608.0;386.7|-609.6;380.7|-611.1;374.7|-612.3;369.9|-613.7;363.8|-615.0;357.7|-616.0;352.7|-617.1;346.5|-617.9;341.5|-618.8;335.3|-619.3;330.2|-619.9;323.9|-620.2;317.5|-620.4;311.2|-620.3;306.1|-620.0;299.7|-619.4;293.4|-618.7;288.3|-617.7;282.1,264|265|266|268|269|270|271|271|272|273|274|274|275|275|275|275|274|274|273|273,0|0|0|0|0|0|0|0|0|0|0|0|0|0|0|0|0|0|0|0,100|100|100|100|100|100|100|100|100|100|100|100|100|100|100|100|100|100|100|100,6|7|7|7|7|7|7|7|7|7|7|7|7|7|7|7|7|7|7|7,0.0052|0.0069|0.0084|0.0113|0.0130|0.0142|0.0169|0.0172|0.0178|0.0214|0.0253|0.0275|0.0317|0.0379|0.0464|0.0552|0.0566|0.0550|0.0552|0.0513,0.020;0.022;-0.001;-0.001|0.023;0.025;-0.001;-0.001|0.017;0.019;-0.000;-0.000|0.016;0.019;-0.000;-0.000|0.015;0.018;-0.000;-0.000|0.016;0.019;-0.000;-0.000|0.015;0.018;-0.000;-0.000|0.015;0.019;-0.000;-0.000|0.015;0.019;-0.000;-0.000|0.015;0.020;-0.000;-0.000|0.014;0.020;-0.000;-0.000|0.014;0.021;-0.000;-0.000|0.014;0.022;-0.000;-0.000|0.016;0.026;-0.000;-0.000|0.015;0.027;-0.000;-0.000|0.016;0.031;-0.000;0.000|0.016;0.032;-0.000;0.000|0.019;0.038;-0.000;0.000|0.021;0.042;-0.000;0.000|0.015;0.029;-0.000;-0.000,0.004|0.003|0.016|0.014|0.008|0.012|0.007|0.009|0.011|0.014|0.021|0.017|0.013|0.034|0.005|0.028|-0.027|0.116|0.231|-0.369,0.61|0.74|0.40|0.40|0.39|0.37|0.36|0.34|0.33|0.30|0.29|0.26|0.22|0.18|0.11|0.07|0.04|-0.02|-0.00|0.04,0.3.1
AbuDhabi_Race_Mar20_001_L2,11,True,1,1,0.0,0.0,0,0,3.484,0.0,4165.96,272,7,65057,4165.96,272,7,65057,4247.94,272,7,66124,3.467,0.0,4239.66,274,7,66024,1067,0,100,1.0,0.0,0.0,0.0,0,0,0,0,0,0,0,0,0,0,0,False,0,0,0,False,75|86|86|87,75|86|86|87,89|86|95|88,89|95|95|98,58,30,55,50,4164|4170|4175|4180|4185|4191|4196|4201|4206|4211|4217|4222|4227|4232|4238|4243|4248|4253|4259|4247,65057|65108|65191|65241|65324|65391|65458|65541|65608|65674|65758|65824|65891|65941|66024|66091|66124,-617.4;280.9|-616.3;275.9|-615.1;271.0|-613.7;266.2|-612.2;261.4|-610.5;256.6|-608.2;250.8|-605.6;245.0|-604.0;241.5|-601.8;237.0|-598.8;231.5|-596.2;227.1|-592.9;221.7|-590.8;218.5|-587.9;214.4|-584.8;210.3|-582.5;207.3,272|272|272|272|272|272|272|272|272|273|273|273|274|274|274|274|272,0|0|0|0|0|0|0|0|0|0|0|0|0|0|0|0|13,100|100|100|100|100|100|100|100|100|100|100|100|100|100|100|65|30,7|7|7|7|7|7|7|7|7|7|7|7|7|7|7|7|7,0.0497|0.0444|0.0434|0.0425|0.0357|0.0353|0.0428|0.0416|0.0305|0.0283|0.0346|0.0330|0.0283|0.0301|0.0328|0.0372|0.0382,0.016;0.029;-0.000;-0.000|0.024;0.041;-0.000;-0.000|0.019;0.029;-0.000;-0.000|0.019;0.031;-0.000;-0.000|0.018;0.031;-0.000;-0.000|0.018;0.022;-0.000;-0.001|0.018;0.029;-0.000;-0.000|0.015;0.027;-0.000;-0.000|0.015;0.026;-0.000;-0.000|0.016;0.027;-0.000;-0.000|0.016;0.026;-0.000;-0.000|0.016;0.026;-0.000;-0.000|0.016;0.025;-0.000;-0.000|0.015;0.024;-0.000;-0.000|0.015;0.022;-0.000;-0.000|0.007;0.013;-0.000;-0.000|-0.003;-0.000;-0.003;-0.005,-0.360|-0.023|-0.037|0.075|-0.144|-0.285|0.019|0.025|-0.017|-0.006|-0.005|-0.008|0.003|-0.021|-0.019|0.013|-0.004,0.02|0.11|0.14|0.19|0.18|0.09|0.17|0.19|0.22|0.22|0.22|0.22|0.24|0.24|0.23|-0.10|-1.03,0.3.1
AbuDhabi_Race_Mar20_001_L2,12,False,1,1,4247.94,272,7,66141,3.467,0.0,4265.44,252,7,66358,4366.17,106,2,68558,4438.42,141,3,70625,3.517,0.0,4412.63,114,2,69892,4484,77,92,0.1,0.0,0.0,7.5,1,0,1,0,0,0,0,0,0,0,0,False,0,0,0,False,89|86|95|88,89|84|88|78,89|77|89|79,90|95|96|98,58,30,55,50,4265|4274|4283|4292|4301|4310|4319|4329|4338|4347|4356|4365|4374|4383|4392|4401|4410|4420|4429|4438,66358|66474|66641|66791|66941|67108|67291|67491|67708|67975|68225|68558|68808|68992|69225|69525|69842|70109|70375|70625,-572.0;195.4|-565.5;189.1|-558.3;182.7|-551.4;176.9|-544.7;171.6|-537.0;165.7|-529.8;160.4|-522.4;155.3|-514.9;150.5|-506.6;146.2|-498.2;143.1|-488.7;141.5|-480.8;142.0|-475.5;143.2|-469.0;146.0|-461.5;151.1|-455.1;157.8|-450.1;165.5|-445.6;173.7|-441.9;181.7,252|237|223|210|198|183|168|155|142|127|115|107|106|107|108|110|113|121|131|141,77|72|64|60|64|67|59|49|47|39|25|0|0|0|0|0|0|0|0|0,12|10|6|6|6|5|5|5|5|5|5|27|44|46|47|51|58|80|92|92,7|7|6|6|5|5|4|4|3|3|2|2|2|2|2|2|2|2|2|3,0.0279|0.0177|0.0103|0.0065|0.0061|0.0111|0.0136|0.0199|0.0446|0.0830|0.1196|0.1588|0.1567|0.1403|0.1309|0.0984|0.0547|0.0295|0.0222|0.0074,-0.022;-0.029;-0.018;-0.038|-0.025;-0.035;-0.020;-0.047|-0.024;-0.027;-0.018;-0.029|-0.024;-0.027;-0.019;-0.026|-0.005;-0.006;-0.020;-0.024|-0.030;-0.034;-0.024;-0.032|0.003;0.004;-0.022;-0.032|-0.024;-0.025;-0.017;-0.025|-0.023;-0.026;-0.016;-0.084|-0.025;-0.027;-0.016;-0.098|-0.015;-0.020;-0.013;-0.163|0.006;0.037;0.000;0.002|0.016;0.054;-0.000;-0.002|0.015;0.058;-0.000;-0.001|0.023;0.104;-0.000;-0.000|0.032;0.106;-0.000;-0.003|0.029;0.079;-0.000;-0.004|0.037;0.064;-0.001;-0.002|0.042;0.064;-0.001;-0.002|0.090;0.110;-0.001;-0.002,0.117|0.024|-0.019|-0.032|0.021|-0.005|0.022|0.004|-0.048|0.005|-0.024|0.016|-0.011|0.164|-0.015|0.011|0.006|0.005|0.002|0.024,-3.31|-2.90|-2.61|-2.37|-2.05|-2.45|-1.27|-1.83|-1.79|-1.58|-1.21|-0.20|0.14|0.24|0.15|0.27|0.56|1.02|1.13|1.44,0.3.1
AbuDhabi_Race_Mar20_001_L2,13,False,1,1,0.0,0.0,0,0,3.517,0.0,4445.13,148,3,70792,4521.6,128,3,72659,4558.01,125,3,73726,3.416,0.0,0.0,0.0,0,0,2934,0,52,0.0,0.0,0.0,4.3,0,0,0,0,0,0,0,0,0,0,0,False,0,0,0,False,87|76|89|79,83|104|82|85,80|103|79|83,90|95|96|98,58,30,55,50,4445|4451|4456|4462|4468|4474|4480|4486|4492|4498|4504|4510|4516|4522|4528|4534|4539|4545|4551|4558,70792|70942|71059|71192|71342|71459|71592|71726|71876|71992|72159|72309|72509|72676|72859|73026|73226|73376|73576|73726,-439.2;187.9|-436.5;193.6|-433.9;198.6|-430.8;203.4|-427.5;207.9|-423.9;212.1|-419.9;215.8|-415.8;219.1|-411.6;222.0|-407.2;224.6|-402.2;227.1|-396.4;229.4|-390.0;231.2|-383.5;232.1|-377.6;232.3|-371.2;231.8|-365.0;230.6|-359.5;229.1|-353.7;226.9|-348.5;224.4,148|152|154|153|150|147|144|140|138|135|134|132|130|128|126|124|123|122|123|125,0|0|0|0|0|0|0|0|0|0|0|0|0|0|0|0|0|0|0|0,89|76|50|29|24|22|21|21|22|29|37|39|41|39|29|24|24|31|44|53,3|3|3|3|3|3|3|3|3|3|3|3|3|3|3|3|3|3|3|3,-0.0219|-0.0499|-0.0774|-0.1105|-0.1282|-0.1432|-0.1557|-0.1607|-0.1726|-0.1790|-0.1841|-0.1848|-0.1813|-0.1777|-0.1470|-0.0922|-0.0694|-0.0575|-0.0516|-0.0453,0.042;0.032;-0.001;-0.001|0.040;0.021;-0.001;-0.001|0.028;0.010;-0.000;-0.000|0.017;0.003;0.003;0.000|0.018;0.002;0.006;0.001|0.020;0.002;0.006;0.001|0.023;0.004;0.009;0.001|0.017;0.003;0.006;0.001|0.024;0.004;0.008;0.001|0.024;0.006;0.007;0.001|0.039;0.009;0.004;0.000|0.049;0.011;0.004;0.000|0.049;0.012;0.003;0.000|0.048;0.012;0.003;0.000|0.046;0.008;0.004;-0.000|0.007;0.007;-0.000;0.000|0.025;0.002;0.000;-0.000|0.018;0.006;-0.000;0.000|0.022;0.012;-0.001;-0.000|0.064;0.016;-0.000;-0.001,0.041|0.029|0.024|0.008|0.009|0.046|-0.018|-0.063|-0.059|-0.060|-0.038|0.030|0.028|0.030|0.257|-0.078|0.033|-0.048|0.019|-0.132,1.00|0.64|0.12|-0.35|-0.48|-0.56|-0.56|-0.49|-0.41|-0.36|-0.25|-0.29|-0.22|-0.20|-0.51|-0.08|-0.16|-0.01|0.24|0.33,0.3.1
AbuDhabi_Race_Mar20_001_L2,14,False,1,1,0.0,0.0,0,0,3.416,0.0,4559.15,125,3,73776,4622.83,143,3,75393,4746.93,220,5,77977,3.584,0.0,4580.26,134,3,74393,4201,0,100,0.0,0.0,0.0,2.5,0,0,0,0,0,0,0,0,0,0,0,False,0,0,0,False,80|103|79|83,75|105|79|89,66|89|83|92,90|95|96|98,58,30,55,50,4558|4568|4578|4588|4598|4608|4618|4627|4637|4647|4657|4667|4677|4687|4697|4707|4716|4726|4736|4746,73776|74059|74343|74626|74860|75060|75293|75510|75776|76010|76260|76477|76710|76893|77110|77293|77460|77627|77794|77977,-347.4;223.9|-338.9;218.6|-330.9;212.1|-323.6;204.3|-318.4;196.9|-314.6;190.0|-311.1;181.4|-308.8;172.4|-307.7;162.6|-308.2;152.6|-309.7;142.8|-311.9;132.6|-314.8;122.8|-318.1;113.5|-322.1;104.0|-326.3;95.1|-331.0;86.1|-335.8;77.8|-341.0;69.4|-346.5;61.0,125|129|133|138|140|142|143|143|142|147|156|165|173|181|189|196|203|209|215|220,0|0|0|0|0|0|0|0|0|0|0|0|0|0|0|0|0|0|0|0,53|56|63|67|67|67|68|65|66|94|100|100|100|100|100|100|100|100|100|100,3|3|3|3|3|3|3|3|3|3|3|4|4|4|4|5|5|5|5|5,-0.0499|-0.0531|-0.0551|-0.0884|-0.0832|-0.0841|-0.0910|-0.0496|-0.0253|-0.0169|-0.0237|-0.0252|-0.0220|-0.0195|-0.0168|-0.0149|-0.0136|-0.0114|-0.0085|-0.0080,0.077;0.016;0.000;-0.001|0.049;0.018;0.000;-0.003|0.039;0.019;-0.001;-0.001|0.065;0.023;-0.002;-0.000|0.082;0.029;-0.004;-0.000|0.129;0.051;-0.001;-0.001|0.139;0.065;0.001;-0.000|0.141;0.072;-0.003;-0.000|0.102;0.047;-0.003;-0.000|0.077;0.045;-0.005;-0.001|0.063;0.040;-0.002;-0.001|0.088;0.051;-0.002;-0.001|0.058;0.037;-0.002;-0.001|0.055;0.048;-0.002;-0.001|0.042;0.038;-0.001;-0.001|0.050;0.040;-0.001;-0.001|0.053;0.038;-0.001;-0.001|0.038;0.031;-0.001;-0.001|0.032;0.027;-0.001;-0.001|0.033;0.028;-0.001;-0.001,-0.132|-0.404|-0.016|0.009|-0.014|-0.000|-0.022|0.075|0.037|0.049|-0.011|-0.021|0.019|0.073|0.057|-0.005|-0.102|-0.043|0.044|0.005,0.22|0.14|0.49|0.40|0.37|0.33|0.24|0.34|0.30|1.06|1.12|1.27|1.03|1.14|1.10|1.16|1.02|0.97|0.96|0.93,0.3.1
AbuDhabi_Race_Mar20_001_L2,15,True,1,1,0.0,0.0,0,0,3.584,0.0,4779.39,235,6,78477,4899.54,249,6,80244,5007.18,259,7,81728,3.55,0.0,4893.19,249,6,80161,3251,0,100,8.1,6.4,0.0,3.2,0,0,0,0,0,0,0,0,0,0,0,False,0,0,0,False,63|84|81|89,93|83|96|91,100|80|101|89,90|96|96|98,58,30,55,50,4779|4790|4802|4814|4826|4838|4850|4862|4874|4886|4898|4909|4921|4933|4945|4957|4969|4981|4993|5007,78477|78660|78860|79010|79211|79394|79561|79727|79911|80061|80227|80377|80527|80677|80878|81044|81228|81378|81561|81728,-365.3;34.1|-372.3;24.2|-379.1;14.0|-384.8;4.2|-390.1;-7.1|-394.4;-18.9|-397.2;-30.0|-399.3;-42.5|-400.3;-53.9|-400.4;-65.5|-399.5;-75.9|-397.8;-86.1|-395.1;-96.1|-391.3;-106.9|-386.0;-118.4|-380.4;-128.6|-372.7;-140.3|-366.3;-148.8|-358.7;-157.9|-349.9;-167.6,235|239|243|245|246|246|247|248|249|249|249|248|247|248|249|251|253|255|257|259,0|0|0|0|0|0|0|0|0|0|0|0|0|0|0|0|0|0|0|0,100|100|100|100|100|100|100|100|100|100|100|100|100|100|100|100|100|100|100|84,6|6|6|6|6|6|6|6|6|6|6|6|6|6|6|7|7|7|7|7,0.0038|0.0187|0.0327|0.0496|0.0570|0.0527|0.0449|0.0459|0.0640|0.0754|0.0668|0.0635|0.0615|0.0502|0.0406|0.0325|0.0282|0.0212|0.0170|0.0111,0.021;0.022;-0.001;-0.001|0.019;0.024;-0.001;-0.001|0.019;0.028;-0.000;-0.001|0.018;0.033;-0.000;-0.000|0.020;0.040;-0.000;-0.001|0.022;0.044;-0.000;-0.001|0.019;0.035;-0.000;-0.001|0.020;0.036;-0.000;-0.001|0.022;0.042;-0.000;-0.000|0.021;0.046;-0.000;0.000|0.019;0.042;-0.000;-0.000|0.022;0.044;-0.000;-0.001|0.022;0.043;-0.000;-0.001|0.020;0.037;-0.000;-0.001|0.023;0.037;-0.000;-0.001|0.022;0.034;-0.000;-0.001|0.019;0.031;-0.000;-0.000|0.017;0.024;-0.000;-0.001|0.017;0.021;-0.000;-0.000|0.013;0.017;-0.000;-0.000,0.008|0.025|0.032|0.034|-0.004|-0.010|-0.024|0.012|0.026|0.056|0.017|-0.169|-0.031|-0.008|-0.091|0.067|0.007|-0.036|-0.005|0.006,0.63|0.58|0.49|0.36|0.29|0.26|0.32|0.31|0.30|0.18|0.12|0.13|0.20|0.33|0.37|0.41|0.36|0.39|0.39|0.29,0.3.1
AbuDhabi_Race_Mar20_001_L2,16,False,1,1,5021.61,258,7,81944,3.617,0.0,5024.0,256,7,81978,5140.41,116,3,84512,5214.69,165,4,86629,3.75,0.0,5171.65,123,3,85545,4685,100,100,1.7,0.0,0.0,1.1,1,0,0,0,1,0,0,0,0,0,0,False,0,0,0,False,97|78|99|87,113|85|94|79,95|76|94|82,91|96|97|98,58,30,55,50,5023|5033|5043|5053|5063|5073|5083|5093|5103|5113|5123|5133|5143|5153|5163|5173|5183|5194|5204|5214,81978|82128|82261|82445|82645|82845|83061|83295|83545|83778|84045|84328|84662|85012|85328|85595|85879|86162|86395|86629,-338.1;-179.6|-330.6;-186.9|-323.6;-193.4|-316.2;-199.9|-307.9;-206.8|-300.0;-212.6|-291.4;-217.9|-282.2;-222.3|-272.5;-225.6|-262.9;-227.4|-253.9;-227.3|-244.6;-225.1|-234.9;-220.4|-225.8;-212.8|-219.5;-205.2|-214.3;-197.1|-209.2;-188.2|-204.6;-178.9|-200.4;-170.1|-196.2;-160.6,256|241|222|203|183|172|161|153|143|135|125|118|116|117|119|125|135|145|155|165,26|100|100|94|63|29|22|11|9|8|5|0|0|0|0|0|0|0|0|0,19|6|6|4|3|3|2|2|1|1|2|29|41|45|51|74|86|95|100|100,7|7|7|6|6|5|4|4|4|3|3|3|3|3|3|3|3|3|3|4,0.0088|0.0125|0.0174|0.0279|0.0527|0.0738|0.0988|0.1175|0.1464|0.1629|0.1571|0.1352|0.1120|0.0681|0.0315|0.0254|0.0167|0.0070|0.0008|-0.0011,-0.007;-0.007;-0.007;-0.010|-0.040;-0.046;-0.027;-0.035|-0.048;-0.057;-0.037;-0.108|-0.054;-0.067;-0.039;-0.474|-0.031;-0.033;-0.025;-1.000|-0.015;-0.012;-0.009;-0.995|-0.034;-0.037;-0.008;-0.932|-0.010;-0.005;-0.005;-0.726|-0.010;-0.003;-0.005;-0.365|-0.011;0.003;-0.004;-0.019|-0.010;0.006;-0.003;-0.014|0.007;0.038;0.000;0.002|0.014;0.061;-0.000;0.000|0.022;0.118;-0.000;0.000|0.018;0.041;-0.000;-0.002|0.034;0.037;-0.001;-0.009|0.046;0.064;-0.001;-0.001|0.072;0.088;-0.001;-0.002|0.112;0.129;-0.001;-0.001|0.135;0.152;-0.002;-0.001,-0.057|0.184|-0.037|-0.026|-0.079|-0.035|-0.019|-0.028|-0.029|0.097|0.054|0.015|0.010|-0.126|0.098|0.138|-0.005|-0.004|0.001|-0.003,-1.24|-3.98|-3.44|-3.17|-2.28|-1.46|-1.53|-1.00|-1.05|-1.04|-0.89|-0.25|0.04|0.10|0.42|0.98|1.00|1.17|1.27|1.37,0.3.1
AbuDhabi_Race_Mar20_001_L3,1,False,1,1,294.4,289,8,4016,3.634,0.0,299.73,285,8,4099,435.05,144,4,6500,516.39,195,5,8366,3.634,0.0,454.32,146,4,7033,4350,75,100,11.4,9.7,0.0,5.1,0,0,0,0,0,0,0,0,0,0,0,False,0,0,0,False,58|54|70|67,74|102|70|85,67|90|75|87,92|95|97|98,58,30,55,50,299|310|322|333|345|356|367|379|390|402|413|425|436|447|459|470|482|493|504|516,4099|4250|4383|4550|4733|4916|5150|5366|5583|5800|6016|6266|6566|6866|7166|7433|7700|7933|8133|8366,-47.0;173.5|-42.1;184.1|-37.3;194.0|-32.1;204.2|-26.1;214.4|-19.7;223.5|-11.7;232.9|-3.4;240.8|5.3;247.0|14.9;251.8|23.7;254.9|33.3;256.7|45.4;257.0|57.2;255.0|68.7;251.0|79.0;246.5|89.7;241.1|99.4;235.7|108.9;230.1|118.7;224.2,285|272|256|240|225|212|198|183|171|159|152|147|144|144|148|155|166|177|186|195,37|70|74|62|45|39|34|27|17|6|0|0|0|0|0|0|0|0|0|0,12|10|7|6|6|6|5|5|5|5|18|39|47|55|72|92|100|100|100|100,8|8|8|7|7|6|6|6|5|5|4|4|4|4|4|4|4|4|5|5,-0.0023|-0.0115|-0.0167|-0.0242|-0.0400|-0.0491|-0.0782|-0.1082|-0.1313|-0.1564|-0.1674|-0.1631|-0.1223|-0.0527|-0.0290|-0.0120|-0.0067|-0.0009|-0.0024|-0.0035,-0.010;-0.010;-0.010;-0.011|-0.022;-0.022;-0.027;-0.026|-0.028;-0.026;-0.032;-0.025|-0.022;-0.021;-0.042;-0.019|-0.018;-0.019;-0.066;-0.013|-0.009;-0.012;-0.078;-0.012|-0.017;-0.018;-0.092;-0.012|-0.014;-0.017;-0.111;-0.013|-0.006;-0.012;-0.082;-0.009|0.029;0.008;-0.020;-0.005|0.016;0.002;0.004;0.001|0.029;0.008;0.003;-0.000|0.043;0.013;0.001;-0.000|0.048;0.015;-0.001;-0.000|0.033;0.040;0.001;-0.001|0.052;0.039;-0.001;-0.001|0.103;0.075;-0.002;-0.001|0.066;0.056;-0.001;-0.001|0.070;0.066;-0.001;-0.001|0.042;0.040;-0.001;-0.001,0.066|0.091|0.066|-0.101|-0.085|-0.000|-0.002|0.013|0.019|-0.011|-0.008|0.009|0.014|-0.110|0.076|0.007|0.001|0.010|0.003|0.016,-1.88|-3.04|-3.05|-2.62|-2.09|-1.35|-1.77|-1.67|-1.42|-0.76|-0.73|-0.33|-0.06|0.19|0.64|0.98|1.27|1.26|1.33|1.07,0.3.1
AbuDhabi_Race_Mar20_001_L3,2,True,1,1,0.0,0.0,0,0,3.667,0.0,579.75,230,6,9433,639.27,242,6,10333,716.31,252,6,11416,3.967,0.0,701.23,249,6,11200,1983,0,100,10.0,8.6,0.0,3.0,0,0,0,0,0,0,0,0,0,0,0,False,0,0,0,False,63|80|75|84,66|90|79|91,68|95|81|96,92|96|97|99,58,30,55,50,579|586|594|601|608|615|622|629|636|644|651|658|665|672|679|687|694|701|708|716,9433|9533|9666|9766|9883|10000|10100|10200|10316|10433|10533|10633|10716|10800|10900|11016|11116|11216|11316|11416,171.4;189.0|177.3;184.3|183.0;179.3|187.9;174.8|193.4;169.3|198.6;163.5|202.9;158.4|207.6;152.0|211.8;145.4|215.0;139.5|217.9;133.4|220.5;127.2|222.4;121.9|224.4;115.4|226.1;108.8|227.6;102.2|228.8;95.4|229.9;87.4|230.6;80.5|231.1;73.6,230|233|236|238|240|241|242|242|242|242|242|243|243|244|245|246|247|249|250|252,0|0|0|0|0|0|0|0|0|0|0|0|0|0|0|0|0|0|0|0,100|100|100|100|100|100|100|100|100|100|100|100|100|100|100|100|100|100|100|100,6|6|6|6|6|6|6|6|6|6|6|6|6|6|6|6|6|6|6|6,-0.0205|-0.0231|-0.0249|-0.0251|-0.0384|-0.0491|-0.0548|-0.0560|-0.0498|-0.0444|-0.0443|-0.0457|-0.0380|-0.0322|-0.0332|-0.0295|-0.0236|-0.0175|-0.0138|-0.0111,0.022;0.016;-0.001;-0.000|0.038;0.026;-0.001;-0.001|0.036;0.027;-0.001;-0.001|0.030;0.020;-0.001;-0.000|0.024;0.018;-0.001;-0.001|0.037;0.020;-0.001;-0.000|0.041;0.020;-0.000;-0.000|0.044;0.021;-0.000;-0.000|0.045;0.022;-0.000;-0.000|0.041;0.021;-0.001;-0.000|0.039;0.021;-0.001;-0.000|0.040;0.022;-0.000;-0.000|0.033;0.018;-0.000;-0.000|0.034;0.019;-0.001;-0.000|0.041;0.023;-0.001;-0.000|0.037;0.022;-0.001;-0.000|0.033;0.021;-0.001;-0.000|0.027;0.019;-0.001;-0.000|0.026;0.019;-0.001;-0.000|0.023;0.018;-0.001;-0.000,0.005|-0.005|-0.094|-0.287|0.011|-0.038|0.005|-0.011|-0.003|0.009|-0.002|0.008|-0.106|-0.054|-0.071|-0.031|-0.001|-0.011|-0.029|-0.025,0.52|0.74|0.72|0.49|0.44|0.39|0.28|0.22|0.23|0.28|0.31|0.32|0.31|0.35|0.35|0.39|0.43|0.45|0.46|0.47,0.3.1
AbuDhabi_Race_Mar20_001_L3,3,True,1,1,0.0,0.0,0,0,3.967,0.0,725.7,254,6,11549,853.34,265,7,13249,1000.51,268,7,15249,3.767,0.0,839.29,266,7,13049,3700,0,100,6.1,5.4,0.0,0.0,0,0,0,0,0,0,0,0,0,0,0,False,0,0,0,False,67|94|80|95,96|90|100|96,117|88|113|97,92|96|97|99,58,30,55,50,723|738|752|767|781|796|810|825|839|854|868|883|897|912|926|941|955|969|984|1000,11549|11749|11949|12149|12316|12516|12683|12899|13066|13266|13466|13649|13849|14049|14249|14449|14633|14849|15049|15249,231.6;64.2|232.1;51.2|232.8;36.8|234.0;22.2|236.2;8.9|239.5;-4.3|244.1;-17.1|250.4;-30.6|257.3;-42.2|265.3;-53.1|275.2;-64.0|285.2;-72.9|296.9;-81.5|309.5;-88.9|322.7;-95.0|337.6;-100.0|350.6;-103.0|366.2;-105.2|379.7;-106.1|395.7;-106.5,254|257|261|264|266|267|267|267|265|264|263|263|262|262|261|261|261|262|264|268,0|0|0|0|0|0|0|0|0|0|0|0|0|0|0|0|0|0|0|0,100|100|100|100|100|100|100|100|100|100|100|100|100|100|100|100|100|100|100|100,6|6|6|7|7|7|7|7|7|7|7|7|7|7|7|7|7|7|7|7,-0.0052|0.0083|0.0200|0.0390|0.0408|0.0491|0.0543|0.0584|0.0648|0.0599|0.0582|0.0609|0.0613|0.0582|0.0535|0.0534|0.0493|0.0282|-0.0024|-0.0046,0.022;0.019;-0.001;-0.000|0.022;0.023;-0.001;-0.001|0.021;0.026;-0.001;-0.001|0.023;0.037;-0.001;-0.001|0.020;0.038;-0.000;-0.000|0.022;0.045;-0.000;-0.000|0.024;0.053;-0.000;-0.000|0.028;0.056;-0.000;-0.000|0.019;0.037;-0.000;0.000|0.017;0.034;-0.000;-0.000|0.019;0.038;-0.000;-0.000|0.019;0.038;-0.000;-0.000|0.020;0.038;-0.000;-0.000|0.019;0.035;-0.000;-0.000|0.018;0.033;-0.000;-0.000|0.019;0.035;-0.000;-0.000|0.021;0.039;-0.000;-0.001|0.036;0.070;-0.000;-0.002|0.023;0.026;-0.000;-0.003|0.032;0.032;-0.001;0.000,-0.028|-0.004|0.001|0.016|0.103|0.118|0.059|-0.106|-0.006|0.000|0.009|-0.011|-0.019|-0.019|-0.001|-0.010|-0.060|-0.130|-0.121|-0.202,0.47|0.63|0.57|0.57|0.33|0.26|0.21|0.21|0.05|0.08|0.08|0.09|0.13|0.16|0.17|0.17|0.23|0.32|0.03|0.50,0.3.1
AbuDhabi_Race_Mar20_001_L3,4,True,1,1,0.0,0.0,0,0,3.767,0.0,1003.0,268,7,15283,1090.74,283,7,16416,1151.03,289,7,17166,3.85,0.0,1036.56,275,7,15733,1883,0,100,5.1,3.2,0.0,0.0,0,0,0,0,0,0,0,0,0,0,0,False,0,0,0,False,116|88|112|97,99|81|100|91,90|76|91|87,93|96|98|100,58,30,55,50,1002|1010|1018|1026|1034|1041|1049|1057|1065|1073|1080|1088|1096|1104|1112|1119|1127|1135|1143|1151,15283|15383|15516|15616|15716|15816|15883|15983|16083|16183|16299|16399|16499|16599|16683|16783|16883|16983|17083|17166,398.2;-106.6|405.7;-106.9|414.5;-107.3|422.0;-107.7|429.7;-108.3|437.3;-109.0|443.7;-109.7|451.3;-110.8|459.0;-112.0|466.7;-113.4|474.3;-115.0|482.0;-116.9|489.6;-118.9|497.2;-121.1|503.5;-123.1|511.1;-125.6|518.6;-128.2|526.1;-130.9|533.6;-133.8|539.8;-136.3,268|270|272|274|275|277|278|279|280|281|282|283|284|285|285|286|287|288|288|289,0|0|0|0|0|0|0|0|0|0|0|0|0|0|0|0|0|0|0|0,100|100|100|100|100|100|100|100|100|100|100|100|100|100|100|100|100|100|100|100,7|7|7|7|7|7|7|7|7|7|7|7|7|7|7|7|7|7|7|7,-0.0094|-0.0052|-0.0080|-0.0151|-0.0139|-0.0123|-0.0126|-0.0141|-0.0134|-0.0152|-0.0159|-0.0139|-0.0111|-0.0108|-0.0095|-0.0090|-0.0077|-0.0080|-0.0067|-0.0032,0.053;0.032;-0.000;-0.001|0.022;0.021;-0.001;-0.000|0.032;0.023;-0.000;-0.001|0.021;0.019;-0.000;-0.001|0.023;0.019;-0.000;-0.000|0.024;0.017;-0.001;-0.000|0.023;0.017;-0.001;-0.000|0.020;0.016;-0.000;-0.000|0.020;0.016;-0.000;-0.000|0.020;0.016;-0.000;-0.000|0.020;0.015;-0.000;-0.000|0.019;0.015;-0.000;-0.000|0.018;0.015;-0.000;-0.000|0.015;0.013;-0.000;-0.000|0.015;0.013;-0.000;-0.000|0.015;0.013;-0.000;-0.000|0.016;0.014;-0.000;-0.000|0.015;0.013;-0.000;-0.000|0.014;0.013;-0.000;-0.000|0.014;0.013;-0.000;-0.000,-0.137|0.006|-0.078|0.112|0.020|-0.017|-0.034|-0.014|-0.003|0.036|-0.004|0.012|0.024|0.028|0.023|0.008|-0.003|0.027|0.040|0.021,0.36|0.54|0.39|0.50|0.41|0.40|0.40|0.38|0.36|0.35|0.31|0.31|0.31|0.21|0.21|0.21|0.21|0.20|0.20|0.19,0.3.1
AbuDhabi_Race_Mar20_001_L3,5,False,1,1,1306.45,297,8,19060,3.917,0.0,1314.59,287,8,19160,1464.07,93,2,22260,1580.85,185,4,25477,3.983,0.0,1506.56,108,2,23610,6417,100,100,2.0,1.9,0.0,8.1,0,0,0,0,0,0,0,0,0,0,0,False,0,0,0,False,71|64|76|74,77|83|71|79,67|77|79|86,94|97|98|100,58,30,55,50,1313|1327|1341|1355|1369|1383|1397|1412|1426|1440|1454|1468|1482|1496|1510|1524|1538|1552|1566|1580,19160|19343|19543|19777|20010|20293|20610|20960|21310|21660|22027|22377|22777|23260|23743|24177|24560|24893|25193|25477,691.0;-199.2|703.7;-205.0|716.1;-211.0|728.9;-217.6|741.0;-224.6|752.3;-232.3|763.5;-241.6|773.0;-252.2|779.5;-262.9|783.4;-273.2|784.5;-283.3|782.8;-292.4|778.0;-301.6|768.3;-310.4|755.3;-316.2|741.1;-319.6|726.5;-321.2|712.4;-321.1|698.6;-320.2|684.5;-318.8,287|262|236|210|193|175|156|137|121|106|96|94|95|101|113|129|145|159|172|185,100|100|100|55|51|47|41|33|31|24|2|0|0|0|0|0|0|0|0|0,10|6|5|5|5|5|5|4|4|4|28|38|48|59|77|89|98|100|100|100,8|8|7|7|6|5|4|3|2|2|2|2|2|2|2|2|3|3|4|4,-0.0044|-0.0053|-0.0118|-0.0142|-0.0196|-0.0297|-0.0570|-0.0599|-0.0659|-0.1402|-0.1950|-0.1777|-0.1369|-0.0683|-0.0261|-0.0311|-0.0196|-0.0082|-0.0061|-0.0015,-0.030;-0.029;-0.031;-0.028|-0.031;-0.029;-0.031;-0.028|-0.016;-0.015;-0.052;-0.034|-0.023;-0.022;-0.023;-0.016|-0.022;-0.021;-0.027;-0.015|-0.018;-0.019;-0.028;-0.014|-0.022;-0.018;-0.134;-0.018|0.029;0.012;-0.066;-0.014|-0.078;-0.066;-0.070;-0.013|-0.022;-0.016;-0.079;-0.014|0.065;0.010;-0.013;-0.002|0.091;0.029;-0.002;-0.000|0.103;0.022;-0.001;-0.000|0.152;0.055;-0.006;-0.000|0.056;0.037;-0.001;-0.001|0.079;0.044;-0.002;-0.001|0.117;0.064;-0.001;-0.001|0.038;0.039;-0.002;-0.001|0.103;0.091;-0.001;-0.001|0.043;0.041;-0.001;-0.001,-0.017|0.052|0.030|0.006|-0.002|-0.021|-0.030|-0.030|-0.005|-0.049|-0.003|0.127|-0.038|0.040|0.006|0.007|-0.021|-0.030|-0.038|-0.046,-3.89|-3.84|-3.02|-2.30|-2.03|-1.90|-1.38|-0.65|-1.44|-1.21|-0.32|-0.00|0.26|0.56|1.01|1.12|0.92|1.14|1.45|1.35,0.3.1
AbuDhabi_Race_Mar20_001_L3,6,False,1,1,2514.04,312,8,37310,4.25,0.0,2530.85,289,8,37510,2669.38,77,1,40726,2697.54,94,2,41910,4.266,0.0,2688.94,82,2,41543,4600,100,77,16.8,16.8,0.0,13.8,1,0,1,0,0,0,0,0,0,0,0,False,0,0,0,False,47|48|57|57,63|71|62|68,62|73|66|73,92|95|98|99,58,30,55,50,2530|2539|2548|2556|2565|2574|2583|2592|2600|2609|2618|2627|2635|2644|2653|2662|2671|2679|2688|2697,37510|37627|37743|37877|38010|38143|38310|38477|38677|38877|39093|39343|39610|39943|40310|40560|40776|41126|41543|41910,-264.7;-305.8|-273.8;-305.8|-282.4;-305.8|-291.7;-305.8|-300.2;-305.8|-309.1;-305.8|-317.3;-305.8|-326.6;-305.9|-335.2;-305.9|-343.9;-306.0|-352.5;-305.8|-361.5;-305.2|-370.0;-303.6|-379.0;-300.3|-386.4;-295.2|-390.0;-290.9|-392.3;-286.4|-393.6;-278.9|-392.1;-269.8|-389.2;-261.7,289|273|257|239|223|204|190|175|162|149|136|123|111|95|83|78|77|78|82|94,100|100|100|100|100|91|68|60|54|52|46|40|35|32|3|0|0|0|0|0,5|3|3|2|2|1|1|1|1|1|1|1|0|0|0|19|29|37|66|77,8|8|8|8|7|7|6|6|5|4|4|3|2|1|1|1|1|2|2|2,0.0003|-0.0006|0.0019|-0.0004|0.0015|0.0013|-0.0002|-0.0000|-0.0010|-0.0090|-0.0235|-0.0517|-0.0832|-0.1281|-0.2064|-0.2139|-0.1871|-0.1046|-0.0437|-0.0204,-0.030;-0.030;-0.029;-0.030|-0.033;-0.033;-0.032;-0.032|-0.036;-0.036;-0.034;-0.035|-0.040;-0.040;-0.037;-0.042|-0.017;-0.017;-0.044;-0.048|-0.052;-0.054;-0.041;-0.042|-0.006;-0.006;-0.028;-0.029|-0.029;-0.029;-0.023;-0.023|-0.027;-0.027;-0.021;-0.020|-0.006;-0.006;-0.024;-0.019|-0.027;-0.026;-0.026;-0.016|-0.025;-0.026;-0.034;-0.014|-0.019;-0.017;-0.140;-0.016|0.013;0.005;-0.120;-0.020|0.023;-0.007;-0.013;-0.002|0.123;0.011;0.004;0.001|0.149;0.022;-0.000;-0.000|0.138;0.030;-0.000;0.000|0.070;0.028;-0.001;-0.001|0.097;0.052;-0.001;-0.001,-0.001|0.001|0.002|0.014|-0.017|0.000|-0.028|0.003|0.002|0.003|0.002|-0.013|0.001|0.018|-0.012|-0.186|0.263|-0.038|-0.021|0.039,-3.96|-3.89|-3.82|-3.72|-2.96|-3.44|-1.79|-2.23|-2.01|-1.79|-1.67|-1.52|-1.17|-1.00|-0.62|-0.22|-0.01|0.08|0.75|1.03,0.3.1
AbuDhabi_Race_Mar20_001_L3,7,False,1,1,0.0,0.0,0,0,4.266,0.0,2698.42,95,2,41943,2738.97,91,2,43176,2766.37,101,2,44293,4.266,0.0,2760.97,94,2,44093,2350,0,77,0.0,0.0,0.0,1.2,0,0,0,0,0,0,0,0,0,0,0,False,0,0,0,False,62|73|66|73,72|72|72|72,73|70|73|72,92|95|97|99,58,30,55,50,2698|2701|2705|2709|2712|2716|2719|2723|2727|2730|2734|2737|2741|2744|2748|2752|2755|2759|2762|2766,41943|42076|42210|42310|42426|42543|42660|42743|42826|42910|43010|43143|43293|43426|43593|43743|43893|44026|44176|44293,-388.9;-260.9|-387.4;-257.5|-386.0;-254.0|-384.7;-250.8|-383.7;-247.5|-383.0;-244.1|-382.5;-240.8|-382.4;-238.5|-382.5;-236.6|-382.6;-234.4|-383.0;-231.7|-383.7;-228.3|-385.1;-224.3|-386.6;-221.3|-388.5;-218.1|-390.8;-215.2|-393.5;-212.5|-396.0;-210.3|-399.2;-207.9|-401.8;-206.0,95|101|105|107|106|104|102|99|98|97|94|92|90|90|89|89|90|93|97|101,0|0|0|0|0|0|0|0|0|0|0|0|0|0|0|0|0|0|0|0,77|73|62|33|11|7|5|4|4|4|8|14|21|24|26|30|44|60|73|79,2|2|2|2|2|2|2|2|2|2|2|2|2|2|2|2|2|2|2|2,-0.0172|0.0030|0.0406|0.0973|0.1554|0.1633|0.1658|0.1682|0.1576|0.1742|0.1541|0.1645|0.1561|0.1485|0.1299|0.0989|0.0631|0.0342|0.0188|0.0176,0.099;0.053;-0.001;-0.001|0.056;0.050;-0.001;-0.001|0.025;0.038;-0.001;-0.001|0.008;0.024;-0.001;0.000|-0.001;0.021;0.000;0.002|-0.003;0.036;0.000;0.002|-0.002;0.035;0.001;0.005|-0.003;0.047;0.001;0.001|0.001;0.040;0.014;0.002|-0.004;0.031;-0.000;0.006|-0.001;0.019;0.001;0.017|0.004;0.025;0.000;0.034|0.004;0.020;-0.000;0.002|0.004;0.033;-0.000;0.000|0.006;0.074;-0.000;0.000|0.019;0.113;0.000;-0.000|0.022;0.078;-0.000;-0.002|0.026;0.053;-0.000;-0.002|0.044;0.054;-0.002;-0.001|0.047;0.059;-0.004;-0.002,0.004|-0.011|-0.032|-0.069|-0.035|-0.044|0.035|-0.602|0.173|0.025|0.014|0.047|0.020|0.021|-0.031|-0.006|0.012|0.002|-0.023|0.021,1.04|1.14|0.81|0.14|-0.36|-0.51|-0.48|-0.73|-0.22|-0.61|-0.50|-0.34|-0.15|-0.08|-0.12|0.13|0.37|0.74|0.84|1.07,0.3.1
AbuDhabi_Race_Mar20_001_L3,8,True,1,1,0.0,0.0,0,0,4.266,0.0,2792.0,135,3,45076,2916.43,226,5,47476,3092.21,274,7,49943,4.234,0.0,2838.91,179,4,46110,4867,0,100,0.0,0.0,0.0,1.9,0,0,0,0,0,0,0,0,0,0,0,False,0,0,0,False,71|68|76|76,62|61|78|78,55|56|70|72,91|94|97|99,58,30,55,50,2791|2807|2822|2838|2854|2870|2886|2901|2917|2933|2949|2964|2980|2996|3012|3028|3043|3059|3075|3092,45076|45460|45810|46110|46426|46726|46993|47260|47510|47743|47976|48193|48443|48660|48876|49093|49293|49526|49710|49943,-423.3;-191.8|-436.0;-183.2|-448.7;-174.2|-460.9;-165.0|-472.8;-155.4|-485.0;-144.6|-495.9;-133.9|-506.7;-122.3|-516.7;-110.4|-525.6;-98.4|-534.2;-85.7|-542.4;-72.3|-550.3;-58.4|-557.4;-44.9|-564.1;-31.0|-570.5;-16.8|-576.8;-2.2|-583.0;12.6|-588.7;26.5|-594.9;41.8,135|152|167|179|189|200|210|219|226|233|239|244|250|254|258|261|265|268|271|274,0|0|0|0|0|0|0|0|0|0|0|0|0|0|0|0|0|0|0|0,98|100|100|100|100|100|100|100|100|100|100|100|100|100|100|100|100|100|100|100,3|3|4|4|4|5|5|5|5|6|6|6|6|6|6|7|7|7|7|7,-0.0071|-0.0055|-0.0059|-0.0087|-0.0098|-0.0124|-0.0124|-0.0149|-0.0136|-0.0124|-0.0111|-0.0095|-0.0089|-0.0087|-0.0062|-0.0042|-0.0031|-0.0010|-0.0016|-0.0022,0.079;0.054;-0.002;-0.001|0.064;0.036;-0.001;-0.001|0.053;0.041;-0.001;-0.001|0.047;0.036;-0.001;-0.001|0.040;0.030;-0.001;-0.001|0.045;0.033;-0.001;-0.001|0.040;0.030;-0.001;-0.001|0.041;0.029;-0.001;-0.001|0.037;0.026;-0.001;-0.001|0.032;0.024;-0.001;-0.001|0.031;0.023;-0.001;-0.001|0.029;0.022;-0.001;-0.001|0.026;0.020;-0.001;-0.001|0.023;0.018;-0.001;-0.000|0.022;0.018;-0.001;-0.000|0.021;0.018;-0.001;-0.000|0.018;0.017;-0.000;-0.000|0.018;0.018;-0.000;-0.000|0.018;0.017;-0.000;-0.000|0.018;0.017;-0.000;-0.000,-0.020|0.077|0.019|0.009|-0.012|0.001|0.025|0.011|-0.002|0.009|0.004|0.013|-0.012|-0.023|-0.034|-0.013|0.007|0.001|0.000|0.001,1.07|1.21|1.09|1.03|0.95|1.05|1.00|0.92|0.83|0.77|0.71|0.65|0.59|0.54|0.50|0.46|0.44|0.42|0.40|0.38,0.3.1
AbuDhabi_Race_Mar20_001_L3,9,False,1,1,3571.38,303,8,55772,4.183,0.0,3576.97,298,8,55839,3690.95,156,4,57722,3950.99,221,5,62722,4.25,0.0,3703.98,156,4,57955,6950,93,100,13.1,13.1,0.0,7.3,1,0,1,0,0,0,0,0,0,0,0,False,0,0,0,False,48|49|58|61,70|85|63|79,67|112|82|101,90|94|97|99,58,30,55,50,3576|3596|3615|3635|3655|3674|3694|3714|3733|3753|3773|3792|3812|3832|3851|3871|3891|3910|3930|3950,55839|56089|56355|56689|57055|57405|57789|58189|58555|58972|59389|59772|60172|60555|60939|61322|61689|62039|62389|62722,-719.4;508.5|-721.1;528.2|-721.2;548.0|-719.1;567.5|-714.2;586.8|-706.9;602.7|-696.4;615.9|-683.3;626.0|-667.8;632.6|-649.6;635.1|-631.7;633.1|-614.5;626.7|-599.6;616.7|-586.7;603.3|-576.7;587.1|-570.0;568.5|-567.0;549.1|-567.2;529.5|-570.6;509.4|-576.3;490.1,298|269|237|209|182|162|156|157|158|160|163|167|171|176|182|189|197|205|212|221,45|88|67|54|39|7|0|0|0|0|0|0|0|0|0|0|0|0|0|0,8|3|2|2|2|29|57|76|71|74|74|78|81|83|87|97|100|100|100|100,8|7|7|6|5|4|4|4|4|4|4|4|4|4|4|4|5|5|5|5,-0.0044|-0.0208|-0.0270|-0.0494|-0.0707|-0.1209|-0.1218|-0.1191|-0.1032|-0.0907|-0.0894|-0.0804|-0.0769|-0.0678|-0.0612|-0.0487|-0.0416|-0.0470|-0.0240|-0.0055,-0.012;-0.012;-0.011;-0.011|-0.035;-0.028;-0.047;-0.023|-0.030;-0.027;-0.052;-0.018|-0.029;-0.026;-0.117;-0.018|-0.006;-0.006;-0.154;-0.014|0.013;-0.001;-0.038;-0.004|0.053;0.019;0.001;-0.000|0.063;0.023;-0.001;-0.000|0.083;0.029;-0.001;-0.000|0.060;0.024;-0.002;-0.000|0.068;0.026;-0.002;-0.000|0.064;0.027;-0.002;-0.000|0.067;0.029;-0.003;-0.001|0.056;0.026;-0.002;-0.001|0.054;0.026;-0.003;-0.000|0.062;0.030;-0.002;-0.001|0.053;0.028;-0.002;-0.001|0.056;0.029;-0.002;-0.001|0.053;0.031;-0.001;-0.001|0.031;0.027;-0.001;-0.001,0.011|0.042|0.008|-0.028|0.008|-0.044|-0.035|-0.003|0.037|0.006|-0.006|0.018|0.002|-0.056|-0.014|-0.030|-0.029|0.047|-0.022|-0.065,-2.10|-3.57|-2.81|-2.26|-1.63|-0.82|-0.06|0.28|0.17|0.38|0.32|0.45|0.49|0.46|0.58|0.67|0.73|0.66|0.58|0.86,0.3.1
AbuDhabi_Race_Mar20_001_L3,10,True,1,1,0.0,0.0,0,0,4.35,0.0,4053.9,257,6,64239,4161.26,268,7,65689,4164.98,268,7,65756,4.4,0.0,4163.74,268,7,65739,1517,0,100,5.4,2.5,0.0,6.9,0,0,0,0,0,0,0,0,0,0,0,False,0,0,0,False,60|90|76|88,73|84|83|85,75|84|84|85,90|96|97|100,58,30,55,50,4052|4058|4064|4070|4076|4082|4087|4093|4099|4105|4111|4117|4122|4128|4134|4140|4146|4152|4157|4164,64239|64339|64405|64489|64572|64655|64739|64805|64872|64972|65039|65122|65189|65272|65356|65439|65506|65589|65672|65756,-607.8;391.9|-609.3;386.1|-610.4;381.5|-611.7;375.6|-613.0;369.6|-614.1;363.7|-615.2;357.6|-616.0;352.8|-616.9;346.7|-617.7;340.5|-618.2;335.6|-618.8;329.4|-619.1;324.4|-619.4;318.2|-619.4;311.9|-619.2;305.7|-618.9;300.7|-618.2;294.5|-617.2;288.3|-616.0;282.2,257|259|260|261|262|263|265|265|266|267|268|269|269|270|270|270|269|269|269|268,0|0|0|0|0|0|0|0|0|0|0|0|0|0|0|0|0|0|0|0,100|100|100|100|100|100|100|100|100|100|100|100|100|100|100|100|100|100|100|100,6|6|6|6|6|7|7|7|7|7|7|7|7|7|7|7|7|7|7|7,0.0110|0.0090|0.0102|0.0115|0.0120|0.0137|0.0158|0.0140|0.0142|0.0166|0.0212|0.0286|0.0331|0.0418|0.0514|0.0505|0.0500|0.0517|0.0518|0.0516,0.017;0.021;-0.000;-0.001|0.017;0.020;-0.000;-0.000|0.017;0.020;-0.000;-0.000|0.017;0.020;-0.000;-0.000|0.016;0.019;-0.000;-0.000|0.016;0.020;-0.000;-0.000|0.015;0.019;-0.000;-0.000|0.015;0.019;-0.000;-0.000|0.016;0.020;-0.000;-0.000|0.015;0.019;-0.000;-0.000|0.015;0.019;-0.000;-0.000|0.015;0.021;-0.000;-0.000|0.015;0.022;-0.000;-0.000|0.016;0.027;-0.000;-0.000|0.016;0.029;-0.000;-0.000|0.017;0.033;-0.000;-0.000|0.017;0.033;-0.000;-0.000|0.018;0.034;-0.000;-0.000|0.018;0.033;-0.000;-0.000|0.017;0.032;-0.000;-0.000,-0.006|-0.004|0.007|0.005|0.003|0.010|-0.000|0.004|-0.001|0.010|0.019|0.033|0.029|0.038|0.001|0.016|0.008|-0.004|-0.008|-0.021,0.47|0.45|0.43|0.43|0.42|0.41|0.40|0.38|0.37|0.36|0.34|0.29|0.26|0.19|0.12|0.11|0.09|0.07|0.08|0.09,0.3.1
AbuDhabi_Race_Mar20_001_L3,11,True,1,1,0.0,0.0,0,0,4.4,0.0,4166.22,268,7,65772,4166.22,268,7,65772,4249.62,270,7,66856,4.416,0.0,4239.83,273,7,66756,1084,0,89,0.6,0.0,0.0,0.0,0,0,0,0,0,0,0,0,0,0,0,False,0,0,0,False,75|84|84|85,75|84|84|85,83|82|90|84,90|96|97|100,58,30,55,50,4164|4170|4175|4180|4185|4191|4196|4201|4206|4211|4217|4222|4227|4232|4238|4243|4248|4253|4259|4249,65772|65839|65906|65972|66022|66106|66189|66256|66306|66389|66456|66539|66606|66673|66739|66806|66856,-615.8;281.0|-614.6;276.2|-613.2;271.4|-611.7;266.6|-610.1;261.9|-607.9;256.1|-606.0;251.5|-604.0;246.9|-601.9;242.3|-599.3;236.7|-597.0;232.1|-594.7;227.7|-592.2;223.2|-589.6;218.9|-586.9;214.6|-584.1;210.4|-581.1;206.4,268|268|268|268|268|269|269|270|271|272|272|272|273|273|273|272|270,0|0|0|0|0|0|0|0|0|0|0|0|0|0|0|0|11,100|100|100|100|100|100|100|100|100|100|100|100|100|100|97|57|27,7|7|7|7|7|7|7|7|7|7|7|7|7|7|7|7|7,0.0516|0.0497|0.0429|0.0328|0.0197|0.0145|0.0131|0.0121|0.0153|0.0287|0.0360|0.0342|0.0333|0.0353|0.0314|0.0284|0.0270,0.017;0.032;-0.000;-0.000|0.018;0.032;-0.000;-0.000|0.017;0.031;-0.000;-0.000|0.017;0.029;-0.000;-0.001|0.017;0.026;-0.000;-0.001|0.016;0.022;-0.000;-0.000|0.016;0.020;-0.000;-0.000|0.016;0.019;-0.000;-0.000|0.015;0.019;-0.000;-0.000|0.015;0.021;-0.000;-0.000|0.015;0.023;-0.000;-0.000|0.016;0.025;-0.000;-0.000|0.016;0.026;-0.000;-0.000|0.016;0.026;-0.000;-0.000|0.014;0.023;-0.000;-0.000|0.005;0.010;-0.000;-0.000|-0.002;-0.001;-0.003;-0.004,-0.020|0.010|-0.017|-0.027|-0.029|-0.035|-0.027|-0.012|0.006|0.040|0.024|0.009|0.004|-0.037|0.036|0.115|0.174,0.09|0.11|0.15|0.19|0.26|0.31|0.33|0.34|0.33|0.28|0.24|0.21|0.20|0.18|0.18|-0.29|-0.92,0.3.1
AbuDhabi_Race_Mar20_001_L3,12,False,1,1,4251.03,270,7,66873,4.416,0.0,4265.81,255,7,67073,4383.12,100,2,69640,4438.35,137,3,71340,4.417,0.0,4412.92,108,2,70590,4467,80,92,0.0,0.0,0.0,8.0,1,0,1,0,0,0,0,0,0,0,0,False,0,0,0,False,83|82|90|84,89|82|86|76,84|75|86|77,91|96|97|100,58,30,55,50,4265|4274|4283|4292|4301|4310|4319|4329|4338|4347|4356|4365|4374|4383|4392|4401|4410|4420|4429|4438,67073|67189|67339|67473|67656|67806|67989|68189|68406|68623|68890|69173|69456|69640|69907|70207|70557|70823|71107|71340,-572.0;194.9|-565.8;188.1|-559.7;182.0|-553.0;175.8|-545.7;169.6|-538.6;164.2|-531.1;158.9|-523.3;154.0|-515.1;149.5|-507.2;146.0|-498.0;143.0|-488.8;141.6|-480.5;141.9|-475.4;143.1|-469.0;145.9|-461.9;151.2|-455.7;158.5|-450.9;165.8|-446.3;174.3|-442.6;182.1,255|240|226|213|198|186|173|161|148|137|124|112|102|100|100|101|106|116|127|137,68|80|71|61|59|56|49|44|39|37|31|26|0|0|0|0|0|0|0|0,10|9|6|5|5|5|5|5|5|5|5|5|17|33|40|48|57|85|89|92,7|7|6|6|6|5|5|4|3|3|2|2|2|2|2|2|2|2|2|3,0.0226|0.0209|0.0222|0.0263|0.0214|0.0217|0.0246|0.0279|0.0399|0.0615|0.0932|0.1317|0.1841|0.1663|0.1420|0.0859|0.0250|0.0358|0.0206|0.0045,-0.018;-0.020;-0.016;-0.037|-0.028;-0.037;-0.023;-0.055|-0.032;-0.041;-0.021;-0.059|-0.027;-0.030;-0.018;-0.042|-0.026;-0.028;-0.017;-0.033|-0.025;-0.027;-0.017;-0.031|-0.009;-0.011;-0.016;-0.030|-0.023;-0.023;-0.015;-0.030|0.011;0.018;-0.014;-0.034|-0.024;-0.023;-0.014;-0.046|-0.001;0.018;-0.015;-0.109|-0.016;-0.019;-0.013;-0.120|0.001;0.018;-0.000;-0.053|0.008;0.044;0.000;0.000|0.021;0.103;-0.000;0.000|0.034;0.110;-0.000;-0.004|0.022;0.030;-0.001;-0.001|0.049;0.088;-0.001;-0.002|0.047;0.075;-0.001;-0.002|0.110;0.120;-0.001;-0.002,0.039|0.019|0.000|-0.005|0.011|-0.012|0.007|-0.003|-0.011|0.006|0.006|0.012|0.001|0.142|-0.017|0.011|0.022|-0.007|0.007|0.026,-2.79|-3.17|-2.90|-2.48|-2.33|-2.20|-1.69|-1.74|-0.68|-1.51|-0.66|-1.23|-0.46|-0.08|0.10|0.32|0.66|1.13|1.16|1.30,0.3.1
AbuDhabi_Race_Mar20_001_L3,13,False,1,1,0.0,0.0,0,0,4.417,0.0,4445.57,145,3,71524,4509.61,132,3,73041,4558.4,139,3,74341,4.367,0.0,4520.59,135,3,73357,2817,0,65,0.0,0.0,0.0,4.1,0,0,0,0,0,0,0,0,0,0,0,False,0,0,0,False,83|75|87|78,79|92|82|82,75|96|80|84,91|96|97|99,58,30,55,50,4445|4451|4456|4462|4468|4474|4480|4486|4492|4498|4504|4510|4516|4522|4528|4534|4539|4545|4551|4558,71524|71674|71807|71957|72107|72224|72374|72490|72640|72774|72924|73074|73224|73407|73557|73724|73874|74024|74174|74341,-439.7;188.6|-436.9;194.1|-434.2;198.8|-430.8;203.8|-427.4;207.9|-423.7;211.6|-419.8;215.0|-415.7;218.0|-410.8;220.9|-406.5;223.1|-401.4;225.3|-396.2;227.0|-390.8;228.3|-384.6;229.1|-378.3;229.3|-371.8;229.0|-366.0;228.2|-360.2;227.0|-354.6;225.4|-348.5;223.0,145|146|146|144|142|140|138|136|134|132|131|132|133|135|137|140|141|141|141|139,0|0|0|0|0|0|0|0|0|0|0|0|0|0|0|0|0|0|0|0,69|42|35|34|31|28|24|24|24|34|51|60|64|65|64|57|46|38|34|32,3|3|3|3|3|3|3|3|3|3|3|3|3|3|3|3|3|3|3|3,-0.0321|-0.0608|-0.0920|-0.1085|-0.1042|-0.1043|-0.1119|-0.1165|-0.1358|-0.1325|-0.1294|-0.1133|-0.0879|-0.0666|-0.0584|-0.0614|-0.0703|-0.0787|-0.0791|-0.0772,0.031;0.021;-0.001;-0.001|0.017;0.007;0.000;-0.000|0.019;0.005;0.001;-0.000|0.026;0.006;0.003;0.000|0.026;0.005;0.003;0.000|0.033;0.003;0.003;0.000|0.021;0.006;0.003;0.000|0.022;0.003;0.002;0.001|0.032;0.005;0.005;0.001|0.034;0.009;0.004;-0.000|0.057;0.019;0.001;-0.000|0.080;0.025;-0.001;-0.001|0.076;0.026;-0.003;-0.000|0.069;0.026;-0.003;-0.000|0.052;0.022;-0.004;-0.000|0.033;0.018;-0.005;-0.000|0.017;0.009;-0.008;-0.000|0.021;0.007;0.000;-0.000|0.022;0.007;0.001;0.000|0.016;0.005;0.001;0.000,0.041|0.025|0.023|0.013|0.032|-0.019|-0.012|-0.008|-0.061|-0.028|-0.055|0.033|0.027|0.032|-0.013|-0.036|-0.026|-0.018|-0.053|-0.004,0.74|0.06|-0.16|-0.25|-0.31|-0.41|-0.27|-0.34|-0.29|-0.25|0.06|0.21|0.36|0.44|0.47|0.47|0.19|-0.07|-0.10|-0.15,0.3.1
AbuDhabi_Race_Mar20_001_L3,14,False,1,1,0.0,0.0,0,0,4.367,0.0,4559.05,139,3,74357,4625.14,143,3,75974,4746.62,213,5,78508,4.467,0.0,4621.7,142,3,75891,4151,0,100,0.0,0.0,0.0,2.7,0,0,0,0,0,0,0,0,0,0,0,False,0,0,0,False,75|97|80|84,73|102|78|88,65|88|80|88,91|96|97|99,58,30,55,50,4558|4568|4578|4588|4598|4608|4618|4627|4637|4647|4657|4667|4677|4687|4697|4707|4716|4726|4736|4746,74357|74624|74891|75191|75408|75608|75824|76058|76308|76558|76791|76991|77208|77425|77625|77825|77992|78192|78342|78508,-347.9;222.8|-339.0;217.8|-331.1;211.5|-323.8;203.4|-319.0;196.5|-315.2;189.6|-311.9;181.7|-309.3;172.2|-308.0;162.8|-307.9;152.3|-309.1;142.2|-311.1;132.6|-314.1;122.9|-318.0;113.0|-322.4;103.8|-327.1;95.4|-332.3;87.0|-338.0;78.4|-343.4;70.6|-349.0;62.6,139|137|136|139|141|141|141|144|148|154|159|165|173|180|186|192|197|203|208|213,0|0|0|0|0|0|0|0|0|0|0|0|0|0|0|0|0|0|0|0,32|37|50|64|54|49|58|74|79|84|89|95|100|100|100|100|100|100|100|100,3|3|3|3|3|3|3|3|3|3|3|3|4|4|4|4|4|5|5|5,-0.0757|-0.0654|-0.0867|-0.0562|-0.0773|-0.0826|-0.0815|-0.0696|-0.0555|-0.0532|-0.0401|-0.0356|-0.0294|-0.0273|-0.0205|-0.0156|-0.0101|-0.0050|-0.0024|0.0040,0.015;0.005;0.001;0.001|0.050;0.012;-0.000;0.000|0.049;0.016;-0.001;-0.000|0.048;0.019;-0.001;-0.000|0.045;0.013;-0.001;-0.000|0.071;0.021;0.000;-0.000|0.068;0.026;-0.001;-0.000|0.081;0.036;-0.006;-0.001|0.071;0.030;-0.002;-0.001|0.068;0.032;-0.005;-0.001|0.069;0.033;-0.003;-0.001|0.059;0.032;-0.002;-0.001|0.065;0.045;-0.003;-0.001|0.064;0.042;-0.002;-0.001|0.045;0.031;-0.001;-0.001|0.044;0.032;-0.001;-0.001|0.034;0.027;-0.001;-0.001|0.029;0.026;-0.001;-0.001|0.027;0.026;-0.001;-0.001|0.026;0.027;-0.001;-0.001,0.023|-0.002|0.016|0.009|-0.030|-0.001|-0.041|0.056|0.024|0.020|-0.010|0.008|0.086|0.001|-0.022|-0.056|0.003|0.005|0.014|0.011,-0.14|0.02|0.14|0.44|0.16|0.17|0.18|0.58|0.62|0.71|0.79|0.82|0.97|0.93|0.89|0.88|0.85|0.85|0.82|0.79,0.3.1
AbuDhabi_Race_Mar20_001_L3,15,True,1,1,0.0,0.0,0,0,4.567,0.0,4780.09,227,5,79058,4899.15,246,6,80842,5005.31,257,7,82326,4.633,0.0,4894.08,246,6,80776,3268,0,100,2.4,0.0,0.0,1.3,0,0,0,0,0,0,0,0,0,0,0,False,0,0,0,False,62|83|78|85,87|81|92|87,97|78|99|87,91|97|97|99,58,30,55,50,4779|4790|4802|4814|4826|4838|4850|4862|4874|4886|4898|4909|4921|4933|4945|4957|4969|4981|4993|5005,79058|79259|79442|79609|79792|79975|80159|80342|80492|80675|80842|80976|81126|81276|81476|81659|81826|81992|82142|82326,-367.7;34.5|-373.8;24.5|-379.8;14.3|-385.5;3.6|-390.0;-6.6|-394.1;-18.2|-397.1;-30.2|-399.0;-42.5|-399.9;-53.8|-399.9;-65.3|-398.9;-76.6|-397.2;-85.6|-394.6;-95.6|-390.8;-106.3|-385.7;-117.8|-379.5;-128.9|-373.1;-138.6|-366.0;-147.8|-358.4;-156.8|-350.3;-165.5,227|231|236|239|241|242|243|244|246|247|246|246|246|247|248|249|251|252|255|257,0|0|0|0|0|0|0|0|0|0|0|0|0|0|0|0|0|0|0|0,100|100|100|100|100|100|100|100|100|100|100|100|100|100|100|100|100|100|100|100,5|6|6|6|6|6|6|6|6|6|6|6|6|6|6|6|7|7|7|7,0.0071|0.0088|0.0202|0.0365|0.0502|0.0563|0.0418|0.0456|0.0583|0.0698|0.0573|0.0599|0.0584|0.0512|0.0526|0.0274|0.0374|0.0195|0.0079|0.0012,0.022;0.024;-0.001;-0.001|0.031;0.036;-0.001;-0.001|0.020;0.026;-0.001;-0.001|0.019;0.031;-0.001;-0.000|0.022;0.044;-0.000;-0.001|0.023;0.046;-0.000;-0.000|0.021;0.037;-0.000;-0.001|0.022;0.040;-0.000;-0.001|0.023;0.041;-0.000;-0.001|0.021;0.044;-0.000;-0.000|0.020;0.048;-0.000;-0.000|0.022;0.044;-0.000;-0.001|0.020;0.039;-0.000;-0.001|0.021;0.039;-0.000;-0.001|0.025;0.045;-0.001;-0.001|0.016;0.027;-0.000;-0.001|0.021;0.035;-0.000;-0.000|0.018;0.027;-0.000;-0.001|0.017;0.021;-0.000;-0.001|0.018;0.020;-0.000;-0.000,-0.013|-0.003|0.042|0.062|0.010|0.004|-0.018|0.011|0.010|0.095|0.039|-0.049|0.009|-0.003|-0.049|0.047|-0.014|-0.022|-0.012|-0.002,0.68|1.02|0.60|0.53|0.43|0.30|0.36|0.34|0.36|0.24|0.07|0.27|0.23|0.34|0.29|0.37|0.31|0.38|0.45|0.45,0.3.1
AbuDhabi_Race_Mar20_001_L3,16,False,1,1,5016.11,259,7,82476,4.633,0.0,5023.26,253,7,82559,5148.21,109,3,85243,5214.17,162,4,87094,4.783,0.0,5164.52,116,3,85793,4618,72,100,1.7,0.0,0.0,0.3,1,0,1,0,0,0,0,0,0,0,0,False,0,0,0,False,95|77|98|86,112|81|98|78,97|74|95|79,92|96|98|99,58,30,55,50,5023|5033|5043|5053|5063|5073|5083|5093|5103|5113|5123|5133|5143|5153|5163|5173|5183|5194|5204|5214,82559|82726|82893|83059|83243|83426|83626|83843|84060|84293|84526|84760|85093|85443|85777|86093|86377|86643|86893|87094,-338.0;-178.5|-330.8;-185.9|-323.2;-193.4|-315.8;-200.3|-307.7;-206.8|-299.7;-212.4|-290.8;-217.4|-281.3;-221.4|-272.1;-224.1|-262.6;-225.6|-253.8;-225.4|-245.7;-223.8|-236.0;-219.5|-227.5;-213.0|-220.7;-205.0|-215.3;-196.1|-211.2;-187.0|-207.0;-177.8|-202.7;-168.5|-198.6;-160.0,253|240|224|210|198|187|177|165|155|141|131|121|111|111|115|122|131|142|152|162,51|72|66|52|37|32|29|25|26|21|16|13|2|0|0|0|0|0|0|0,13|11|10|9|8|7|6|4|2|1|1|2|32|56|64|65|91|97|100|100,7|7|7|6|6|5|5|5|4|4|3|3|3|3|3|3|3|3|3|4,0.0054|0.0145|0.0208|0.0356|0.0526|0.0608|0.0713|0.0981|0.1244|0.1388|0.1383|0.1372|0.1230|0.0809|0.0360|-0.0047|-0.0060|-0.0040|0.0000|0.0019,-0.015;-0.016;-0.015;-0.017|-0.025;-0.030;-0.021;-0.025|-0.025;-0.027;-0.019;-0.034|-0.022;-0.025;-0.014;-0.031|-0.018;-0.016;-0.011;-0.055|-0.022;-0.026;-0.009;-0.082|-0.016;-0.014;-0.010;-0.062|-0.018;-0.014;-0.011;-0.097|-0.020;-0.019;-0.016;-0.220|-0.016;-0.010;-0.009;-0.089|-0.006;0.008;-0.008;-0.047|-0.018;-0.005;-0.008;-0.045|0.009;0.049;-0.001;-0.013|0.017;0.052;-0.000;-0.001|0.075;0.150;-0.000;-0.008|0.061;0.103;-0.001;-0.004|0.060;0.056;-0.006;-0.003|0.087;0.061;-0.001;-0.001|0.056;0.053;-0.001;-0.001|0.061;0.050;-0.001;-0.001,0.000|0.106|-0.022|0.007|-0.057|-0.037|-0.006|-0.029|-0.052|0.116|0.073|0.011|-0.014|-0.055|0.209|0.193|0.033|-0.018|-0.081|-0.053,-2.08|-2.90|-2.57|-2.18|-1.70|-1.71|-1.45|-1.33|-1.46|-1.47|-0.82|-1.05|-0.30|0.32|0.62|1.32|1.54|1.13|1.20|1.28,0.3.1
AbuDhabi_Race_Mar20_001_L4,1,False,1,1,286.87,281,7,4099,5.05,0.0,299.65,269,7,4266,421.06,153,4,6416,516.34,202,5,8483,4.7,0.0,429.24,154,4,6600,4384,70,100,3.8,0.0,0.0,5.4,0,0,0,0,0,0,0,0,0,0,0,False,0,0,0,False,58|54|69|65,67|87|69|82,64|85|75|87,92|95|98|99,58,30,55,50,299|310|322|333|345|356|367|379|390|402|413|425|436|447|459|470|482|493|504|516,4266|4450|4616|4766|4966|5150|5383|5600|5816|6033|6266|6516|6783|7066|7350|7583|7833|8066|8283|8483,-47.0;173.4|-42.0;184.4|-37.0;194.6|-32.0;204.2|-25.7;214.7|-19.5;223.4|-11.8;232.5|-3.0;240.8|5.5;246.9|14.2;251.3|23.1;254.5|33.7;256.6|45.1;257.0|58.0;255.4|69.4;252.2|80.0;247.8|90.0;242.9|100.3;237.2|110.1;231.4|119.5;225.5,269|252|238|227|214|204|192|180|167|159|155|153|155|158|161|167|176|186|194|202,67|59|50|41|35|31|27|26|15|0|0|0|0|0|0|0|0|0|0|0,6|3|3|2|2|2|3|3|4|36|47|62|70|71|71|95|100|100|100|100,7|7|7|6|5|5|4|4|4|4|4|4|4|4|4|4|4|4|4|5,-0.0055|-0.0092|-0.0187|-0.0218|-0.0379|-0.0370|-0.0533|-0.0811|-0.1095|-0.1175|-0.1143|-0.1116|-0.0911|-0.0528|-0.0322|-0.0150|-0.0107|-0.0071|-0.0046|-0.0047,-0.022;-0.021;-0.020;-0.024|-0.022;-0.020;-0.022;-0.024|-0.011;-0.011;-0.019;-0.012|-0.016;-0.015;-0.021;-0.013|-0.028;-0.026;-0.035;-0.010|-0.014;-0.016;-0.028;-0.009|-0.043;-0.041;-0.040;-0.008|-0.014;-0.017;-0.062;-0.010|-0.006;-0.012;-0.053;-0.007|0.051;0.009;0.003;0.001|0.062;0.024;0.002;-0.000|0.049;0.019;-0.001;-0.001|0.062;0.023;-0.002;-0.000|0.091;0.030;-0.001;-0.001|0.051;0.028;-0.002;-0.000|0.060;0.040;-0.002;-0.001|0.072;0.054;-0.001;-0.001|0.059;0.047;-0.001;-0.001|0.047;0.041;-0.001;-0.001|0.042;0.038;-0.001;-0.001,0.083|0.090|0.037|-0.051|-0.064|-0.009|-0.022|0.018|0.032|-0.002|0.042|0.012|0.017|-0.088|-0.009|0.006|0.010|0.005|-0.008|0.011,-2.80|-2.56|-2.07|-1.90|-1.90|-1.57|-1.67|-1.51|-1.30|-0.49|-0.23|0.16|0.32|0.37|0.40|0.95|1.18|1.16|1.08|1.06,0.3.1
AbuDhabi_Race_Mar20_001_L4,2,True,1,1,0.0,0.0,0,0,4.684,0.0,580.51,235,6,9533,650.12,245,6,10583,716.67,253,6,11516,4.783,0.0,701.51,250,6,11299,1983,0,100,8.3,6.5,0.0,3.2,0,0,0,0,0,0,0,0,0,0,0,False,0,0,0,False,60|77|75|84,65|89|79|92,67|93|81|97,92|96|98|99,58,30,55,50,579|586|594|601|608|615|622|629|636|644|651|658|665|672|679|687|694|701|708|716,9533|9616|9750|9850|9950|10066|10183|10300|10400|10500|10600|10700|10800|10900|11000|11083|11200|11299|11416|11516,172.2;188.9|177.3;184.8|183.2;179.7|188.1;175.2|193.6;169.6|198.9;163.8|203.2;158.6|207.9;152.2|211.6;146.5|215.0;140.6|218.0;134.5|220.7;128.2|223.1;121.8|225.2;115.3|226.9;108.7|228.4;102.0|229.6;95.2|230.6;88.3|231.5;80.3|232.0;73.3,235|237|239|240|242|243|244|244|244|245|245|245|245|246|247|248|249|250|252|253,0|0|0|0|0|0|0|0|0|0|0|0|0|0|0|0|0|0|0|0,100|100|100|100|100|100|100|100|100|100|100|100|100|100|100|100|100|100|100|100,6|6|6|6|6|6|6|6|6|6|6|6|6|6|6|6|6|6|6|6,-0.0210|-0.0229|-0.0268|-0.0287|-0.0398|-0.0485|-0.0467|-0.0490|-0.0478|-0.0481|-0.0464|-0.0462|-0.0420|-0.0318|-0.0299|-0.0302|-0.0251|-0.0188|-0.0154|-0.0106,0.030;0.023;-0.001;-0.001|0.030;0.022;-0.001;-0.001|0.031;0.022;-0.002;-0.000|0.030;0.018;-0.001;-0.000|0.025;0.020;-0.004;-0.000|0.038;0.020;-0.001;-0.000|0.039;0.020;-0.000;-0.000|0.037;0.019;-0.000;-0.000|0.043;0.021;-0.000;-0.000|0.039;0.020;-0.000;-0.000|0.042;0.021;-0.001;-0.000|0.044;0.022;-0.000;-0.000|0.038;0.019;-0.000;-0.000|0.037;0.020;-0.001;-0.000|0.043;0.024;-0.001;-0.000|0.036;0.021;-0.001;-0.000|0.033;0.021;-0.001;-0.000|0.028;0.019;-0.001;-0.000|0.027;0.019;-0.001;-0.000|0.024;0.018;-0.001;-0.000,0.025|0.005|0.082|0.072|0.208|0.009|-0.010|0.002|-0.017|0.004|-0.008|-0.036|-0.031|-0.038|-0.076|-0.017|-0.014|-0.008|-0.045|-0.021,0.57|0.53|0.54|0.51|0.61|0.41|0.32|0.27|0.24|0.24|0.26|0.25|0.28|0.30|0.35|0.37|0.42|0.43|0.44|0.46,0.3.1
AbuDhabi_Race_Mar20_001_L4,3,True,1,1,0.0,0.0,0,0,4.783,0.0,724.92,255,6,11633,830.74,257,7,13049,999.22,265,7,15383,4.933,0.0,838.21,256,7,13149,3750,0,100,1.7,0.0,0.0,0.0,0,0,0,0,0,0,0,0,0,0,0,False,0,0,0,False,66|92|80|96,92|89|98|95,112|85|109|94,92|96|98|99,58,30,55,50,723|738|752|767|781|796|810|825|839|854|868|883|897|912|926|941|955|969|984|999,11633|11833|12016|12233|12416|12583|12799|12966|13183|13366|13566|13749|13949|14166|14366|14583|14783|14983|15166|15383,232.4;65.0|232.9;50.8|233.4;36.3|234.4;21.8|236.3;8.5|239.4;-4.5|244.3;-18.2|250.0;-30.1|257.4;-42.3|265.3;-52.7|275.0;-63.1|285.7;-72.5|297.3;-80.6|309.6;-87.7|322.6;-93.5|337.2;-98.4|351.2;-101.6|365.4;-103.6|379.9;-104.6|394.5;-105.2,255|258|261|263|263|262|260|258|256|256|256|255|255|255|256|257|258|259|262|265,0|0|0|0|0|0|0|0|0|0|0|0|0|0|0|0|0|0|0|0,100|100|100|100|100|100|100|100|100|100|100|100|100|100|100|100|100|100|100|100,6|6|6|6|6|6|7|7|7|7|7|7|7|7|7|7|7|7|7|7,-0.0057|0.0008|0.0208|0.0391|0.0549|0.0635|0.0674|0.0663|0.0662|0.0576|0.0587|0.0601|0.0577|0.0524|0.0457|0.0450|0.0370|0.0259|-0.0003|-0.0043,0.022;0.018;-0.001;-0.000|0.019;0.019;-0.000;-0.000|0.017;0.021;-0.001;-0.000|0.016;0.027;-0.000;-0.000|0.017;0.035;-0.000;0.000|0.020;0.042;-0.000;0.000|0.026;0.062;0.000;0.001|0.032;0.065;-0.000;0.001|0.022;0.042;-0.000;-0.000|0.017;0.033;-0.000;-0.000|0.019;0.038;-0.000;-0.000|0.021;0.041;-0.000;-0.000|0.021;0.040;-0.000;-0.000|0.020;0.035;-0.000;-0.000|0.018;0.032;-0.000;-0.000|0.018;0.033;-0.000;-0.000|0.019;0.034;-0.000;-0.001|0.021;0.031;-0.000;-0.001|0.019;0.020;-0.000;-0.001|0.020;0.017;-0.000;-0.001,-0.020|-0.012|0.024|0.007|0.117|0.054|-0.057|-0.099|-0.035|0.001|0.010|-0.006|-0.020|-0.023|0.000|-0.013|-0.062|-0.038|0.006|-0.056,0.46|0.44|0.40|0.26|0.08|0.00|-0.01|-0.05|0.12|0.19|0.15|0.15|0.20|0.23|0.25|0.25|0.29|0.36|0.44|0.46,0.3.1
AbuDhabi_Race_Mar20_001_L4,4,True,1,1,0.0,0.0,0,0,4.933,0.0,1002.99,266,7,15433,1085.48,278,7,16499,1151.89,287,7,17333,4.984,0.0,1036.06,272,7,15866,1900,0,100,2.9,0.0,0.0,0.0,0,0,0,0,0,0,0,0,0,0,0,False,0,0,0,False,111|84|108|93,97|79|97|89,87|73|89|84,93|96|99|100,58,30,55,50,1002|1010|1018|1026|1034|1041|1049|1057|1065|1073|1080|1088|1096|1104|1112|1119|1127|1135|1143|1151,15433|15549|15633|15749|15849|15949|16049|16149|16249|16349|16449|16549|16649|16749|16849|16933|17033|17133|17233|17333,398.2;-105.3|406.9;-105.7|414.3;-106.1|421.8;-106.6|429.3;-107.3|436.8;-108.2|444.3;-109.3|451.9;-110.5|459.4;-111.9|466.9;-113.6|474.4;-115.4|481.9;-117.4|489.3;-119.6|496.7;-122.0|504.1;-124.5|510.3;-126.7|517.7;-129.4|525.1;-132.2|532.6;-135.0|540.0;-137.9,266|268|269|270|271|273|274|275|276|277|278|279|280|281|282|283|284|285|286|287,0|0|0|0|0|0|0|0|0|0|0|0|0|0|0|0|0|0|0|0,100|100|100|100|100|100|100|100|100|100|100|100|100|100|100|100|100|100|100|100,7|7|7|7|7|7|7|7|7|7|7|7|7|7|7|7|7|7|7|7,-0.0087|-0.0078|-0.0105|-0.0201|-0.0141|-0.0122|-0.0146|-0.0135|-0.0151|-0.0172|-0.0153|-0.0123|-0.0094|-0.0069|-0.0063|-0.0052|-0.0029|-0.0025|-0.0016|-0.0019,0.022;0.019;-0.000;-0.001|0.020;0.016;-0.001;-0.000|0.017;0.017;-0.003;-0.000|0.020;0.015;-0.000;-0.000|0.024;0.017;-0.000;-0.000|0.022;0.016;-0.001;-0.000|0.024;0.017;-0.000;-0.000|0.020;0.015;-0.000;-0.000|0.020;0.015;-0.000;-0.000|0.021;0.016;-0.000;-0.000|0.021;0.016;-0.000;-0.000|0.018;0.014;-0.000;-0.000|0.019;0.015;-0.000;-0.000|0.017;0.015;-0.000;-0.000|0.017;0.015;-0.000;-0.000|0.017;0.015;-0.000;-0.000|0.017;0.016;-0.000;-0.000|0.016;0.015;-0.000;-0.000|0.015;0.015;-0.000;-0.000|0.015;0.015;-0.000;-0.000,-0.021|-0.008|-0.247|0.083|0.000|-0.002|-0.016|-0.054|-0.011|0.019|-0.008|-0.003|0.033|0.041|0.022|0.016|-0.000|0.018|0.037|0.025,0.43|0.43|0.40|0.41|0.33|0.37|0.35|0.33|0.35|0.33|0.30|0.33|0.33|0.33|0.32|0.32|0.31|0.31|0.30|0.28,0.3.1
AbuDhabi_Race_Mar20_001_L4,5,False,1,1,1299.26,300,8,19117,5.067,0.0,1314.19,285,8,19317,1451.23,103,2,22117,1581.03,177,4,25767,5.05,0.0,1519.95,115,2,24234,6650,100,100,3.1,0.0,0.0,7.5,0,0,0,0,0,0,0,0,0,0,0,False,0,0,0,False,70|62|75|73,73|76|70|76,65|80|76|84,93|96|99|100,58,30,55,50,1313|1327|1341|1355|1369|1383|1397|1412|1426|1440|1454|1468|1482|1496|1510|1524|1538|1552|1566|1581,19317|19484|19684|19917|20184|20467|20784|21134|21484|21834|22200|22534|22934|23434|23934|24384|24800|25150|25467|25767,690.5;-199.1|703.2;-204.8|715.7;-210.5|728.6;-216.9|740.7;-223.8|752.6;-231.8|763.8;-241.0|773.4;-251.5|780.3;-262.1|784.4;-272.6|785.7;-283.2|784.1;-293.2|779.2;-303.1|769.0;-313.4|755.5;-319.5|740.9;-321.2|726.7;-321.0|712.6;-320.3|698.6;-319.2|684.4;-318.0,285|260|234|210|192|174|155|137|122|109|103|104|104|105|109|120|135|152|165|177,78|100|91|61|50|43|37|31|28|21|0|0|0|0|0|0|0|0|0|0,6|3|1|0|0|1|1|1|4|4|45|42|42|47|50|75|99|100|100|100,8|8|8|7|6|5|4|3|3|2|2|2|2|2|2|2|2|3|3|4,-0.0034|-0.0040|-0.0093|-0.0183|-0.0239|-0.0272|-0.0400|-0.0540|-0.0655|-0.1127|-0.1595|-0.1620|-0.1630|-0.1222|-0.0725|-0.0261|-0.0056|-0.0031|-0.0024|0.0015,-0.023;-0.022;-0.023;-0.021|-0.032;-0.030;-0.032;-0.029|-0.028;-0.027;-0.037;-0.030|-0.027;-0.026;-0.030;-0.018|-0.024;-0.023;-0.029;-0.015|-0.018;-0.018;-0.034;-0.013|-0.010;-0.003;-0.040;-0.014|-0.008;-0.002;-0.044;-0.012|-0.022;-0.022;-0.049;-0.011|-0.008;-0.017;-0.050;-0.009|0.104;0.022;-0.000;0.000|0.072;0.019;-0.001;-0.000|0.076;0.018;0.000;-0.000|0.109;0.031;-0.002;-0.000|0.089;0.028;-0.004;-0.000|0.062;0.043;-0.001;-0.001|0.076;0.058;-0.002;-0.001|0.054;0.048;-0.001;-0.001|0.037;0.036;-0.001;-0.001|0.033;0.034;-0.001;-0.001,-0.004|0.034|0.015|-0.015|-0.002|0.001|-0.037|-0.033|-0.028|-0.039|0.138|0.039|-0.022|0.026|0.021|0.024|-0.077|-0.026|-0.014|-0.031,-3.16|-3.86|-3.44|-2.48|-2.05|-1.78|-1.44|-1.26|-1.20|-1.09|0.18|0.08|0.07|0.22|0.42|0.76|1.20|1.14|1.08|1.08,0.3.1
AbuDhabi_Race_Mar20_001_L4,6,False,1,1,2516.95,313,8,37617,5.333,0.0,2531.11,295,8,37784,2669.89,75,2,41000,2697.42,93,2,42167,5.416,0.0,2686.55,81,2,41717,4550,100,66,21.3,21.2,0.0,13.9,0,0,0,0,0,0,0,0,0,0,0,False,0,0,0,False,47|48|57|57,64|75|63|69,63|74|65|71,92|95|98|100,58,30,55,50,2530|2539|2548|2556|2565|2574|2583|2592|2600|2609|2618|2627|2635|2644|2653|2662|2671|2679|2688|2697,37784|37900|38017|38134|38267|38400|38550|38734|38917|39100|39317|39550|39817|40167|40550|40817|41050|41417|41817|42167,-265.0;-305.5|-274.3;-305.6|-283.1;-305.6|-291.3;-305.7|-300.1;-305.8|-309.3;-305.9|-317.8;-306.0|-326.5;-306.0|-335.4;-306.0|-343.6;-306.0|-352.5;-305.9|-361.1;-305.4|-370.2;-304.0|-379.0;-300.9|-386.6;-295.6|-390.2;-291.0|-392.2;-286.5|-393.1;-278.8|-391.6;-270.2|-388.4;-262.2,295|278|262|247|229|211|195|181|167|154|140|126|108|94|81|77|75|76|83|93,100|100|100|100|100|87|77|66|56|53|55|54|32|19|4|0|0|0|0|0,4|0|0|0|0|0|0|0|0|0|0|0|0|0|7|23|28|41|65|65,8|8|8|8|8|7|7|6|5|5|4|3|3|2|2|2|2|2|2|2,-0.0001|0.0009|0.0028|-0.0006|0.0009|-0.0012|-0.0028|-0.0028|-0.0006|-0.0018|-0.0198|-0.0529|-0.1087|-0.1801|-0.2326|-0.2154|-0.1746|-0.1111|-0.0746|-0.0089,-0.030;-0.030;-0.029;-0.029|-0.033;-0.033;-0.031;-0.032|-0.036;-0.037;-0.033;-0.035|-0.040;-0.040;-0.036;-0.041|-0.034;-0.035;-0.040;-0.043|-0.042;-0.043;-0.034;-0.034|-0.039;-0.038;-0.032;-0.030|-0.034;-0.033;-0.027;-0.024|-0.020;-0.020;-0.028;-0.025|-0.028;-0.029;-0.023;-0.021|-0.035;-0.033;-0.031;-0.021|-0.032;-0.030;-0.138;-0.022|-0.027;-0.027;-0.139;-0.017|-0.005;-0.012;-0.136;-0.017|0.023;-0.004;-0.020;-0.004|0.095;0.008;0.003;0.001|0.093;0.009;-0.001;0.000|0.071;0.014;-0.001;-0.000|0.134;0.033;-0.001;-0.001|0.067;0.037;-0.001;-0.001,0.001|0.002|0.002|0.010|-0.001|-0.004|0.001|0.003|-0.024|0.007|0.001|0.008|-0.002|0.024|-0.009|-0.157|0.096|-0.047|0.034|-0.033,-3.99|-3.94|-3.87|-3.78|-3.60|-3.24|-2.88|-2.46|-1.58|-1.94|-1.96|-1.90|-1.42|-0.98|-0.65|-0.14|-0.04|0.22|0.67|0.87,0.3.1
AbuDhabi_Race_Mar20_001_L4,7,False,1,1,0.0,0.0,0,0,5.416,0.0,2698.73,95,2,42217,2741.6,95,2,43550,2766.67,106,2,44500,5.45,0.0,2764.26,104,2,44417,2283,0,71,0.0,0.0,0.0,1.3,0,0,0,0,0,0,0,0,0,0,0,False,0,0,0,False,63|74|65|71,70|72|69|71,70|70|70|70,91|95|97|99,58,30,55,50,2698|2701|2705|2709|2712|2716|2719|2723|2727|2730|2734|2737|2741|2744|2748|2752|2755|2759|2762|2766,42217|42350|42467|42600|42733|42850|42967|43050|43117|43200|43300|43400|43550|43700|43833|43983|44117|44250|44367|44500,-387.8;-261.0|-386.3;-257.7|-385.1;-254.7|-384.0;-251.2|-383.2;-247.5|-382.7;-244.2|-382.5;-240.9|-382.6;-238.6|-382.8;-236.3|-383.1;-234.5|-383.6;-231.8|-384.2;-229.2|-385.5;-225.5|-387.3;-221.9|-389.1;-218.8|-391.4;-215.6|-393.8;-212.8|-396.5;-210.3|-399.0;-208.2|-402.0;-205.7,95|98|100|101|102|102|101|99|99|98|97|96|95|95|96|96|98|100|102|106,0|0|0|0|0|0|0|0|0|0|0|0|0|0|0|0|0|0|0|0,62|52|46|42|35|23|14|11|10|10|11|17|27|34|38|39|41|51|62|73,2|2|2|2|2|2|2|2|2|2|2|2|2|2|2|2|2|2|2|2,0.0107|0.0656|0.1007|0.1022|0.1073|0.1273|0.1357|0.1341|0.1302|0.1511|0.1352|0.1417|0.1293|0.1194|0.1075|0.0896|0.0640|0.0414|0.0311|0.0306,0.049;0.037;-0.001;-0.001|0.020;0.039;-0.001;-0.001|0.014;0.043;-0.001;-0.001|0.014;0.053;-0.000;-0.001|0.011;0.052;-0.000;-0.000|0.006;0.058;-0.000;0.001|0.002;0.026;0.000;0.002|-0.002;0.041;0.001;0.001|0.003;0.041;0.024;-0.001|0.004;0.018;-0.000;0.002|-0.001;0.031;0.001;0.017|0.003;0.021;-0.000;0.007|0.006;0.023;-0.000;0.000|0.008;0.033;-0.000;-0.000|0.012;0.057;-0.000;-0.001|0.018;0.106;-0.000;-0.000|0.022;0.081;-0.000;-0.002|0.023;0.046;-0.000;-0.003|0.025;0.044;-0.001;-0.001|0.051;0.061;-0.002;-0.001,-0.022|-0.031|-0.014|-0.007|-0.046|-0.049|0.049|-0.561|0.176|-0.162|0.267|0.048|0.080|0.043|-0.003|-0.035|0.005|0.022|0.026|-0.048,0.85|0.56|0.35|0.27|0.12|-0.13|-0.22|-0.48|-0.13|-0.28|-0.30|-0.30|-0.02|0.06|0.17|0.18|0.37|0.58|0.74|0.83,0.3.1
AbuDhabi_Race_Mar20_001_L4,8,True,1,1,0.0,0.0,0,0,5.45,0.0,2791.85,137,3,45250,2918.79,228,5,47667,3091.74,274,7,50083,5.717,0.0,2838.47,180,4,46283,4833,0,100,0.0,0.0,0.0,1.9,0,0,0,0,0,0,0,0,0,0,0,False,0,0,0,False,68|68|73|73,60|61|76|77,55|56|70|72,91|95|97|99,58,30,55,50,2791|2807|2822|2838|2854|2870|2886|2901|2917|2933|2949|2964|2980|2996|3012|3028|3043|3059|3075|3091,45250|45633|45983|46300|46583|46867|47133|47417|47650|47900|48117|48350|48583|48800|49033|49233|49450|49650|49867|50083,-422.9;-191.5|-436.0;-183.0|-449.1;-174.2|-461.4;-165.1|-473.4;-155.2|-484.9;-144.8|-495.8;-133.9|-506.7;-122.1|-516.1;-111.0|-525.8;-98.2|-534.5;-85.5|-542.8;-72.0|-550.1;-59.0|-557.5;-44.4|-564.0;-30.3|-569.6;-17.0|-575.4;-2.3|-581.2;12.7|-587.0;27.9|-592.4;42.1,137|154|168|180|191|202|212|221|228|235|240|245|250|254|258|261|265|268|271|274,0|0|0|0|0|0|0|0|0|0|0|0|0|0|0|0|0|0|0|0,99|100|100|100|100|100|100|100|100|100|100|100|100|100|100|100|100|100|100|100,3|3|4|4|4|5|5|5|5|6|6|6|6|6|6|6|7|7|7|7,0.0008|-0.0056|-0.0104|-0.0138|-0.0106|-0.0102|-0.0091|-0.0157|-0.0127|-0.0138|-0.0124|-0.0132|-0.0106|-0.0105|-0.0093|-0.0052|-0.0007|-0.0007|-0.0004|0.0011,0.109;0.120;-0.001;-0.001|0.064;0.028;-0.001;-0.001|0.082;0.061;-0.002;-0.001|0.051;0.035;-0.001;-0.001|0.053;0.038;-0.001;-0.001|0.054;0.039;-0.001;-0.001|0.038;0.030;-0.001;-0.001|0.040;0.029;-0.001;-0.001|0.036;0.026;-0.001;-0.001|0.032;0.023;-0.001;-0.001|0.031;0.022;-0.001;-0.001|0.030;0.022;-0.001;-0.001|0.026;0.020;-0.001;-0.001|0.023;0.018;-0.001;-0.000|0.023;0.018;-0.001;-0.000|0.022;0.018;-0.001;-0.000|0.020;0.018;-0.001;-0.000|0.018;0.018;-0.000;-0.000|0.018;0.018;-0.000;-0.000|0.017;0.018;-0.000;-0.000,-0.050|0.054|0.016|0.013|-0.005|0.004|0.033|0.016|-0.005|0.012|0.002|0.021|-0.006|-0.010|-0.020|-0.010|-0.019|0.001|-0.002|-0.005,1.39|0.98|1.30|1.01|1.13|1.26|0.99|0.87|0.81|0.75|0.68|0.62|0.58|0.52|0.48|0.46|0.44|0.42|0.40|0.38,0.3.1
AbuDhabi_Race_Mar20_001_L4,9,False,1,1,3572.26,304,8,55912,5.583,0.0,3577.86,299,8,55978,3687.66,159,4,57812,3950.62,222,5,62912,5.616,0.0,3698.25,159,4,57995,7000,96,100,13.0,12.9,0.0,7.4,2,0,2,0,0,0,0,0,0,0,0,False,0,0,0,False,48|49|57|61,72|86|63|77,69|120|84|105,90|94|97|99,58,30,55,50,3576|3596|3615|3635|3655|3674|3694|3714|3733|3753|3773|3792|3812|3832|3851|3871|3891|3910|3930|3950,55978|56228|56512|56828|57195|57578|57945|58328|58728|59128|59512|59928|60312|60712|61095|61495|61878|62228|62578|62912,-719.5;509.3|-720.8;527.9|-720.9;548.0|-719.0;567.4|-714.7;586.5|-707.2;603.0|-697.1;615.8|-683.8;626.3|-667.5;633.3|-649.8;636.0|-631.6;634.2|-614.0;628.0|-598.0;617.6|-585.1;604.2|-575.2;588.0|-568.6;568.8|-566.2;548.8|-567.4;529.6|-571.6;510.0|-577.5;490.8,299|273|238|206|180|162|159|159|161|163|166|170|173|176|180|185|194|201|211|222,47|96|80|61|32|0|0|0|0|0|0|0|0|0|0|0|0|0|0|0,13|5|5|5|5|39|63|71|81|79|81|81|81|82|86|97|100|100|100|100,8|7|6|6|4|4|4|4|4|4|4|4|4|4|4|4|5|5|5|5,-0.0149|-0.0194|-0.0298|-0.0459|-0.0967|-0.1343|-0.1371|-0.1339|-0.1132|-0.1008|-0.1010|-0.0978|-0.0990|-0.0951|-0.0826|-0.0617|-0.0458|-0.0344|-0.0147|-0.0027,-0.012;-0.013;-0.013;-0.011|-0.034;-0.028;-0.048;-0.028|-0.019;-0.014;-0.115;-0.024|-0.019;-0.016;-0.132;-0.022|-0.007;-0.002;-0.145;-0.014|0.030;0.008;-0.000;0.001|0.057;0.021;0.001;-0.000|0.053;0.020;-0.001;-0.000|0.101;0.039;-0.002;-0.000|0.090;0.036;-0.003;-0.001|0.079;0.032;-0.002;-0.001|0.080;0.032;-0.002;-0.000|0.072;0.031;-0.003;-0.001|0.065;0.028;-0.002;-0.001|0.066;0.029;-0.003;-0.000|0.075;0.035;-0.003;-0.001|0.067;0.033;-0.002;-0.001|0.053;0.030;-0.002;-0.001|0.043;0.031;-0.001;-0.001|0.031;0.028;-0.001;-0.001,0.041|0.040|0.014|-0.005|-0.008|0.005|-0.017|0.001|0.030|0.009|-0.007|0.015|-0.007|-0.047|-0.014|-0.024|-0.022|-0.000|-0.021|0.003,-2.21|-3.72|-2.85|-2.25|-1.69|-0.40|0.02|0.15|0.36|0.39|0.40|0.40|0.42|0.30|0.47|0.62|0.68|0.74|0.98|0.93,0.3.1
AbuDhabi_Race_Mar20_001_L4,10,True,1,1,0.0,0.0,0,0,5.75,0.0,4053.63,257,6,64445,4153.22,268,7,65795,4164.36,268,7,65945,5.783,0.0,4163.12,268,7,65929,1500,0,100,6.0,3.2,0.0,7.4,0,0,0,0,0,0,0,0,0,0,0,False,0,0,0,False,61|95|77|90,72|87|83|86,77|87|86|87,90|96|97|100,58,30,55,50,4052|4058|4064|4070|4076|4082|4087|4093|4099|4105|4111|4117|4122|4128|4134|4140|4146|4152|4157|4164,64445|64512|64612|64678|64762|64828|64928|65012|65078|65145|65212|65312|65395|65462|65545|65629|65695|65795|65845|65945,-607.5;392.1|-608.9;386.3|-610.3;380.5|-611.3;375.8|-612.6;369.8|-613.9;363.9|-615.0;357.9|-616.2;351.8|-617.0;346.9|-617.9;340.8|-618.6;335.9|-619.3;329.7|-619.8;323.5|-620.2;317.2|-620.3;312.2|-620.2;306.0|-619.8;299.7|-619.2;293.6|-618.5;288.6|-617.4;282.5,257|258|260|261|262|263|265|266|267|268|268|269|270|270|270|269|269|268|268|268,0|0|0|0|0|0|0|0|0|0|0|0|0|0|0|0|0|0|0|0,100|100|100|100|100|100|100|100|100|100|100|100|100|100|100|100|100|100|100|100,6|6|6|6|6|6|7|7|7|7|7|7|7|7|7|7|7|7|7|7,0.0077|0.0075|0.0077|0.0083|0.0093|0.0083|0.0098|0.0145|0.0159|0.0200|0.0236|0.0264|0.0346|0.0531|0.0590|0.0604|0.0554|0.0491|0.0486|0.0513,0.018;0.020;-0.000;-0.001|0.018;0.020;-0.000;-0.000|0.018;0.020;-0.000;-0.000|0.018;0.020;-0.000;-0.000|0.017;0.019;-0.000;-0.000|0.017;0.019;-0.000;-0.000|0.022;0.025;-0.001;-0.001|0.016;0.019;-0.000;-0.000|0.016;0.020;-0.000;-0.000|0.016;0.020;-0.000;-0.000|0.015;0.020;-0.000;-0.000|0.015;0.021;-0.000;-0.000|0.015;0.023;-0.000;-0.000|0.016;0.030;-0.000;0.000|0.016;0.031;-0.000;-0.000|0.019;0.038;-0.000;0.000|0.018;0.036;-0.000;-0.000|0.020;0.039;-0.000;-0.000|0.020;0.037;-0.000;-0.000|0.018;0.035;-0.000;-0.000,-0.006|0.001|0.003|0.002|0.000|-0.001|-0.006|0.017|0.015|0.021|0.022|0.021|0.024|0.047|-0.003|0.022|-0.066|0.027|0.108|0.059,0.49|0.46|0.44|0.45|0.43|0.42|0.74|0.39|0.37|0.35|0.34|0.29|0.23|0.13|0.09|0.04|0.04|0.05|0.07|0.13,0.3.1
AbuDhabi_Race_Mar20_001_L4,11,True,1,1,0.0,0.0,0,0,5.783,0.0,4165.59,267,7,65962,4165.59,267,7,65962,4250.63,270,7,67079,5.866,0.0,4239.61,271,7,66962,1117,0,100,0.7,0.0,0.0,0.0,0,0,0,0,0,0,0,0,0,0,0,False,0,0,0,False,77|87|86|87,77|87|86|87,87|86|93|87,90|96|97|100,58,30,55,50,4164|4170|4175|4180|4185|4191|4196|4201|4206|4211|4217|4222|4227|4232|4238|4243|4248|4253|4259|4250,65962|66029|66079|66179|66229|66312|66362|66445|66512|66595|66662|66745|66812|66879|66929|66996|67062|67079,-617.1;281.3|-616.0;276.5|-614.8;271.7|-613.1;265.7|-611.5;261.0|-609.8;256.3|-608.0;251.7|-605.6;246.0|-603.5;241.5|-601.2;237.0|-598.9;232.6|-595.8;227.2|-593.2;222.9|-590.5;218.7|-587.7;214.5|-584.8;210.4|-581.7;206.4|-581.0;205.4,267|267|267|267|268|268|268|268|269|269|269|270|270|271|271|271|271|270,0|0|0|0|0|0|0|0|0|0|0|0|0|0|0|0|9|15,100|100|100|100|100|100|100|100|100|100|100|100|100|100|100|100|52|42,7|7|7|7|7|7|7|7|7|7|7|7|7|7|7|7|7|7,0.0510|0.0479|0.0483|0.0368|0.0304|0.0347|0.0396|0.0338|0.0292|0.0315|0.0276|0.0222|0.0253|0.0292|0.0334|0.0337|0.0324|0.0326,0.020;0.033;-0.000;-0.000|0.017;0.030;-0.000;-0.001|0.019;0.036;-0.001;-0.000|0.018;0.026;-0.000;-0.001|0.019;0.026;-0.000;-0.000|0.016;0.026;-0.000;-0.000|0.016;0.026;-0.000;-0.000|0.016;0.027;-0.000;-0.000|0.016;0.026;-0.000;-0.000|0.016;0.027;-0.000;-0.000|0.016;0.026;-0.000;-0.000|0.016;0.025;-0.000;-0.000|0.016;0.024;-0.000;-0.000|0.015;0.023;-0.000;-0.000|0.015;0.022;-0.000;-0.000|0.014;0.022;-0.000;-0.000|0.002;0.007;-0.002;-0.003|-0.001;0.002;-0.003;-0.006,0.054|-0.153|0.087|-0.136|-0.073|-0.010|0.013|0.013|-0.012|-0.001|-0.016|-0.003|0.002|-0.024|-0.009|0.021|0.198|0.215,0.08|0.15|0.16|0.14|0.23|0.23|0.24|0.22|0.24|0.23|0.25|0.27|0.27|0.26|0.24|0.22|-0.52|-0.89,0.3.1
AbuDhabi_Race_Mar20_001_L4,12,False,1,1,4252.02,270,7,67096,5.866,0.0,4266.62,251,7,67279,4390.36,91,2,70046,4438.47,134,3,71680,5.85,0.0,4411.25,102,2,70863,4584,94,91,0.0,0.0,0.0,8.1,1,0,0,1,0,0,0,0,0,0,0,False,0,0,0,False,87|86|93|87,91|85|87|76,84|78|87|79,91|97|97|100,58,30,55,50,4265|4274|4283|4292|4301|4310|4319|4329|4338|4347|4356|4365|4374|4383|4392|4401|4410|4420|4429|4438,67279|67396|67546|67696|67862|68046|68212|68412|68629|68863|69113|69396|69646|69863|70146|70496|70863|71146|71430|71680,-571.4;194.3|-565.9;188.7|-559.0;182.2|-552.2;176.4|-545.0;170.6|-538.0;165.4|-530.5;160.3|-522.7;155.4|-514.5;150.8|-506.1;146.7|-497.4;143.6|-488.7;141.8|-480.7;141.6|-474.9;142.5|-468.1;145.2|-460.8;150.5|-454.8;157.8|-450.1;165.4|-445.9;173.8|-442.4;182.0,251|236|220|207|194|183|172|161|149|138|126|114|102|93|92|94|102|112|124|134,92|84|68|60|51|47|42|39|39|33|30|28|22|11|0|0|0|0|0|0,10|9|8|7|5|3|2|2|2|2|2|2|2|11|42|51|66|82|88|91,7|7|7|6|6|5|5|4|4|3|3|2|2|2|2|2|2|2|2|3,0.0277|0.0276|0.0211|0.0186|0.0212|0.0196|0.0191|0.0167|0.0344|0.0525|0.0857|0.1340|0.1659|0.1680|0.1477|0.0865|0.0429|0.0365|0.0153|-0.0081,-0.027;-0.036;-0.026;-0.079|-0.033;-0.048;-0.026;-0.113|-0.029;-0.034;-0.021;-0.125|-0.026;-0.029;-0.018;-0.034|-0.022;-0.024;-0.015;-0.024|-0.014;-0.015;-0.016;-0.032|-0.020;-0.021;-0.014;-0.021|-0.019;-0.019;-0.013;-0.019|-0.022;-0.021;-0.013;-0.028|-0.019;-0.018;-0.012;-0.047|-0.024;-0.024;-0.013;-0.062|-0.018;-0.023;-0.016;-0.192|-0.019;-0.012;-0.015;-0.305|-0.007;0.007;-0.005;-0.018|0.022;0.099;-0.000;-0.002|0.035;0.116;-0.000;-0.003|0.030;0.055;-0.001;-0.002|0.052;0.099;-0.001;-0.002|0.053;0.082;-0.001;-0.002|0.125;0.118;-0.001;-0.002,-0.029|0.015|-0.004|-0.021|0.029|0.003|-0.007|-0.020|-0.028|-0.016|-0.021|0.001|0.004|0.087|-0.011|0.002|0.013|-0.005|0.012|0.030,-3.59|-3.29|-2.81|-2.46|-2.06|-1.33|-1.71|-1.59|-1.55|-1.44|-1.35|-1.33|-1.22|-0.76|0.15|0.43|0.83|1.11|1.19|1.37,0.3.1
AbuDhabi_Race_Mar20_001_L4,13,False,1,1,0.0,0.0,0,0,5.85,0.0,4445.54,142,3,71863,4513.25,131,3,73480,4558.05,133,3,74747,5.767,0.0,0.0,0.0,0,0,2884,0,59,0.0,0.0,0.0,4.5,0,0,0,0,0,0,0,0,0,0,0,False,0,0,0,False,83|77|87|79,79|96|82|84,76|101|79|84,91|97|97|100,58,30,55,50,4445|4451|4456|4462|4468|4474|4480|4486|4492|4498|4504|4510|4516|4522|4528|4534|4539|4545|4551|4558,71863|72013|72147|72297|72430|72563|72697|72830|72980|73113|73264|73414|73580|73747|73914|74097|74264|74414|74580|74747,-439.5;188.5|-436.9;194.0|-434.2;198.7|-430.8;203.7|-427.4;207.8|-423.7;211.6|-419.8;215.0|-415.7;218.1|-410.9;221.1|-406.5;223.5|-401.4;225.7|-396.2;227.5|-390.3;229.0|-384.3;229.8|-378.2;230.0|-371.5;229.5|-365.6;228.4|-360.3;227.0|-354.7;225.0|-349.1;222.5,142|146|146|144|143|141|139|137|135|133|132|131|131|131|131|130|130|130|131|133,0|0|0|0|0|0|0|0|0|0|0|0|0|0|0|0|0|0|0|0,85|56|41|37|34|30|29|28|29|32|40|50|53|52|42|36|36|39|50|60,3|3|3|3|3|3|3|3|3|3|3|3|3|3|3|3|3|3|3|3,-0.0334|-0.0642|-0.1008|-0.1007|-0.0955|-0.0985|-0.1202|-0.1301|-0.1542|-0.1552|-0.1572|-0.1520|-0.1345|-0.1343|-0.1382|-0.1086|-0.0879|-0.0563|-0.0497|-0.0453,0.055;0.034;-0.001;-0.001|0.030;0.014;-0.000;-0.001|0.026;0.008;0.001;-0.000|0.030;0.008;0.002;0.000|0.029;0.007;0.002;0.000|0.031;0.004;0.002;0.000|0.024;0.007;0.002;0.000|0.025;0.008;0.003;0.001|0.039;0.008;0.006;0.001|0.034;0.009;0.004;0.000|0.044;0.012;0.003;-0.000|0.062;0.018;0.001;-0.000|0.064;0.019;-0.000;-0.000|0.065;0.020;0.000;-0.000|0.052;0.014;0.000;-0.000|0.017;0.008;-0.001;-0.000|0.019;0.008;0.001;-0.000|0.025;0.010;0.000;-0.000|0.032;0.013;-0.001;-0.000|0.040;0.024;-0.001;-0.001,0.028|0.026|0.018|0.001|0.031|-0.014|-0.006|-0.032|-0.096|-0.036|-0.045|0.026|0.029|0.031|-0.017|0.068|-0.005|0.015|0.019|-0.043,0.99|0.31|-0.09|-0.16|-0.22|-0.32|-0.23|-0.26|-0.26|-0.22|-0.16|-0.04|0.08|0.07|-0.07|-0.07|-0.01|0.05|0.35|0.39,0.3.1
AbuDhabi_Race_Mar20_001_L4,14,False,1,1,0.0,0.0,0,0,5.767,0.0,4559.28,134,3,74781,4646.78,137,3,76964,4747.21,205,5,79131,5.717,0.0,4579.71,143,3,75331,4350,0,100,0.0,0.0,0.0,2.2,0,0,0,0,0,0,0,0,0,0,0,False,0,0,0,False,76|101|79|84,74|116|77|88,65|94|77|85,91|97|97|100,58,30,55,50,4558|4568|4578|4588|4598|4608|4618|4627|4637|4647|4657|4667|4677|4687|4697|4707|4716|4726|4736|4747,74781|75047|75331|75564|75797|75964|76197|76448|76714|76981|77264|77514|77748|77965|78181|78381|78581|78765|78948|79131,-348.0;222.0|-339.2;216.9|-330.9;210.6|-323.7;203.6|-318.4;196.7|-314.5;190.3|-310.5;181.9|-307.4;172.4|-305.6;162.1|-305.6;151.9|-307.1;141.8|-309.9;131.5|-313.4;122.3|-317.3;113.4|-321.9;104.4|-326.7;95.8|-331.9;86.9|-336.9;78.6|-342.2;70.0|-347.6;61.2,134|138|143|145|145|145|144|142|139|136|140|148|156|164|173|180|187|193|200|205,0|0|0|0|0|0|0|0|0|0|0|0|0|0|0|0|0|0|0|0,63|66|65|59|56|51|45|43|41|46|78|93|100|100|100|100|100|100|100|100,3|3|3|3|3|3|3|3|3|3|3|3|3|3|4|4|4|4|5|5,-0.0420|-0.0493|-0.0618|-0.0977|-0.1017|-0.1211|-0.1444|-0.1552|-0.1686|-0.1434|-0.0561|-0.0289|-0.0146|-0.0152|-0.0095|-0.0066|-0.0046|-0.0035|-0.0005|0.0004,0.047;0.020;-0.001;-0.001|0.039;0.020;-0.002;-0.001|0.048;0.020;-0.001;-0.000|0.055;0.018;-0.000;-0.000|0.066;0.020;-0.000;0.000|0.071;0.029;0.001;-0.000|0.050;0.017;0.003;-0.000|0.031;0.011;0.002;0.000|0.043;0.011;0.004;0.000|0.047;0.015;-0.000;-0.000|0.046;0.034;-0.003;-0.001|0.075;0.046;-0.002;-0.001|0.083;0.053;-0.002;-0.001|0.056;0.041;-0.001;-0.001|0.045;0.037;-0.001;-0.001|0.043;0.038;-0.001;-0.001|0.035;0.031;-0.001;-0.001|0.030;0.028;-0.001;-0.001|0.029;0.028;-0.001;-0.001|0.028;0.028;-0.001;-0.001,-0.043|-0.014|-0.003|0.004|0.019|-0.059|-0.028|0.047|0.021|0.050|0.070|0.006|-0.022|-0.034|-0.028|-0.056|0.008|-0.010|0.010|0.009,0.52|0.53|0.43|0.17|0.09|0.17|-0.10|-0.11|-0.20|-0.06|0.75|0.97|1.09|1.02|1.05|1.01|0.95|0.91|0.86|0.84,0.3.1
AbuDhabi_Race_Mar20_001_L4,15,True,1,1,0.0,0.0,0,0,5.833,0.0,4779.73,221,5,79682,4907.79,236,6,81599,5005.81,245,7,83066,5.9,0.0,4893.63,241,6,81415,3384,0,100,2.1,0.0,0.0,1.2,0,0,0,0,0,0,0,0,0,0,0,False,0,0,0,False,63|88|76|82,92|84|93|85,99|79|96|84,91|97|97|100,58,30,55,50,4779|4790|4802|4814|4826|4838|4850|4862|4874|4886|4898|4909|4921|4933|4945|4957|4969|4981|4993|5005,79682|79882|80065|80248|80432|80615|80782|80965|81149|81315|81465|81615|81765|81965|82165|82349|82532|82699|82882|83066,-364.6;33.4|-370.5;23.7|-377.0;12.7|-382.7;2.4|-387.9;-8.5|-392.2;-19.8|-395.2;-30.5|-397.5;-42.5|-398.8;-53.7|-399.2;-65.0|-398.6;-76.2|-397.1;-86.0|-394.8;-95.5|-391.0;-106.6|-385.7;-118.4|-379.8;-128.7|-373.0;-138.6|-365.5;-148.1|-358.3;-156.6|-349.9;-165.8,221|225|230|234|237|239|240|241|243|243|240|236|233|231|232|234|236|239|242|245,0|0|0|0|0|0|0|0|0|0|0|0|0|0|0|0|0|0|0|0,100|100|100|100|100|100|100|100|100|87|65|64|67|85|100|100|100|100|100|100,5|5|6|6|6|6|6|6|6|6|6|6|6|6|6|7|7|7|7|7,-0.0040|0.0056|0.0163|0.0296|0.0457|0.0625|0.0366|0.0460|0.0619|0.0904|0.0870|0.0876|0.0842|0.0753|0.0657|0.0323|0.0222|0.0122|0.0097|0.0086,0.025;0.025;-0.001;-0.001|0.023;0.024;-0.001;-0.001|0.022;0.026;-0.001;-0.001|0.020;0.029;-0.001;-0.001|0.020;0.034;-0.000;-0.001|0.022;0.044;-0.000;-0.000|0.023;0.041;-0.000;-0.001|0.022;0.038;-0.000;-0.001|0.024;0.044;-0.001;-0.000|0.021;0.056;-0.000;0.001|0.013;0.031;0.000;0.002|0.012;0.025;0.000;0.001|0.011;0.025;-0.000;0.001|0.018;0.036;-0.000;0.000|0.033;0.061;-0.001;-0.001|0.023;0.039;-0.000;-0.001|0.021;0.031;-0.001;-0.001|0.019;0.024;-0.000;-0.001|0.018;0.021;-0.000;-0.001|0.019;0.022;-0.000;-0.001,-0.021|0.011|0.023|0.002|0.011|0.007|-0.027|0.011|0.024|0.134|-0.075|-0.138|-0.057|0.024|-0.067|0.044|-0.019|-0.015|-0.003|-0.007,0.74|0.70|0.63|0.57|0.45|0.33|0.39|0.38|0.36|-0.09|-0.36|-0.38|-0.27|0.12|0.31|0.41|0.46|0.48|0.50|0.49,0.3.1
AbuDhabi_Race_Mar20_001_L4,16,False,1,1,5011.52,245,7,83149,5.9,0.0,5023.89,238,7,83332,5136.71,110,3,85700,5214.81,161,3,87967,5.8,0.0,5175.82,125,3,87000,4818,58,100,1.1,0.0,0.0,0.8,1,0,0,1,0,0,0,0,0,0,0,False,0,0,0,False,98|78|95|83,100|81|89|75,86|73|87|76,92|97|97|99,58,30,55,50,5023|5033|5043|5053|5063|5073|5083|5093|5103|5113|5123|5133|5143|5153|5163|5173|5183|5194|5204|5214,83332|83466|83649|83832|83999|84216|84416|84649|84883|85149|85383|85616|85966|86333|86633|86950|87233|87500|87733|87967,-337.5;-178.9|-330.6;-185.8|-323.2;-192.8|-315.2;-199.7|-307.2;-205.7|-298.7;-211.3|-290.4;-216.0|-281.0;-220.2|-271.3;-223.4|-262.1;-225.0|-254.1;-225.0|-246.3;-223.4|-237.0;-219.2|-228.0;-212.3|-221.1;-204.7|-215.3;-196.4|-210.2;-187.7|-205.5;-178.6|-201.2;-169.3|-197.3;-159.9,238|227|214|201|189|177|165|153|140|128|119|111|110|114|118|124|133|142|152|161,38|55|54|48|43|42|40|34|29|21|15|2|0|0|0|0|0|0|0|0,17|13|10|9|9|9|9|9|7|4|3|27|45|57|59|60|85|93|100|100,7|7|6|6|6|5|5|4|4|4|3|3|3|3|3|3|3|3|3|3,0.0064|0.0200|0.0282|0.0316|0.0277|0.0294|0.0511|0.0802|0.1139|0.1336|0.1298|0.1258|0.0833|0.0657|0.0375|0.0250|0.0238|0.0132|0.0080|0.0006,-0.011;-0.012;-0.011;-0.013|-0.018;-0.021;-0.015;-0.018|-0.025;-0.028;-0.016;-0.036|-0.021;-0.025;-0.014;-0.041|-0.018;-0.021;-0.013;-0.050|-0.017;-0.019;-0.013;-0.027|-0.018;-0.022;-0.013;-0.037|-0.017;-0.017;-0.013;-0.308|-0.020;-0.018;-0.015;-0.282|-0.016;-0.007;-0.008;-0.072|-0.014;-0.003;-0.007;-0.035|0.005;0.037;-0.001;-0.006|0.017;0.065;-0.000;-0.001|0.017;0.040;-0.000;-0.001|0.046;0.106;-0.000;-0.001|0.027;0.034;-0.001;-0.001|0.055;0.060;-0.001;-0.003|0.054;0.077;-0.001;-0.003|0.067;0.085;-0.001;-0.001|0.043;0.063;-0.005;-0.002,0.007|0.154|-0.021|-0.017|-0.073|-0.013|0.028|-0.082|-0.031|0.108|0.067|-0.004|0.012|-0.020|0.070|0.148|0.013|-0.010|0.010|-0.148,-1.62|-2.26|-2.27|-1.98|-1.83|-1.70|-1.63|-1.42|-1.42|-1.26|-1.02|-0.36|0.16|0.42|0.61|0.61|1.29|1.08|1.10|0.87,0.3.1
AbuDhabi_Race_Mar20_001_L5,1,False,1,1,287.25,286,7,3983,6.184,0.0,300.27,274,7,4149,432.62,130,4,6733,516.79,193,5,8716,5.85,0.0,440.76,131,4,6983,4733,95,100,7.2,4.4,0.0,5.7,1,0,1,0,0,0,0,0,0,0,0,False,0,0,0,False,56|54|68|66,71|86|68|78,64|78|75|83,92|96|97|99,58,30,55,50,299|310|322|333|345|356|367|379|390|402|413|425|436|447|459|470|482|493|504|516,4149|4300|4466|4650|4850|5066|5300|5583|5816|6050|6300|6550|6866|7183|7483|7766|8050|8283|8500|8716,-46.8;174.0|-42.2;184.0|-37.3;194.2|-31.9;204.4|-25.9;214.2|-19.1;223.6|-11.4;232.3|-2.4;240.3|6.4;246.0|14.9;249.9|23.5;252.7|33.3;254.7|44.2;254.9|56.2;252.7|67.1;248.9|77.6;244.0|87.9;238.4|97.5;233.0|107.6;227.1|117.4;221.3,274|255|234|216|201|185|170|156|146|141|138|132|130|134|142|152|164|174|184|193,77|95|82|59|47|44|35|27|5|2|0|0|0|0|0|0|0|0|0|0,11|1|0|0|0|1|1|2|14|19|19|29|54|75|88|100|100|100|100|100,7|7|6|6|5|5|5|4|4|4|4|4|4|4|4|4|4|4|5|5,-0.0001|-0.0143|-0.0245|-0.0295|-0.0441|-0.0423|-0.0563|-0.0554|-0.0807|-0.1044|-0.1497|-0.1390|-0.1038|-0.0498|-0.0238|-0.0111|-0.0027|-0.0017|0.0005|-0.0016,-0.024;-0.024;-0.024;-0.031|-0.040;-0.041;-0.052;-0.091|-0.026;-0.025;-0.062;-0.030|-0.027;-0.030;-0.074;-0.016|0.007;0.003;-0.176;-0.017|-0.025;-0.023;-0.056;-0.014|-0.024;-0.023;-0.078;-0.012|-0.018;-0.019;-0.050;-0.009|0.011;-0.005;-0.003;-0.002|0.010;0.000;-0.009;-0.001|0.032;0.024;-0.025;-0.001|0.037;0.015;0.006;-0.000|0.048;0.015;-0.001;-0.000|0.061;0.027;-0.003;-0.000|0.053;0.030;-0.001;-0.001|0.070;0.062;-0.004;-0.002|0.080;0.084;-0.001;-0.001|0.075;0.069;-0.001;-0.001|0.057;0.062;-0.001;-0.001|0.047;0.047;-0.001;-0.001,0.065|0.146|0.055|-0.095|-0.035|-0.010|-0.010|0.004|0.311|-0.001|-0.203|0.088|0.013|0.004|-0.055|0.115|0.041|0.033|-0.001|0.020,-3.07|-3.66|-2.82|-2.31|-1.18|-1.91|-1.65|-1.38|-0.67|-0.41|-0.38|-0.14|0.13|0.60|0.83|1.57|1.35|1.27|0.95|1.06,0.3.1
AbuDhabi_Race_Mar20_001_L5,2,True,1,1,0.0,0.0,0,0,5.85,0.0,579.83,230,6,9800,648.32,245,6,10833,716.51,253,6,11783,5.934,0.0,701.38,250,6,11566,1983,0,100,13.5,13.5,0.0,2.0,0,0,0,0,0,0,0,0,0,0,0,False,0,0,0,False,61|72|76|82,65|83|81|91,68|92|84|101,91|96|97|99,58,30,55,50,579|586|594|601|608|615|622|629|636|644|651|658|665|672|679|687|694|701|708|716,9800|9916|10033|10133|10250|10350|10466|10583|10683|10783|10883|10983|11066|11166|11266|11366|11466|11566|11683|11783,170.5;187.3|176.4;182.8|182.2;177.9|187.0;173.5|192.5;168.0|197.7;162.2|202.0;157.1|206.8;150.8|210.6;145.1|214.1;139.3|217.2;133.2|220.1;127.0|222.2;121.7|224.4;115.3|226.3;108.7|227.8;102.0|229.1;95.3|230.2;88.5|231.1;80.4|231.8;73.4,230|232|234|236|239|241|243|244|245|245|246|246|246|245|246|247|248|250|251|253,0|0|0|0|0|0|0|0|0|0|0|0|0|0|0|0|0|0|0|0,100|100|100|100|100|100|100|100|100|100|100|100|100|100|100|100|100|100|100|100,6|6|6|6|6|6|6|6|6|6|6|6|6|6|6|6|6|6|6|6,-0.0285|-0.0334|-0.0298|-0.0269|-0.0272|-0.0286|-0.0411|-0.0467|-0.0505|-0.0509|-0.0392|-0.0359|-0.0354|-0.0334|-0.0300|-0.0297|-0.0265|-0.0200|-0.0146|-0.0132,0.028;0.027;-0.001;-0.001|0.050;0.024;-0.000;-0.001|0.056;0.030;-0.001;-0.001|0.037;0.028;-0.003;-0.001|0.036;0.023;-0.001;-0.001|0.035;0.023;-0.001;-0.001|0.039;0.023;-0.001;-0.001|0.040;0.021;-0.000;-0.000|0.049;0.024;-0.000;-0.000|0.048;0.024;-0.001;-0.000|0.061;0.023;-0.000;-0.000|0.087;0.036;0.000;-0.000|0.081;0.032;0.000;-0.000|0.052;0.025;-0.001;-0.000|0.061;0.033;-0.001;-0.000|0.042;0.026;-0.001;-0.001|0.035;0.023;-0.001;-0.001|0.029;0.020;-0.001;-0.000|0.029;0.020;-0.001;-0.000|0.025;0.019;-0.001;-0.000,-0.137|-0.218|0.205|0.050|-0.000|-0.024|-0.015|-0.017|-0.029|-0.008|-0.172|-0.094|0.204|-0.032|-0.144|-0.016|-0.005|-0.013|-0.043|-0.019,0.93|0.43|0.89|0.57|0.69|0.61|0.55|0.40|0.35|0.30|0.30|0.20|0.16|0.21|0.37|0.43|0.48|0.48|0.48|0.48,0.3.1
AbuDhabi_Race_Mar20_001_L5,3,True,1,1,0.0,0.0,0,0,5.934,0.0,724.76,254,6,11899,839.28,254,7,13449,999.43,258,7,15749,5.75,0.0,839.28,254,7,13449,3850,0,100,0.5,0.5,0.0,0.4,0,0,0,0,0,0,0,0,0,0,0,False,0,0,0,False,67|91|84|100,98|88|98|97,116|83|106|93,91|97|97|99,58,30,55,50,723|738|752|767|781|796|810|825|839|854|868|883|897|912|926|941|955|969|984|999,11899|12099|12299|12483|12683|12866|13066|13266|13466|13649|13849|14066|14283|14466|14699|14916|15116|15333|15549|15749,232.3;65.2|232.8;51.0|233.3;36.6|234.2;22.1|235.8;8.9|238.8;-5.3|243.0;-17.9|248.9;-30.9|256.0;-43.1|264.4;-54.4|273.9;-64.6|284.4;-73.7|296.8;-82.2|308.8;-88.7|322.6;-94.4|336.9;-98.5|351.5;-101.1|365.3;-102.6|380.5;-103.7|394.8;-104.6,254|257|260|262|262|260|258|255|254|252|250|249|248|247|247|247|248|250|255|258,0|0|0|0|0|0|0|0|0|0|0|0|0|0|0|0|0|0|0|0,100|100|100|100|100|100|100|100|100|100|100|100|100|100|100|100|100|100|100|100,6|6|6|6|7|7|7|7|7|7|7|7|7|7|7|7|7|7|7|7,-0.0094|0.0040|0.0109|0.0364|0.0589|0.0758|0.0820|0.0889|0.0852|0.0765|0.0787|0.0778|0.0783|0.0742|0.0637|0.0461|0.0254|0.0039|0.0020|-0.0014,0.021;0.017;-0.000;-0.000|0.018;0.017;-0.000;-0.000|0.017;0.019;-0.000;-0.000|0.015;0.023;-0.000;-0.000|0.025;0.043;-0.000;0.000|0.020;0.043;-0.000;0.001|0.023;0.049;-0.000;0.001|0.023;0.046;-0.000;0.001|0.019;0.038;-0.000;0.000|0.018;0.038;-0.000;0.000|0.020;0.042;-0.000;0.000|0.021;0.042;-0.000;0.000|0.021;0.041;-0.000;-0.000|0.020;0.038;-0.000;-0.000|0.018;0.036;-0.000;-0.000|0.019;0.034;-0.000;-0.001|0.018;0.028;-0.000;-0.001|0.020;0.024;-0.001;-0.001|0.019;0.021;-0.001;-0.001|0.021;0.019;-0.001;-0.001,-0.028|-0.004|-0.006|0.033|0.012|0.008|-0.005|-0.016|-0.025|-0.001|0.009|-0.005|-0.016|-0.019|0.001|-0.012|-0.056|-0.023|-0.018|-0.031,0.38|0.38|0.36|0.25|0.18|-0.09|-0.10|-0.05|0.01|0.01|-0.00|0.03|0.08|0.11|0.14|0.22|0.34|0.53|0.52|0.50,0.3.1
AbuDhabi_Race_Mar20_001_L5,4,True,1,1,0.0,0.0,0,0,5.75,0.0,1003.1,259,7,15799,1051.85,269,7,16449,1151.82,285,7,17716,5.8,0.0,1036.67,266,7,16249,1917,0,100,1.7,1.7,0.0,0.2,0,0,0,0,0,0,0,0,0,0,0,False,0,0,0,False,115|82|106|92,104|77|98|88,88|70|86|82,93|97|98|100,58,30,55,50,1002|1010|1018|1026|1034|1041|1049|1057|1065|1073|1080|1088|1096|1104|1112|1119|1127|1135|1143|1151,15799|15899|16016|16116|16216|16333|16416|16533|16633|16733|16833|16933|17033|17116|17216|17316|17416|17533|17633|17716,398.3;-104.8|406.8;-105.4|414.0;-105.9|421.3;-106.5|428.7;-107.2|437.3;-108.1|444.7;-109.1|452.1;-110.2|459.6;-111.5|467.0;-112.9|474.5;-114.4|481.9;-116.1|489.4;-117.9|496.9;-119.8|504.4;-121.9|511.9;-124.1|519.3;-126.4|526.8;-128.8|534.3;-131.3|541.8;-133.9,259|261|263|264|266|268|269|271|272|273|275|276|277|278|279|281|282|283|284|285,0|0|0|0|0|0|0|0|0|0|0|0|0|0|0|0|0|0|0|0,100|100|100|100|100|100|100|100|100|100|100|100|100|100|100|100|100|100|100|100,7|7|7|7|7|7|7|7|7|7|7|7|7|7|7|7|7|7|7|7,-0.0030|-0.0035|-0.0064|-0.0093|-0.0145|-0.0106|-0.0106|-0.0099|-0.0120|-0.0104|-0.0094|-0.0095|-0.0087|-0.0086|-0.0078|-0.0072|-0.0072|-0.0072|-0.0067|-0.0084,0.023;0.020;-0.001;-0.001|0.021;0.018;-0.001;-0.000|0.018;0.019;-0.001;-0.000|0.020;0.017;-0.001;-0.001|0.024;0.018;-0.000;-0.000|0.022;0.017;-0.001;-0.000|0.024;0.018;-0.000;-0.000|0.019;0.016;-0.001;-0.000|0.020;0.017;-0.000;-0.000|0.020;0.017;-0.000;-0.000|0.019;0.016;-0.000;-0.000|0.019;0.016;-0.000;-0.000|0.018;0.016;-0.000;-0.000|0.017;0.015;-0.000;-0.000|0.018;0.016;-0.000;-0.000|0.017;0.015;-0.000;-0.000|0.018;0.016;-0.000;-0.000|0.017;0.015;-0.000;-0.000|0.017;0.015;-0.000;-0.000|0.017;0.015;-0.000;-0.000,-0.001|0.001|-0.241|0.075|-0.005|-0.020|-0.014|-0.053|-0.004|0.010|-0.011|0.021|0.022|0.040|0.021|0.006|-0.001|0.021|0.026|0.010,0.49|0.49|0.45|0.50|0.41|0.43|0.42|0.39|0.41|0.39|0.38|0.38|0.37|0.36|0.35|0.34|0.33|0.32|0.31|0.30,0.3.1
AbuDhabi_Race_Mar20_001_L5,5,False,1,1,1307.41,295,8,19635,5.883,0.0,1314.19,290,8,19735,1478.88,93,2,23202,1580.64,185,4,26102,5.783,0.0,1507.41,104,2,24235,6467,100,100,3.2,3.2,0.0,7.7,1,0,1,0,0,0,0,0,0,0,0,False,0,0,0,False,70|61|73|72,76|91|69|79,66|79|78|84,93|97|98|100,58,30,55,50,1313|1327|1341|1355|1369|1383|1397|1412|1426|1440|1454|1468|1482|1496|1510|1524|1538|1552|1566|1580,19735|19902|20102|20318|20568|20835|21168|21485|21818|22168|22535|22885|23318|23835|24368|24785|25185|25502|25835|26102,690.7;-198.8|703.5;-205.0|716.1;-211.2|728.2;-217.3|740.8;-224.1|752.5;-231.6|764.1;-241.2|773.6;-251.7|780.1;-261.9|784.5;-272.8|785.9;-283.3|784.4;-293.0|779.1;-303.0|768.8;-311.8|755.1;-316.8|741.1;-318.9|726.7;-319.9|712.6;-319.9|698.0;-319.2|684.8;-318.1,290|266|239|215|196|180|162|145|129|112|99|95|93|97|108|126|144|159|173|185,62|100|100|67|47|36|34|32|32|24|0|0|0|0|0|0|0|0|0|0,13|0|0|0|0|0|0|0|0|0|14|33|37|53|76|94|100|100|100|100,8|8|8|7|6|5|5|4|3|2|2|2|2|2|2|2|3|3|3|4,-0.0010|-0.0005|-0.0034|-0.0098|-0.0249|-0.0386|-0.0495|-0.0549|-0.0872|-0.1526|-0.2097|-0.2104|-0.1697|-0.0854|-0.0312|-0.0165|-0.0120|-0.0101|-0.0080|-0.0023,-0.017;-0.016;-0.017;-0.017|-0.031;-0.031;-0.030;-0.030|-0.040;-0.040;-0.038;-0.037|-0.028;-0.027;-0.026;-0.021|-0.020;-0.021;-0.026;-0.014|-0.009;-0.011;-0.042;-0.012|-0.010;-0.007;-0.062;-0.014|-0.005;-0.003;-0.055;-0.013|-0.032;-0.028;-0.096;-0.016|-0.025;-0.017;-0.147;-0.017|0.022;0.000;0.004;0.000|0.053;0.011;0.002;0.000|0.074;0.014;0.000;-0.000|0.125;0.040;-0.004;-0.000|0.077;0.043;-0.002;-0.001|0.098;0.064;-0.002;-0.001|0.122;0.099;-0.002;-0.001|0.063;0.050;-0.001;-0.001|0.047;0.040;-0.001;-0.001|0.042;0.039;-0.001;-0.001,-0.016|0.043|0.012|0.001|-0.021|0.025|-0.041|-0.034|-0.036|-0.021|-0.012|0.041|-0.013|0.027|0.010|0.005|-0.027|-0.001|-0.012|-0.042,-2.49|-3.90|-3.79|-2.65|-1.98|-1.05|-1.31|-1.19|-1.44|-1.35|-0.50|-0.13|0.00|0.48|1.02|1.29|1.46|1.27|1.20|1.23,0.3.1
AbuDhabi_Race_Mar20_001_L5,6,False,1,1,2512.83,310,8,38051,6.116,0.0,2530.87,285,8,38251,2673.09,72,2,41601,2697.72,94,2,42701,6.117,0.0,2687.26,79,2,42268,4650,100,83,12.0,12.0,0.0,15.6,1,0,1,0,0,0,0,0,0,0,0,False,0,0,0,False,47|48|57|57,63|74|62|69,62|73|66|72,91|95|98|99,58,30,55,50,2530|2539|2548|2556|2565|2574|2583|2592|2600|2609|2618|2627|2635|2644|2653|2662|2671|2679|2688|2697,38251|38385|38501|38635|38751|38918|39068|39235|39418|39618|39835|40085|40368|40685|41068|41318|41551|41901|42335|42701,-264.7;-305.6|-273.7;-305.7|-282.2;-305.8|-291.3;-305.9|-299.7;-306.0|-308.5;-306.1|-317.7;-306.1|-326.2;-306.2|-334.9;-306.1|-343.6;-306.1|-352.3;-305.9|-361.4;-305.2|-370.0;-303.6|-378.9;-300.2|-386.3;-295.0|-389.8;-290.8|-391.8;-286.4|-393.0;-279.1|-391.5;-270.3|-388.3;-261.9,285|269|253|236|219|204|190|177|164|151|137|124|112|96|82|76|73|74|81|94,100|100|100|100|86|71|62|57|60|51|46|38|34|23|10|1|0|0|0|0,6|2|2|0|0|0|0|0|0|0|0|0|0|0|3|17|31|49|73|83,8|8|8|8|7|7|6|6|5|4|4|3|2|2|2|2|2|2|2|2,0.0007|0.0008|0.0004|-0.0024|-0.0013|-0.0022|-0.0006|-0.0009|-0.0033|-0.0066|-0.0208|-0.0578|-0.0977|-0.1487|-0.2177|-0.2169|-0.2066|-0.1411|-0.0571|-0.0216,-0.031;-0.031;-0.031;-0.031|-0.035;-0.035;-0.033;-0.034|-0.039;-0.039;-0.036;-0.038|-0.045;-0.044;-0.041;-0.044|-0.030;-0.029;-0.039;-0.037|-0.033;-0.033;-0.027;-0.026|-0.027;-0.027;-0.024;-0.024|-0.015;-0.015;-0.023;-0.023|-0.035;-0.035;-0.028;-0.026|-0.015;-0.016;-0.030;-0.022|-0.029;-0.028;-0.025;-0.017|-0.025;-0.026;-0.036;-0.014|-0.019;-0.017;-0.177;-0.018|-0.016;-0.022;-0.114;-0.017|0.016;-0.012;-0.030;-0.009|0.105;0.007;-0.003;-0.001|0.133;0.023;0.010;0.005|0.140;0.026;-0.001;-0.000|0.124;0.037;-0.001;-0.001|0.173;0.093;-0.001;-0.001,-0.000|0.002|0.002|0.014|-0.013|-0.009|0.017|-0.003|-0.008|-0.017|0.002|-0.011|0.000|0.011|0.021|-0.131|-0.344|-0.054|0.032|-0.007,-3.94|-3.89|-3.83|-3.73|-2.90|-2.74|-2.39|-1.95|-2.23|-1.22|-1.73|-1.48|-1.17|-1.20|-0.94|-0.35|-0.03|0.29|0.78|1.01,0.3.1
AbuDhabi_Race_Mar20_001_L5,7,False,1,1,0.0,0.0,0,0,6.117,0.0,2698.61,96,2,42735,2734.24,89,2,43851,2766.42,112,2,45068,6.084,0.0,2749.13,93,2,44451,2333,0,80,0.0,0.0,0.0,1.3,0,0,0,0,0,0,0,0,0,0,0,False,0,0,0,False,62|73|66|72,70|73|73|73,72|70|78|76,91|95|97|99,58,30,55,50,2698|2701|2705|2709|2712|2716|2719|2723|2727|2730|2734|2737|2741|2744|2748|2752|2755|2759|2762|2766,42735|42868|42985|43118|43235|43351|43485|43585|43651|43751|43851|43985|44135|44285|44435|44568|44685|44835|44951|45068,-387.9;-261.1|-386.4;-257.8|-385.0;-254.7|-383.6;-251.1|-382.7;-247.9|-382.0;-244.7|-381.7;-241.0|-381.7;-238.4|-381.9;-236.2|-382.2;-234.1|-382.8;-231.7|-383.7;-228.6|-385.2;-225.3|-387.1;-222.1|-389.4;-219.0|-391.6;-216.3|-394.1;-213.7|-396.9;-211.1|-399.5;-208.8|-402.3;-206.6,96|101|104|104|102|100|96|94|92|91|89|87|87|89|92|96|100|104|108|112,0|0|0|0|0|0|0|0|0|0|0|0|0|0|0|0|0|0|0|0,83|65|31|12|7|6|5|5|8|12|19|29|43|57|64|69|72|75|80|81,2|2|2|2|2|2|2|2|2|2|2|2|2|2|2|2|2|2|2|2,-0.0158|0.0345|0.0935|0.1428|0.1684|0.1705|0.1623|0.1564|0.1555|0.1541|0.1437|0.1191|0.0909|0.0756|0.0615|0.0625|0.0526|0.0389|0.0279|0.0146,0.190;0.113;-0.001;-0.001|0.148;0.136;-0.002;-0.001|0.006;0.018;-0.000;0.000|-0.001;0.017;0.000;0.002|-0.004;0.025;0.000;0.003|-0.004;0.032;0.000;0.001|-0.001;0.049;0.001;0.003|-0.001;0.053;0.001;0.003|0.002;0.062;0.002;0.003|0.008;0.071;0.001;0.006|0.020;0.063;0.000;0.017|0.022;0.074;0.000;0.032|0.027;0.079;-0.000;0.010|0.023;0.063;-0.001;-0.002|0.029;0.075;-0.001;-0.001|0.037;0.115;-0.001;-0.001|0.058;0.173;-0.001;-0.001|0.074;0.171;-0.001;-0.002|0.091;0.169;-0.001;-0.003|0.089;0.155;-0.001;-0.005,-0.002|-0.024|-0.069|-0.030|0.003|-0.040|-0.051|-0.068|-0.010|0.066|0.065|0.060|0.072|0.049|0.010|-0.030|-0.043|0.004|0.012|0.038,0.98|1.18|0.13|-0.27|-0.45|-0.54|-0.54|-0.51|-0.46|-0.35|-0.23|-0.09|0.26|0.53|0.73|0.78|0.88|0.97|1.01|1.06,0.3.1
AbuDhabi_Race_Mar20_001_L5,8,True,1,1,0.0,0.0,0,0,6.084,0.0,2791.57,143,3,45768,2968.1,250,6,48868,3091.32,277,7,50534,6.383,0.0,2838.6,184,4,46785,4766,0,100,0.1,0.1,0.0,2.0,0,0,0,0,0,0,0,0,0,0,0,False,0,0,0,False,69|68|85|83,59|60|79|80,55|56|72|74,91|95|97|99,58,30,55,50,2791|2807|2822|2838|2854|2870|2886|2901|2917|2933|2949|2964|2980|2996|3012|3028|3043|3059|3075|3091,45768|46168|46501|46801|47101|47385|47635|47901|48135|48368|48618|48835|49051|49268|49485|49701|49918|50134|50334|50534,-423.9;-193.3|-437.5;-184.6|-450.2;-175.9|-462.8;-166.4|-474.4;-156.8|-486.1;-146.1|-497.3;-135.1|-507.7;-123.8|-517.9;-111.7|-527.3;-99.6|-536.4;-86.9|-545.2;-73.5|-552.9;-60.4|-560.3;-46.9|-567.2;-32.8|-573.8;-18.3|-580.0;-3.5|-586.0;11.6|-591.5;25.8|-596.9;40.1,143|160|173|185|196|207|216|224|232|238|244|249|254|258|262|265|268|271|274|277,0|0|0|0|0|0|0|0|0|0|0|0|0|0|0|0|0|0|0|0,100|100|100|100|100|100|100|100|100|100|100|100|100|100|100|100|100|100|100|100,3|3|4|4|4|5|5|5|5|6|6|6|6|6|6|7|7|7|7|7,-0.0102|-0.0041|-0.0126|-0.0102|-0.0121|-0.0107|-0.0111|-0.0115|-0.0109|-0.0110|-0.0120|-0.0118|-0.0113|-0.0101|-0.0104|-0.0064|-0.0030|-0.0025|-0.0023|-0.0015,0.113;0.083;-0.002;-0.001|0.042;0.040;-0.001;-0.001|0.053;0.040;-0.001;-0.001|0.051;0.042;-0.001;-0.001|0.043;0.035;-0.001;-0.001|0.038;0.031;-0.001;-0.001|0.035;0.029;-0.001;-0.001|0.032;0.027;-0.001;-0.001|0.030;0.025;-0.001;-0.001|0.032;0.026;-0.001;-0.001|0.027;0.022;-0.001;-0.001|0.026;0.021;-0.001;-0.001|0.023;0.019;-0.001;-0.001|0.021;0.018;-0.001;-0.000|0.020;0.017;-0.000;-0.000|0.020;0.018;-0.000;-0.000|0.019;0.017;-0.000;-0.000|0.018;0.018;-0.000;-0.000|0.018;0.017;-0.000;-0.000|0.018;0.017;-0.000;-0.000,0.009|-0.001|0.033|0.010|-0.003|0.006|-0.003|-0.006|-0.002|-0.002|0.008|0.012|-0.004|-0.010|0.010|0.010|-0.002|0.002|-0.002|-0.004,1.38|1.11|1.18|1.18|1.09|1.03|0.97|0.90|0.82|0.95|0.69|0.63|0.57|0.52|0.47|0.43|0.42|0.40|0.38|0.36,0.3.1
AbuDhabi_Race_Mar20_001_L5,9,False,1,1,3561.53,306,8,56217,6.467,0.0,3576.66,285,8,56400,3691.99,149,4,58450,3951.1,220,5,63483,6.6,0.0,3705.33,150,4,58717,7266,100,100,15.3,15.3,0.0,7.8,0,0,0,0,0,0,0,0,0,0,0,False,0,0,0,False,48|49|58|61,63|76|62|75,64|108|82|101,90|94|97|99,58,30,55,50,3576|3596|3615|3635|3655|3674|3694|3714|3733|3753|3773|3792|3812|3832|3851|3871|3891|3910|3930|3951,56400|56683|56983|57333|57733|58117|58517|58883|59317|59733|60133|60533|60917|61300|61650|62033|62417|62800|63150|63483,-719.2;508.2|-720.5;527.9|-720.5;548.3|-718.5;568.2|-713.8;587.0|-706.7;602.7|-696.3;615.8|-683.7;625.5|-667.5;632.3|-649.6;634.6|-631.9;632.5|-614.6;626.2|-599.3;616.2|-586.3;602.9|-576.4;587.5|-569.5;569.2|-566.3;549.2|-566.9;528.9|-570.4;509.1|-576.1;490.0,285|249|218|193|172|153|149|150|153|158|163|168|173|177|182|186|194|203|211|220,100|90|56|44|35|4|0|0|0|0|0|0|0|0|0|0|0|0|0|0,0|1|4|6|8|34|55|68|74|77|78|80|82|84|85|92|100|100|100|100,8|7|6|5|4|4|4|4|4|4|4|4|4|4|4|4|5|5|5|5,-0.0107|-0.0160|-0.0227|-0.0308|-0.0572|-0.1094|-0.1110|-0.1056|-0.0808|-0.0728|-0.0740|-0.0729|-0.0756|-0.0744|-0.0728|-0.0565|-0.0439|-0.0372|-0.0210|-0.0057,-0.033;-0.032;-0.033;-0.029|-0.015;-0.013;-0.057;-0.028|-0.003;-0.003;-0.032;-0.017|0.009;0.004;-0.056;-0.015|-0.017;-0.015;-0.068;-0.012|0.024;0.003;-0.030;-0.002|0.049;0.019;0.000;-0.000|0.049;0.019;-0.001;-0.000|0.085;0.031;-0.002;-0.000|0.073;0.030;-0.003;-0.000|0.069;0.029;-0.002;-0.001|0.065;0.028;-0.002;-0.000|0.069;0.030;-0.003;-0.001|0.067;0.029;-0.002;-0.001|0.059;0.027;-0.004;-0.000|0.061;0.029;-0.003;-0.001|0.074;0.036;-0.003;-0.001|0.048;0.028;-0.003;-0.001|0.046;0.035;-0.001;-0.001|0.034;0.026;-0.001;-0.001,0.025|0.053|0.018|-0.015|-0.018|-0.070|-0.018|-0.016|0.056|0.006|-0.004|0.009|-0.010|-0.023|-0.021|-0.030|-0.053|0.056|0.044|-0.139,-3.98|-2.88|-1.84|-0.97|-1.50|-0.53|0.09|0.25|0.40|0.51|0.46|0.49|0.50|0.38|0.55|0.55|0.82|0.83|0.63|0.79,0.3.1
AbuDhabi_Race_Mar20_001_L5,10,True,1,1,0.0,0.0,0,0,6.584,0.0,4053.58,254,6,65034,4136.87,267,7,66150,4164.02,270,7,66517,6.634,0.0,4162.77,270,7,66501,1483,0,100,3.4,0.0,0.0,7.3,0,0,0,0,0,0,0,0,0,0,0,False,0,0,0,False,58|87|75|87,62|81|78|83,66|80|80|83,89|95|97|100,58,30,55,50,4052|4058|4064|4070|4076|4082|4087|4093|4099|4105|4111|4117|4122|4128|4134|4140|4146|4152|4157|4164,65034|65100|65200|65267|65367|65434|65500|65600|65667|65734|65834|65884|65984|66067|66134|66200|66300|66367|66467|66517,-607.0;392.1|-608.5;386.4|-609.9;380.6|-611.3;374.8|-612.5;368.9|-613.4;364.2|-614.5;358.2|-615.5;352.2|-616.4;346.2|-617.1;341.3|-617.8;335.2|-618.2;330.3|-618.5;324.1|-618.7;318.0|-618.6;311.8|-618.4;306.8|-617.9;300.6|-617.3;294.4|-616.4;288.2|-615.6;283.3,254|255|257|258|259|260|261|263|264|264|265|266|267|267|267|268|268|269|269|270,0|0|0|0|0|0|0|0|0|0|0|0|0|0|0|0|0|0|0|0,100|100|100|100|100|100|100|100|100|100|100|100|100|100|100|100|100|100|100|100,6|6|6|6|6|6|6|6|6|6|6|7|7|7|7|7|7|7|7|7,0.0104|0.0134|0.0151|0.0145|0.0118|0.0113|0.0126|0.0151|0.0199|0.0196|0.0308|0.0337|0.0339|0.0329|0.0314|0.0306|0.0275|0.0226|0.0235|0.0241,0.019;0.022;-0.000;-0.001|0.018;0.021;-0.001;-0.000|0.018;0.023;-0.000;-0.000|0.018;0.022;-0.000;-0.000|0.017;0.021;-0.000;-0.001|0.017;0.021;-0.000;-0.000|0.016;0.020;-0.000;-0.000|0.016;0.020;-0.000;-0.000|0.016;0.021;-0.000;-0.000|0.016;0.021;-0.000;-0.000|0.015;0.022;-0.000;-0.000|0.016;0.025;-0.000;-0.000|0.016;0.026;-0.000;-0.000|0.017;0.029;-0.000;-0.000|0.017;0.028;-0.000;-0.000|0.017;0.028;-0.000;-0.000|0.017;0.026;-0.000;-0.000|0.017;0.025;-0.000;-0.000|0.016;0.024;-0.000;-0.000|0.016;0.023;-0.000;-0.001,0.006|0.013|0.008|0.007|-0.010|-0.001|-0.009|0.008|0.005|0.021|0.026|0.013|0.009|0.007|-0.014|0.002|-0.014|-0.016|-0.009|-0.014,0.51|0.48|0.45|0.45|0.44|0.44|0.43|0.41|0.38|0.35|0.32|0.42|0.25|0.24|0.24|0.26|0.27|0.29|0.30|0.29,0.3.1
AbuDhabi_Race_Mar20_001_L5,11,True,1,1,0.0,0.0,0,0,6.634,0.0,4165.26,270,7,66534,4237.5,269,7,67501,4243.97,267,7,67584,6.65,0.0,4240.06,268,7,67534,1050,2,94,0.5,0.0,0.0,0.5,0,0,0,0,0,0,0,0,0,0,0,False,0,0,0,False,66|80|80|83,82|81|90|85,84|82|91|85,89|96|97|100,58,30,55,50,4164|4170|4175|4180|4185|4191|4196|4201|4206|4211|4217|4222|4227|4232|4238|4243|4248|4253|4259|4243,66534|66617|66684|66767|66817|66901|66951|67017|67117|67167|67234|67301|67384|67451|67534|67584,-615.4;282.1|-614.5;277.1|-613.1;271.0|-611.9;266.1|-610.6;261.2|-609.2;256.4|-607.6;251.6|-606.0;246.8|-603.7;241.0|-601.7;236.4|-599.5;231.8|-597.2;227.4|-594.2;221.9|-591.6;217.6|-588.9;213.5|-586.0;209.4,270|271|271|272|272|272|272|272|271|271|270|270|269|269|269|267,0|0|0|1|1|1|2|2|2|2|2|2|1|0|1|12,100|100|100|100|100|100|100|100|100|100|100|100|100|100|100|57,7|7|7|7|7|7|7|7|7|7|7|7|7|7|7|7,0.0241|0.0240|0.0243|0.0282|0.0330|0.0349|0.0350|0.0378|0.0443|0.0501|0.0536|0.0544|0.0522|0.0511|0.0497|0.0459,0.016;0.023;-0.000;-0.001|0.016;0.023;-0.000;-0.001|0.016;0.023;-0.001;-0.001|0.016;0.023;-0.001;-0.001|0.016;0.024;-0.001;-0.001|0.016;0.026;-0.001;-0.001|0.016;0.026;-0.001;-0.002|0.015;0.026;-0.001;-0.002|0.013;0.023;-0.001;-0.002|0.014;0.027;-0.001;-0.002|0.014;0.028;-0.001;-0.003|0.018;0.035;-0.001;-0.002|0.019;0.036;-0.001;-0.002|0.018;0.034;-0.001;-0.001|0.017;0.031;-0.001;-0.002|0.002;0.008;-0.003;-0.008,-0.016|-0.004|0.008|-0.004|0.014|0.015|-0.003|0.017|-0.010|0.009|-0.000|-0.005|0.012|0.000|-0.009|-0.027,0.29|0.29|0.26|0.23|0.19|0.18|0.14|0.04|-0.05|-0.08|-0.10|0.03|0.05|0.07|0.04|-0.77,0.3.1
AbuDhabi_Race_Mar20_001_L5,12,False,1,1,4245.3,266,7,67617,6.65,0.0,4265.58,240,7,67867,4390.74,100,2,70901,4438.36,136,3,72418,6.8,0.0,4415.08,111,2,71735,4801,82,86,0.0,0.0,0.0,7.7,0,0,0,0,0,0,0,0,0,0,0,False,0,0,0,False,85|82|91|85,85|80|86|76,81|75|84|77,90|96|97|100,58,30,55,50,4265|4274|4283|4292|4301|4310|4319|4329|4338|4347|4356|4365|4374|4383|4392|4401|4410|4420|4429|4438,67867|68018|68184|68334|68501|68701|68901|69134|69368|69651|69951|70285|70551|70735|70968|71285|71618|71902|72168|72418,-572.9;194.1|-566.0;187.4|-559.3;181.4|-552.3;175.5|-545.5;170.3|-537.8;164.7|-530.5;159.9|-522.4;154.9|-514.9;150.6|-506.4;146.4|-497.9;143.4|-488.4;142.0|-480.8;142.5|-475.8;143.8|-469.8;146.4|-462.5;151.6|-456.2;158.4|-451.0;166.1|-446.8;174.0|-443.0;182.2,240|223|207|190|177|164|152|139|127|114|104|103|102|101|100|102|108|116|125|136,81|80|77|69|53|45|44|43|38|32|8|0|0|0|0|0|0|0|0|0,0|0|0|0|0|0|0|0|0|0|5|33|30|29|34|48|57|76|85|86,7|6|6|6|5|5|4|4|3|2|2|2|2|2|2|2|2|2|2|3,0.0246|0.0234|0.0220|0.0189|0.0183|0.0151|0.0112|0.0172|0.0273|0.0578|0.0943|0.1451|0.1469|0.1265|0.1225|0.1010|0.0619|0.0414|0.0233|-0.0042,-0.032;-0.039;-0.022;-0.069|-0.008;-0.010;-0.026;-0.104|-0.038;-0.045;-0.028;-0.121|-0.039;-0.045;-0.024;-0.073|-0.027;-0.029;-0.017;-0.025|-0.023;-0.025;-0.016;-0.023|-0.024;-0.026;-0.016;-0.020|-0.005;-0.005;-0.017;-0.023|-0.026;-0.026;-0.014;-0.026|-0.013;-0.011;-0.014;-0.060|-0.011;-0.001;-0.003;-0.010|0.009;0.041;-0.000;0.000|0.008;0.071;-0.000;0.001|0.013;0.058;0.000;-0.000|0.010;0.040;-0.000;-0.001|0.018;0.061;-0.000;-0.002|0.025;0.064;-0.001;-0.002|0.039;0.076;-0.001;-0.002|0.044;0.070;-0.001;-0.002|0.083;0.086;-0.001;-0.002,0.042|0.034|-0.001|-0.008|-0.003|-0.007|-0.010|0.015|-0.027|0.015|-0.017|0.015|0.010|0.123|0.024|0.008|-0.001|-0.003|0.006|0.010,-3.36|-2.29|-2.98|-2.72|-2.14|-1.79|-1.74|-1.35|-1.50|-0.93|-0.62|0.03|-0.16|0.07|0.12|0.35|0.62|0.97|1.09|1.38,0.3.1
AbuDhabi_Race_Mar20_001_L5,13,False,1,1,0.0,0.0,0,0,6.8,0.0,4445.47,142,3,72602,4513.28,127,3,74269,4558.33,136,3,75552,6.783,0.0,0.0,0.0,0,0,2950,0,58,0.0,0.0,0.0,4.1,0,0,0,0,0,0,0,0,0,0,0,False,0,0,0,False,79|74|84|77,77|96|79|82,74|99|77|82,90|96|97|99,58,30,55,50,4445|4451|4456|4462|4468|4474|4480|4486|4492|4498|4504|4510|4516|4522|4528|4534|4539|4545|4551|4558,72602|72752|72885|73035|73169|73319|73452|73585|73735|73885|74035|74185|74369|74552|74719|74902|75086|75236|75386|75552,-440.1;188.7|-437.4;194.1|-434.7;198.9|-431.4;204.0|-428.1;208.2|-424.0;212.5|-420.2;215.9|-416.2;218.9|-411.5;221.8|-406.7;224.3|-401.7;226.5|-396.7;228.2|-390.3;229.6|-383.9;230.3|-378.0;230.3|-371.6;229.6|-365.1;228.2|-359.8;226.7|-354.6;224.7|-348.9;222.2,142|146|147|145|143|139|136|134|131|129|128|128|127|126|127|128|130|132|134|136,0|0|0|0|0|0|0|0|0|0|0|0|0|0|0|0|0|0|0|0,77|61|44|24|20|20|20|20|25|40|44|45|49|52|54|55|54|53|55|58,3|3|3|3|3|3|3|3|3|3|3|3|3|3|3|3|3|3|3|3,-0.0268|-0.0455|-0.0702|-0.1123|-0.1292|-0.1368|-0.1499|-0.1623|-0.1754|-0.1808|-0.1810|-0.1784|-0.1649|-0.1396|-0.1124|-0.0823|-0.0692|-0.0498|-0.0385|-0.0445,0.039;0.027;-0.001;-0.001|0.027;0.015;-0.001;-0.000|0.022;0.008;0.000;-0.000|0.016;0.001;0.003;0.000|0.017;0.001;0.006;0.001|0.020;0.002;0.005;0.001|0.018;0.003;0.007;0.001|0.018;0.003;0.006;0.001|0.028;0.005;0.007;0.001|0.045;0.013;0.004;0.000|0.058;0.016;0.002;-0.000|0.065;0.017;0.002;-0.000|0.065;0.019;0.001;-0.000|0.068;0.021;-0.001;-0.000|0.064;0.022;-0.002;-0.000|0.034;0.019;-0.018;-0.001|0.034;0.011;-0.003;-0.000|0.035;0.012;-0.001;-0.000|0.030;0.012;-0.001;-0.000|0.036;0.017;-0.001;-0.001,0.022|0.019|0.023|0.016|0.005|0.033|0.004|-0.034|-0.060|-0.059|-0.040|0.028|0.028|0.033|-0.005|0.038|0.048|0.012|-0.006|-0.061,0.83|0.42|0.08|-0.36|-0.46|-0.54|-0.53|-0.44|-0.36|-0.14|-0.08|-0.12|-0.03|0.09|0.19|0.37|0.46|0.43|0.46|0.43,0.3.1
AbuDhabi_Race_Mar20_001_L5,14,False,1,1,0.0,0.0,0,0,6.783,0.0,4558.96,137,3,75569,4629.26,132,3,77303,4747.31,208,5,79903,6.6,0.0,4641.9,134,3,77653,4334,0,100,0.0,0.0,0.0,2.0,0,0,0,0,0,0,0,0,0,0,0,False,0,0,0,False,74|99|77|82,73|110|74|85,64|89|78|85,90|96|97|99,58,30,55,50,4558|4568|4578|4588|4598|4608|4618|4627|4637|4647|4657|4667|4677|4687|4697|4707|4716|4726|4736|4747,75569|75836|76103|76353|76569|76769|77019|77269|77553|77820|78070|78320|78553|78770|78987|79170|79353|79553|79720|79903,-348.3;221.9|-339.3;216.9|-330.9;210.7|-323.8;203.8|-318.7;197.0|-314.7;190.3|-310.7;181.6|-308.1;172.6|-306.7;162.3|-307.1;152.2|-308.5;142.4|-310.8;132.2|-313.8;122.3|-317.4;112.9|-322.0;103.4|-326.5;95.3|-331.5;87.1|-337.3;77.9|-342.5;70.2|-348.3;61.5,137|140|142|142|141|139|136|132|133|138|146|155|163|171|179|185|191|198|203|208,0|0|0|0|0|0|0|0|0|0|0|0|0|0|0|0|0|0|0|0,58|59|51|48|40|36|26|41|61|77|92|100|100|100|100|100|100|100|100|100,3|3|3|3|3|3|3|3|3|3|3|3|4|4|4|4|4|5|5|5,-0.0438|-0.0564|-0.0953|-0.0941|-0.1166|-0.1358|-0.1671|-0.1583|-0.0775|-0.0298|-0.0275|-0.0357|-0.0254|-0.0235|-0.0126|-0.0114|-0.0095|-0.0044|-0.0030|0.0006,0.035;0.020;-0.001;-0.001|0.031;0.015;-0.001;-0.001|0.046;0.015;-0.000;-0.000|0.046;0.014;0.000;-0.000|0.035;0.010;0.001;0.000|0.048;0.012;0.003;0.000|0.025;0.005;0.006;0.001|0.033;0.010;0.002;-0.000|0.070;0.026;-0.002;-0.000|0.062;0.033;-0.003;-0.001|0.060;0.037;-0.002;-0.001|0.064;0.045;-0.004;-0.001|0.099;0.079;-0.002;-0.001|0.081;0.052;-0.002;-0.001|0.052;0.037;-0.001;-0.001|0.047;0.035;-0.001;-0.001|0.039;0.034;-0.001;-0.001|0.030;0.028;-0.001;-0.001|0.029;0.028;-0.001;-0.001|0.028;0.028;-0.001;-0.001,-0.087|-0.005|0.001|0.007|-0.002|-0.019|-0.012|0.053|0.028|0.022|-0.006|0.095|0.066|0.020|-0.029|-0.078|-0.052|0.001|0.012|0.010,0.39|0.36|0.11|0.02|-0.09|-0.16|-0.38|-0.15|0.35|0.79|1.03|1.11|1.06|0.99|1.00|0.96|0.94|0.88|0.85|0.82,0.3.1
AbuDhabi_Race_Mar20_001_L5,15,True,1,1,0.0,0.0,0,0,6.6,0.0,4779.12,223,5,80437,4919.88,243,6,82521,5005.93,256,7,83771,6.733,0.0,4893.61,244,6,82187,3334,0,100,2.3,0.0,0.0,0.7,0,0,0,0,0,0,0,0,0,0,0,False,0,0,0,False,62|84|76|82,95|82|96|88,97|78|98|86,90|96|97|99,58,30,55,50,4779|4790|4802|4814|4826|4838|4850|4862|4874|4886|4898|4909|4921|4933|4945|4957|4969|4981|4993|5005,80437|80637|80820|81004|81187|81370|81554|81737|81920|82087|82237|82404|82537|82704|82904|83087|83254|83421|83587|83771,-366.2;34.9|-373.0;24.3|-379.2;14.3|-385.0;3.9|-390.1;-7.0|-394.3;-18.5|-397.4;-30.3|-399.4;-42.4|-400.3;-53.6|-400.4;-64.9|-399.4;-76.2|-397.6;-86.2|-395.0;-96.0|-391.2;-106.6|-386.0;-117.9|-379.9;-128.9|-373.5;-138.4|-365.8;-148.7|-358.3;-157.7|-350.4;-166.4,223|228|232|235|238|240|241|242|243|243|244|243|243|244|245|247|249|251|254|256,0|0|0|0|0|0|0|0|0|0|0|0|0|0|0|0|0|0|0|0,100|100|100|100|100|100|100|100|100|100|100|100|100|100|100|100|100|100|100|100,5|6|6|6|6|6|6|6|6|6|6|6|6|6|6|6|7|7|7|7,0.0043|0.0082|0.0252|0.0392|0.0408|0.0550|0.0568|0.0542|0.0617|0.0669|0.0652|0.0683|0.0632|0.0483|0.0504|0.0267|0.0223|0.0216|0.0166|0.0150,0.024;0.025;-0.001;-0.001|0.033;0.036;-0.001;-0.001|0.021;0.028;-0.001;-0.001|0.021;0.036;-0.001;-0.000|0.022;0.041;-0.000;-0.001|0.023;0.044;-0.000;-0.000|0.022;0.043;-0.000;-0.001|0.025;0.047;-0.000;-0.001|0.025;0.048;-0.000;-0.001|0.023;0.047;-0.000;-0.001|0.020;0.043;-0.000;-0.000|0.022;0.049;-0.000;-0.001|0.024;0.047;-0.000;-0.001|0.023;0.043;-0.000;-0.001|0.026;0.044;-0.001;-0.001|0.017;0.030;-0.000;-0.001|0.020;0.029;-0.001;-0.001|0.018;0.025;-0.000;-0.001|0.018;0.023;-0.000;-0.001|0.020;0.023;-0.000;-0.000,-0.006|0.010|0.027|0.085|0.014|0.012|-0.006|0.009|0.021|0.043|0.078|-0.203|-0.041|-0.013|-0.052|0.051|-0.037|-0.014|0.015|-0.012,0.72|0.77|0.61|0.50|0.48|0.36|0.31|0.30|0.37|0.32|0.20|0.11|0.20|0.35|0.35|0.41|0.41|0.42|0.45|0.41,0.3.1
AbuDhabi_Race_Mar20_001_L5,16,False,1,1,5015.47,256,7,83888,6.733,0.0,5023.69,249,7,84004,5131.37,111,3,86355,5214.2,163,3,88655,6.833,0.0,5154.53,119,3,87088,4767,89,100,1.8,0.0,0.0,0.2,1,0,0,1,0,0,0,0,0,0,0,False,0,0,0,False,95|78|97|85,98|81|92|77,84|73|86|76,91|96|97|99,58,30,55,50,5023|5033|5043|5053|5063|5073|5083|5093|5103|5113|5123|5133|5143|5153|5163|5173|5183|5194|5204|5214,84004|84154|84321|84521|84688|84921|85138|85371|85638|85921|86171|86421|86721|87072|87372|87655|87922|88172|88439|88655,-337.9;-179.0|-330.6;-185.9|-323.0;-192.9|-315.1;-199.6|-307.6;-205.5|-299.1;-211.6|-290.2;-216.9|-281.5;-220.8|-272.0;-223.8|-262.4;-225.1|-254.4;-224.4|-246.9;-222.3|-238.6;-218.0|-230.0;-211.5|-222.5;-203.7|-216.4;-195.6|-211.2;-187.1|-206.5;-178.4|-201.9;-169.0|-198.0;-160.3,249|232|213|196|180|167|152|141|128|119|113|111|113|119|126|131|138|146|154|163,64|88|81|66|53|45|38|28|19|8|0|0|0|0|0|0|0|0|0|0,3|2|2|0|0|0|0|0|0|0|27|39|58|64|66|66|77|85|95|100,7|7|7|6|6|5|5|4|4|3|3|3|3|3|3|3|3|3|3|3,0.0094|0.0080|0.0182|0.0232|0.0224|0.0326|0.0700|0.0871|0.1203|0.1432|0.1269|0.0954|0.0695|0.0612|0.0534|0.0221|0.0223|0.0146|0.0092|0.0012,-0.023;-0.024;-0.018;-0.026|-0.043;-0.049;-0.029;-0.034|-0.041;-0.047;-0.028;-0.061|-0.033;-0.036;-0.022;-0.101|-0.026;-0.027;-0.018;-0.046|-0.022;-0.023;-0.014;-0.033|-0.024;-0.025;-0.015;-0.053|-0.023;-0.020;-0.012;-0.383|-0.018;-0.013;-0.010;-0.101|-0.013;0.003;-0.003;-0.032|0.009;0.054;0.000;0.000|0.008;0.040;0.000;-0.001|0.018;0.048;-0.000;-0.001|0.022;0.052;-0.001;-0.001|0.028;0.068;-0.001;-0.002|0.041;0.060;-0.001;-0.002|0.027;0.041;-0.001;-0.002|0.043;0.042;-0.001;-0.001|0.043;0.077;-0.001;-0.001|0.047;0.049;-0.002;-0.001,0.044|0.121|-0.030|-0.040|-0.067|-0.030|0.021|-0.046|-0.025|0.087|0.021|0.000|0.021|-0.017|-0.026|0.097|0.036|-0.021|-0.159|-0.072,-2.61|-3.52|-3.02|-2.59|-2.11|-1.86|-1.63|-1.34|-1.16|-0.96|-0.14|0.02|0.43|0.56|0.60|0.73|1.00|1.16|0.85|1.01,0.3.1
AbuDhabi_Race_Mar20_001_L6,1,False,1,1,286.96,291,7,3949,7.25,0.0,300.21,280,7,4116,430.44,156,4,6383,516.81,200,5,8283,6.966,0.0,457.34,157,4,7066,4334,57,100,14.0,13.6,0.0,5.1,0,0,0,0,0,0,0,0,0,0,0,False,0,0,0,False,55|54|69|67,72|103|70|84,66|92|75|86,91|96|97|99,58,30,55,50,299|310|322|333|345|356|367|379|390|402|413|425|436|447|459|470|482|493|504|516,4116|4266|4416|4600|4766|4950|5150|5366|5600|5800|6033|6266|6550|6850|7116|7383|7633|7866|8066|8283,-46.6;173.8|-41.9;184.2|-37.3;194.1|-31.6;205.4|-26.2;214.7|-19.8;223.9|-12.3;232.7|-3.8;240.8|5.7;247.5|13.9;251.9|23.0;255.3|33.8;257.7|46.1;258.4|59.0;256.9|70.3;254.0|81.5;249.8|91.6;245.4|101.9;240.1|111.8;234.6|121.9;228.5,280|267|255|239|227|214|201|188|173|164|160|157|156|156|158|165|173|183|192|200,47|56|54|48|41|33|26|22|14|0|0|0|0|0|0|0|0|0|0|0,4|2|1|1|1|1|1|1|1|23|45|50|53|53|70|95|99|100|100|100,7|7|6|6|6|5|5|4|4|4|4|4|4|4|4|4|4|4|4|5,0.0015|-0.0094|-0.0223|-0.0294|-0.0505|-0.0739|-0.0810|-0.1107|-0.1539|-0.1747|-0.1421|-0.1382|-0.0937|-0.0581|-0.0309|-0.0192|-0.0134|-0.0075|-0.0053|-0.0064,-0.015;-0.015;-0.012;-0.014|-0.019;-0.019;-0.018;-0.017|-0.021;-0.020;-0.019;-0.018|-0.019;-0.024;-0.038;-0.011|-0.018;-0.020;-0.102;-0.013|-0.017;-0.018;-0.085;-0.012|-0.016;-0.018;-0.086;-0.011|-0.013;-0.016;-0.101;-0.012|-0.007;-0.011;-0.068;-0.010|0.014;0.002;0.003;0.001|0.035;0.011;0.002;0.000|0.044;0.014;0.002;-0.000|0.043;0.015;-0.000;-0.000|0.042;0.022;-0.002;-0.000|0.044;0.024;-0.001;-0.001|0.062;0.042;-0.001;-0.001|0.076;0.056;-0.002;-0.001|0.071;0.054;-0.002;-0.001|0.053;0.045;-0.001;-0.001|0.047;0.041;-0.001;-0.001,0.058|0.118|0.168|-0.063|-0.127|0.003|-0.011|0.012|0.025|0.026|0.004|0.007|0.019|0.055|0.002|0.000|0.010|0.005|-0.012|0.011,-2.23|-2.65|-2.43|-2.13|-2.00|-1.87|-1.65|-1.63|-1.45|-0.73|-0.22|-0.12|0.04|0.22|0.52|0.95|1.15|1.18|1.11|1.11,0.3.1
AbuDhabi_Race_Mar20_001_L6,2,True,1,1,0.0,0.0,0,0,6.933,0.0,580.46,234,6,9333,642.33,247,6,10300,716.86,256,6,11349,6.984,0.0,701.54,253,6,11116,2016,0,100,11.8,11.8,0.0,3.1,0,0,0,0,0,0,0,0,0,0,0,False,0,0,0,False,62|82|75|84,66|91|80|92,69|98|83|99,90|96|97|99,58,30,55,50,579|586|594|601|608|615|622|629|636|644|651|658|665|672|679|687|694|701|708|716,9333|9433|9566|9666|9783|9900|10000|10100|10233|10333|10433|10533|10633|10716|10833|10933|11016|11116|11233|11349,173.9;191.6|178.9;187.4|184.7;182.2|190.3;176.8|195.0;172.0|200.2;166.0|205.2;159.8|209.2;154.2|213.4;147.5|216.7;141.4|219.7;135.2|222.4;128.9|224.7;122.4|226.7;115.8|228.5;109.0|229.9;102.2|231.0;95.3|231.9;88.4|232.5;81.4|233.0;73.1,234|237|240|242|243|245|246|246|247|247|248|248|249|249|250|251|252|253|254|256,0|0|0|0|0|0|0|0|0|0|0|0|0|0|0|0|0|0|0|0,100|100|100|100|100|100|100|100|100|100|100|100|100|100|100|100|100|100|100|100,6|6|6|6|6|6|6|6|6|6|6|6|6|6|6|6|6|6|6|6,-0.0161|-0.0180|-0.0232|-0.0345|-0.0407|-0.0433|-0.0482|-0.0451|-0.0473|-0.0454|-0.0440|-0.0433|-0.0383|-0.0346|-0.0369|-0.0325|-0.0275|-0.0227|-0.0149|-0.0100,0.036;0.028;-0.001;-0.001|0.035;0.026;-0.001;-0.001|0.037;0.026;-0.001;-0.001|0.038;0.027;-0.001;-0.001|0.040;0.022;-0.000;-0.000|0.043;0.035;-0.006;-0.000|0.051;0.026;-0.001;-0.000|0.043;0.022;-0.000;-0.000|0.044;0.023;-0.000;-0.000|0.041;0.021;-0.001;-0.000|0.043;0.022;-0.001;-0.000|0.045;0.024;-0.000;-0.000|0.039;0.021;-0.000;-0.000|0.037;0.020;-0.001;-0.000|0.044;0.024;-0.001;-0.000|0.039;0.022;-0.001;-0.000|0.036;0.022;-0.001;-0.000|0.031;0.020;-0.001;-0.000|0.029;0.020;-0.001;-0.000|0.024;0.019;-0.001;-0.000,0.015|0.013|0.004|0.121|-0.052|0.049|0.003|-0.022|-0.015|0.004|-0.013|-0.029|-0.030|-0.041|-0.078|-0.024|-0.004|-0.012|-0.033|-0.016,0.76|0.72|0.68|0.60|0.44|0.36|0.41|0.33|0.31|0.32|0.30|0.30|0.32|0.32|0.31|0.35|0.39|0.41|0.44|0.46,0.3.1
AbuDhabi_Race_Mar20_001_L6,3,True,1,1,0.0,0.0,0,0,6.984,0.0,724.01,257,6,11449,847.06,255,6,13083,999.82,261,7,15249,7.4,0.0,838.48,256,6,12983,3800,0,100,0.8,0.7,0.0,0.6,0,0,0,0,0,0,0,0,0,0,0,False,0,0,0,False,68|97|82|98,100|92|99|96,118|87|110|95,91|97|97|99,58,30,55,50,723|738|752|767|781|796|810|825|839|854|868|883|897|912|926|941|955|969|984|999,11449|11649|11833|12049|12216|12433|12599|12799|12999|13183|13383|13583|13799|13999|14199|14433|14649|14849|15066|15249,233.3;66.0|233.5;51.6|233.9;37.0|234.6;22.4|236.3;9.1|239.5;-5.1|243.8;-17.6|249.8;-30.6|257.1;-42.9|264.8;-53.3|274.3;-63.8|284.8;-73.1|297.1;-81.8|309.3;-88.7|322.1;-94.3|336.5;-98.9|351.3;-102.0|365.3;-103.7|380.7;-104.4|395.1;-104.6,257|260|262|264|263|260|258|257|256|254|253|252|251|251|251|251|252|254|257|261,0|0|0|0|0|0|0|0|0|0|0|0|0|0|0|0|0|0|0|0,100|100|100|100|100|100|100|100|100|100|100|100|100|100|100|100|100|100|100|100,6|6|6|6|6|6|6|6|6|6|6|6|6|6|6|6|6|6|6|7,-0.0033|0.0041|0.0097|0.0516|0.0691|0.0625|0.0647|0.0727|0.0708|0.0708|0.0700|0.0677|0.0657|0.0632|0.0590|0.0485|0.0448|0.0250|-0.0021|-0.0125,0.023;0.019;-0.001;-0.000|0.017;0.018;-0.000;-0.000|0.017;0.019;-0.000;-0.000|0.015;0.024;-0.000;0.000|0.018;0.040;-0.000;0.001|0.021;0.046;-0.000;0.001|0.022;0.045;-0.000;0.000|0.020;0.037;-0.000;0.000|0.019;0.038;-0.000;0.000|0.019;0.038;-0.000;0.000|0.021;0.042;-0.000;0.000|0.021;0.041;-0.000;-0.000|0.021;0.040;-0.000;-0.000|0.020;0.037;-0.000;-0.000|0.019;0.035;-0.000;-0.000|0.019;0.035;-0.000;-0.000|0.022;0.040;-0.000;-0.001|0.024;0.036;-0.000;-0.001|0.021;0.021;-0.000;-0.001|0.031;0.025;-0.001;-0.001,-0.009|-0.013|-0.014|0.048|0.105|0.007|-0.058|-0.034|-0.021|-0.002|0.008|-0.003|-0.019|-0.020|-0.001|-0.015|-0.066|-0.027|-0.007|-0.031,0.46|0.35|0.33|0.15|-0.12|-0.11|-0.01|0.05|0.06|0.02|0.03|0.08|0.14|0.16|0.17|0.21|0.34|0.43|0.52|0.53,0.3.1
AbuDhabi_Race_Mar20_001_L6,4,True,1,1,0.0,0.0,0,0,7.4,0.0,1003.53,262,7,15299,1007.25,263,7,15349,1152.16,282,7,17233,7.333,0.0,1036.06,267,7,15749,1934,0,100,1.5,1.5,0.0,0.7,0,0,0,0,0,0,0,0,0,0,0,False,0,0,0,False,117|86|109|94,116|86|108|94,89|73|88|83,92|97|98|100,58,30,55,50,1002|1010|1018|1026|1034|1041|1049|1057|1065|1073|1080|1088|1096|1104|1112|1119|1127|1135|1143|1152,15299|15399|15499|15633|15733|15833|15916|16016|16116|16233|16333|16433|16533|16633|16733|16849|16933|17033|17149|17233,398.8;-104.7|406.1;-105.0|413.4;-105.5|422.0;-106.2|429.4;-107.0|436.7;-107.9|444.1;-108.9|451.6;-110.1|459.0;-111.4|467.6;-113.1|475.0;-114.8|482.4;-116.6|489.8;-118.5|497.2;-120.6|504.6;-122.9|511.9;-125.3|519.2;-127.9|526.5;-130.5|533.8;-133.3|541.1;-136.1,262|263|265|266|267|268|269|270|271|273|273|274|275|276|277|278|279|280|281|282,0|0|0|0|0|0|0|0|0|0|0|0|0|0|0|0|0|0|0|0,100|100|100|100|100|100|100|100|100|100|100|100|100|100|100|100|100|100|100|100,7|7|7|7|7|7|7|7|7|7|7|7|7|7|7|7|7|7|7|7,-0.0157|-0.0160|-0.0103|-0.0094|-0.0110|-0.0100|-0.0119|-0.0112|-0.0127|-0.0120|-0.0118|-0.0108|-0.0116|-0.0114|-0.0100|-0.0094|-0.0087|-0.0047|-0.0027|-0.0044,0.024;0.019;-0.001;-0.001|0.021;0.016;-0.000;-0.000|0.017;0.015;-0.001;-0.000|0.019;0.015;-0.000;-0.000|0.021;0.016;-0.000;-0.000|0.019;0.015;-0.000;-0.000|0.020;0.016;-0.000;-0.000|0.017;0.014;-0.000;-0.000|0.019;0.015;-0.000;-0.000|0.018;0.015;-0.000;-0.000|0.018;0.015;-0.000;-0.000|0.017;0.014;-0.000;-0.000|0.018;0.015;-0.000;-0.000|0.017;0.014;-0.000;-0.000|0.017;0.014;-0.000;-0.000|0.017;0.014;-0.000;-0.000|0.017;0.015;-0.000;-0.000|0.016;0.014;-0.000;-0.000|0.015;0.014;-0.000;-0.000|0.015;0.014;-0.000;-0.000,0.001|-0.016|-0.135|0.037|0.006|-0.007|-0.025|-0.050|0.009|0.017|-0.006|0.015|0.022|0.034|0.021|0.004|-0.000|0.032|0.036|0.014,0.48|0.35|0.34|0.37|0.33|0.34|0.35|0.31|0.31|0.30|0.29|0.29|0.28|0.28|0.27|0.26|0.26|0.27|0.26|0.25,0.3.1
AbuDhabi_Race_Mar20_001_L6,5,False,1,1,1303.24,294,8,19119,7.384,0.0,1313.93,282,8,19253,1470.77,99,2,22752,1580.62,182,4,25869,7.467,0.0,1511.34,110,2,24102,6750,100,100,0.0,0.0,0.0,9.1,0,0,0,0,0,0,0,0,0,0,0,False,0,0,0,False,71|62|74|72,72|77|70|76,64|74|77|83,93|97|98|100,58,30,55,50,1313|1327|1341|1355|1369|1383|1397|1412|1426|1440|1454|1468|1482|1496|1510|1524|1538|1552|1566|1580,19253|19469|19653|19886|20153|20469|20819|21219|21586|22002|22352|22702|23086|23569|24069|24519|24919|25252|25586|25869,690.5;-198.7|704.0;-204.8|716.2;-210.6|728.6;-216.9|740.8;-223.8|752.6;-231.7|763.8;-241.1|773.5;-251.8|780.0;-262.1|783.9;-272.7|784.7;-283.0|782.9;-292.6|778.2;-302.0|768.7;-311.6|755.5;-317.8|741.2;-320.3|726.6;-320.7|712.8;-320.3|698.6;-319.4|684.8;-318.2,282|254|228|201|179|160|140|121|107|100|101|100|99|102|109|123|140|155|168|182,100|100|100|77|53|46|37|30|24|0|0|0|0|0|0|0|0|0|0|0,6|0|0|0|0|0|0|0|4|33|35|30|42|50|61|85|100|100|100|100,8|8|7|6|6|5|4|3|2|2|2|2|2|2|2|2|3|3|4|4,-0.0042|-0.0059|-0.0084|-0.0155|-0.0216|-0.0288|-0.0357|-0.0454|-0.0682|-0.1062|-0.1342|-0.1427|-0.1492|-0.0945|-0.0492|-0.0281|-0.0107|-0.0073|-0.0047|-0.0007,-0.031;-0.030;-0.033;-0.031|-0.036;-0.032;-0.040;-0.034|-0.047;-0.045;-0.052;-0.036|-0.043;-0.039;-0.061;-0.027|-0.029;-0.027;-0.034;-0.017|-0.023;-0.023;-0.030;-0.015|-0.031;-0.028;-0.034;-0.014|-0.025;-0.023;-0.025;-0.012|-0.014;-0.018;-0.029;-0.011|0.037;0.008;-0.000;-0.000|0.077;0.016;0.001;-0.000|0.057;0.023;0.005;0.000|0.076;0.017;-0.000;-0.000|0.118;0.037;-0.003;-0.000|0.071;0.029;-0.003;-0.001|0.092;0.051;-0.002;-0.001|0.096;0.079;-0.002;-0.001|0.056;0.042;-0.001;-0.001|0.102;0.093;-0.001;-0.001|0.044;0.043;-0.001;-0.001,-0.026|0.033|0.018|0.004|-0.004|0.006|-0.032|-0.029|-0.034|-0.019|-0.031|0.159|-0.006|0.033|0.014|0.005|-0.036|-0.007|-0.025|-0.046,-3.72|-3.99|-3.76|-2.94|-2.15|-1.82|-1.53|-1.26|-1.01|0.08|0.04|0.11|0.12|0.33|0.67|1.12|1.37|1.14|1.50|1.27,0.3.1
AbuDhabi_Race_Mar20_001_L6,6,False,1,1,2506.47,311,8,37669,7.517,0.0,2531.17,276,8,37952,2678.17,83,2,41619,2697.76,92,2,42452,7.566,0.0,0.0,0.0,0,0,4783,100,51,15.9,15.9,0.0,14.4,0,0,0,0,0,0,0,0,0,0,0,False,0,0,0,False,46|48|57|57,61|74|64|72,61|75|65|73,91|95|97|99,58,30,55,50,2530|2539|2548|2556|2565|2574|2583|2592|2600|2609|2618|2627|2635|2644|2653|2662|2671|2679|2688|2697,37952|38069|38202|38336|38469|38636|38802|38969|39169|39386|39619|39886|40186|40536|40919|41152|41336|41702|42086|42452,-265.0;-305.5|-273.7;-305.5|-283.1;-305.6|-291.7;-305.7|-299.8;-305.8|-309.2;-305.9|-317.9;-306.0|-326.0;-306.1|-335.0;-306.2|-343.9;-306.3|-352.6;-306.3|-361.5;-305.8|-370.2;-304.2|-378.7;-300.9|-386.3;-295.1|-389.9;-290.6|-391.9;-286.6|-393.8;-278.6|-393.2;-269.7|-390.3;-261.0,276|260|242|225|211|194|181|168|155|142|126|112|99|91|90|88|86|83|86|92,100|100|100|91|81|69|58|56|53|53|48|40|30|2|0|1|0|0|0|0,4|0|0|0|0|0|0|0|0|0|0|0|3|29|40|30|28|38|48|50,8|8|8|7|7|7|6|6|5|4|3|3|2|2|2|2|2|2|2|2,-0.0001|0.0014|-0.0001|0.0014|0.0004|0.0003|-0.0009|-0.0001|-0.0001|-0.0055|-0.0258|-0.0553|-0.0785|-0.1451|-0.1813|-0.1821|-0.1655|-0.1452|-0.0881|-0.0600,-0.033;-0.034;-0.032;-0.034|-0.038;-0.038;-0.035;-0.037|-0.042;-0.043;-0.039;-0.042|-0.020;-0.020;-0.037;-0.044|-0.037;-0.038;-0.032;-0.033|-0.021;-0.022;-0.028;-0.028|-0.028;-0.028;-0.022;-0.022|-0.014;-0.015;-0.023;-0.023|-0.030;-0.031;-0.024;-0.024|-0.031;-0.030;-0.024;-0.023|-0.013;-0.009;-0.029;-0.019|-0.030;-0.029;-0.039;-0.015|-0.021;-0.019;-0.054;-0.013|0.037;0.006;-0.008;-0.002|0.111;0.023;-0.005;-0.001|0.183;0.036;-0.002;-0.001|0.135;0.025;0.011;0.005|0.104;0.022;-0.001;-0.000|0.086;0.020;-0.001;-0.000|0.071;0.022;-0.001;-0.001,0.002|0.001|0.005|0.001|0.003|-0.012|0.001|-0.004|0.001|0.024|-0.004|-0.012|-0.002|0.012|0.000|-0.166|-0.414|-0.042|0.011|0.014,-3.92|-3.87|-3.78|-3.12|-3.06|-2.48|-2.22|-1.89|-1.98|-1.92|-1.70|-1.50|-1.15|-0.16|-0.00|-0.15|-0.09|0.06|0.36|0.49,0.3.1
AbuDhabi_Race_Mar20_001_L6,7,False,1,1,0.0,0.0,0,0,7.566,0.0,2698.62,93,2,42486,2742.19,85,2,43952,2766.59,102,2,44952,7.55,0.0,2763.37,98,2,44835,2466,0,71,0.0,0.0,0.0,1.1,0,0,0,0,0,0,0,0,0,0,0,False,0,0,0,False,61|75|65|73,67|72|67|71,67|70|69|72,90|95|97|99,58,30,55,50,2698|2701|2705|2709|2712|2716|2719|2723|2727|2730|2734|2737|2741|2744|2748|2752|2755|2759|2762|2766,42486|42619|42752|42886|43002|43136|43252|43369|43436|43519|43619|43735|43919|44085|44219|44385|44552|44685|44819|44952,-389.9;-260.3|-388.4;-257.1|-386.8;-253.9|-385.4;-250.7|-384.2;-247.3|-383.4;-243.9|-383.0;-240.9|-382.9;-238.4|-382.9;-236.7|-383.0;-234.6|-383.4;-231.8|-383.9;-229.0|-385.2;-225.2|-386.8;-221.6|-388.7;-218.6|-391.1;-215.3|-393.6;-212.6|-396.1;-210.2|-398.9;-207.9|-401.9;-205.7,93|95|96|96|95|93|92|90|90|89|87|86|85|85|86|88|91|94|98|102,0|0|0|0|0|0|0|0|0|0|0|0|0|0|0|0|0|0|0|0,50|37|22|14|14|11|8|6|5|5|9|15|24|29|39|51|61|62|64|73,2|2|2|2|2|2|2|2|2|2|2|2|2|2|2|2|2|2|2|2,-0.0539|0.0003|0.0657|0.1265|0.1158|0.1358|0.1435|0.1484|0.1528|0.1664|0.1538|0.1571|0.1447|0.1296|0.1072|0.0777|0.0718|0.0593|0.0432|0.0302,0.071;0.023;-0.001;-0.000|0.014;0.014;-0.001;-0.000|0.004;0.010;-0.000;0.000|-0.001;0.014;-0.000;0.001|-0.000;0.022;0.000;0.001|-0.001;0.023;0.000;0.001|-0.003;0.010;0.000;0.002|-0.003;0.040;0.001;0.000|-0.000;0.031;0.023;-0.000|-0.003;0.013;-0.000;0.002|-0.002;0.031;0.002;0.021|0.001;0.020;0.000;0.002|0.005;0.023;-0.000;0.000|0.006;0.036;-0.000;-0.000|0.012;0.067;-0.000;-0.000|0.029;0.133;-0.000;-0.001|0.036;0.108;-0.001;-0.002|0.036;0.096;-0.001;-0.002|0.032;0.092;-0.001;-0.002|0.062;0.069;-0.001;-0.001,0.007|-0.049|-0.030|-0.025|-0.035|0.032|-0.007|-0.452|0.021|-0.087|0.271|0.085|0.079|0.026|-0.022|-0.026|0.013|-0.029|-0.020|-0.000,0.53|0.39|0.05|-0.19|-0.20|-0.27|-0.40|-0.39|-0.17|-0.36|-0.23|-0.26|-0.02|0.03|0.18|0.47|0.67|0.71|0.93|0.80,0.3.1
AbuDhabi_Race_Mar20_001_L6,8,True,1,1,0.0,0.0,0,0,7.55,0.0,2791.55,134,3,45702,2915.38,222,5,48119,3091.95,275,7,50602,7.833,0.0,2837.96,177,4,46752,4900,0,100,0.0,0.0,0.0,2.2,0,0,0,0,0,0,0,0,0,0,0,False,0,0,0,False,65|68|75|78,59|61|77|79,54|56|71|74,90|94|96|98,58,30,55,50,2791|2807|2822|2838|2854|2870|2886|2901|2917|2933|2949|2964|2980|2996|3012|3028|3043|3059|3075|3091,45702|46102|46452|46785|47085|47369|47635|47902|48185|48402|48652|48885|49102|49319|49552|49752|49969|50185|50385|50602,-423.0;-192.1|-436.3;-183.3|-448.9;-174.4|-460.9;-165.3|-473.3;-154.9|-484.6;-144.6|-495.4;-134.2|-506.2;-122.9|-516.8;-110.5|-525.7;-98.7|-534.8;-85.2|-543.1;-71.9|-550.4;-59.0|-557.4;-45.5|-564.5;-30.5|-570.3;-17.2|-576.5;-2.6|-582.7;12.3|-588.2;26.3|-594.3;41.7,134|151|166|178|189|198|206|215|223|231|238|244|249|254|258|262|266|269|272|275,0|0|0|0|0|0|0|0|0|0|0|0|0|0|0|0|0|0|0|0,92|100|100|100|100|100|100|100|100|100|100|100|100|100|100|100|100|100|100|100,3|3|4|4|4|5|5|5|5|6|6|6|6|6|6|7|7|7|7|7,-0.0105|-0.0052|-0.0072|-0.0117|-0.0117|-0.0060|-0.0091|-0.0173|-0.0153|-0.0112|-0.0095|-0.0123|-0.0110|-0.0088|-0.0061|-0.0037|-0.0025|-0.0033|-0.0009|0.0001,0.098;0.079;-0.004;-0.002|0.057;0.056;-0.001;-0.001|0.065;0.047;-0.001;-0.001|0.053;0.038;-0.001;-0.001|0.044;0.032;-0.001;-0.001|0.035;0.029;-0.001;-0.001|0.031;0.027;-0.001;-0.001|0.045;0.031;-0.001;-0.001|0.041;0.028;-0.001;-0.001|0.037;0.026;-0.001;-0.001|0.034;0.026;-0.001;-0.001|0.033;0.025;-0.001;-0.001|0.029;0.022;-0.001;-0.001|0.026;0.020;-0.001;-0.001|0.024;0.020;-0.001;-0.001|0.025;0.021;-0.001;-0.001|0.019;0.018;-0.000;-0.000|0.019;0.018;-0.000;-0.000|0.018;0.018;-0.000;-0.000|0.018;0.018;-0.000;-0.000,0.005|-0.023|0.022|0.014|-0.002|-0.001|0.022|-0.001|-0.001|0.004|0.003|0.020|-0.011|-0.020|-0.023|-0.017|0.003|0.006|-0.006|-0.003,1.56|1.08|1.20|1.03|0.95|0.89|0.84|0.94|0.88|0.85|0.81|0.73|0.66|0.60|0.54|0.68|0.46|0.43|0.40|0.38,0.3.1
AbuDhabi_Race_Mar20_001_L6,9,False,1,1,3563.66,306,8,56322,7.566,0.0,3577.58,291,8,56488,3716.77,158,4,58955,3950.52,214,5,63605,7.683,0.0,3712.64,159,4,58872,7283,100,100,14.2,13.9,0.0,7.4,0,0,0,0,0,0,0,0,0,0,0,False,0,0,0,False,47|49|58|62,68|91|65|78,66|118|89|116,89|94|96|99,58,30,55,50,3576|3596|3615|3635|3655|3674|3694|3714|3733|3753|3773|3792|3812|3832|3851|3871|3891|3910|3930|3950,56488|56755|57038|57388|57772|58138|58522|58905|59322|59738|60155|60555|60972|61372|61772|62172|62555|62905|63272|63605,-719.0;509.1|-720.4;528.1|-720.6;547.9|-718.8;568.0|-714.2;586.8|-707.3;602.5|-696.8;616.3|-684.2;626.6|-667.6;634.2|-649.5;637.2|-631.0;635.6|-613.2;629.3|-597.1;618.5|-584.2;604.6|-574.4;587.5|-568.6;569.0|-566.8;549.1|-568.9;529.7|-572.8;509.7|-577.8;491.0,291|256|221|193|173|165|160|159|158|159|161|165|169|174|180|185|190|193|204|214,100|100|69|46|22|0|0|0|0|0|0|0|0|0|0|0|0|0|0|0,9|7|7|12|21|42|57|66|73|76|79|84|86|93|100|100|100|87|100|100,8|8|7|6|4|4|4|4|4|4|4|4|4|4|4|4|5|5|5|5,-0.0062|-0.0133|-0.0335|-0.0383|-0.0517|-0.1193|-0.1466|-0.1456|-0.1437|-0.1383|-0.1205|-0.1067|-0.0969|-0.0793|-0.0624|-0.0345|-0.0128|0.0272|-0.0227|-0.0012,-0.030;-0.029;-0.032;-0.030|-0.034;-0.028;-0.051;-0.032|-0.033;-0.030;-0.096;-0.021|-0.023;-0.019;-0.067;-0.015|0.007;-0.001;-0.033;-0.008|0.030;0.008;0.003;0.000|0.049;0.018;0.002;-0.000|0.051;0.018;0.000;-0.000|0.084;0.031;-0.000;-0.000|0.087;0.034;-0.002;-0.000|0.095;0.039;-0.003;-0.001|0.097;0.041;-0.003;-0.001|0.096;0.043;-0.004;-0.001|0.100;0.045;-0.003;-0.001|0.115;0.057;-0.005;-0.001|0.126;0.068;-0.003;-0.000|0.136;0.080;-0.002;-0.001|0.026;0.026;-0.001;-0.001|0.040;0.027;-0.001;-0.001|0.029;0.027;-0.001;-0.001,0.015|0.048|0.014|-0.017|0.008|0.022|-0.059|-0.004|0.028|-0.000|-0.006|0.013|-0.012|-0.043|-0.037|-0.022|-0.034|0.112|-0.036|-0.013,-3.98|-3.73|-2.81|-1.88|-0.47|-0.32|-0.12|0.04|0.16|0.28|0.33|0.45|0.50|0.49|0.70|0.58|0.61|0.64|0.79|0.80,0.3.1
AbuDhabi_Race_Mar20_001_L6,10,True,1,1,0.0,0.0,0,0,7.717,0.0,4054.12,258,6,65172,4162.94,270,7,66639,4164.19,270,7,66655,7.717,0.0,4162.94,270,7,66639,1483,0,100,7.3,6.6,0.0,6.3,0,0,0,0,0,0,0,0,0,0,0,False,0,0,0,False,59|93|81|99,67|85|84|90,68|85|84|90,89|96|97|100,58,30,55,50,4052|4058|4064|4070|4076|4082|4087|4093|4099|4105|4111|4117|4122|4128|4134|4140|4146|4152|4157|4164,65172|65255|65322|65405|65488|65589|65639|65722|65805|65872|65955|66022|66105|66205|66272|66339|66439|66505|66589|66655,-607.1;391.5|-608.4;386.9|-609.9;381.1|-611.3;375.2|-612.6;369.3|-613.9;363.3|-614.8;358.5|-615.8;352.4|-616.7;346.3|-617.3;341.4|-617.9;335.3|-618.3;330.3|-618.6;324.1|-618.7;317.9|-618.6;311.7|-618.5;306.7|-618.0;300.5|-617.4;294.2|-616.6;288.0|-615.8;283.1,258|259|260|261|262|263|264|265|266|266|267|267|268|269|269|269|270|270|270|270,0|0|0|0|0|0|0|0|0|0|0|0|0|0|0|0|0|0|0|0,100|100|100|100|100|100|100|100|100|100|100|100|100|100|100|100|100|100|100|100,6|7|7|7|7|7|7|7|7|7|7|7|7|7|7|7|7|7|7|7,0.0074|0.0115|0.0160|0.0141|0.0141|0.0167|0.0176|0.0198|0.0206|0.0254|0.0265|0.0241|0.0243|0.0260|0.0292|0.0340|0.0353|0.0349|0.0369|0.0389,0.020;0.022;-0.001;-0.001|0.012;0.014;-0.000;-0.000|0.017;0.021;-0.000;-0.000|0.017;0.021;-0.000;-0.000|0.016;0.020;-0.000;-0.000|0.016;0.020;-0.000;-0.000|0.015;0.020;-0.000;-0.000|0.015;0.020;-0.000;-0.000|0.015;0.021;-0.000;-0.000|0.015;0.022;-0.000;-0.000|0.014;0.021;-0.000;-0.000|0.015;0.022;-0.000;-0.000|0.015;0.022;-0.000;-0.000|0.016;0.024;-0.000;-0.000|0.016;0.024;-0.000;-0.000|0.016;0.025;-0.000;-0.000|0.016;0.025;-0.000;-0.000|0.016;0.027;-0.000;-0.000|0.016;0.027;-0.000;-0.000|0.016;0.027;-0.000;-0.000,0.005|0.018|0.026|0.008|0.003|0.003|0.005|0.009|0.004|0.018|0.006|-0.003|0.002|0.010|-0.005|0.024|0.002|0.005|-0.001|-0.010,0.58|0.32|0.37|0.38|0.37|0.36|0.35|0.33|0.31|0.28|0.28|0.26|0.25|0.25|0.22|0.21|0.19|0.17|0.16|0.15,0.3.1
AbuDhabi_Race_Mar20_001_L6,11,True,1,1,0.0,0.0,0,0,7.717,0.0,4165.43,270,7,66672,4182.9,270,7,66905,4242.94,271,7,67706,7.85,0.0,4240.21,271,7,67672,1034,0,65,0.1,0.0,0.0,0.0,0,0,0,0,0,0,0,0,0,0,0,False,0,0,0,False,68|85|84|90,72|85|87|90,80|84|92|89,89|96|97|100,58,30,55,50,4164|4170|4175|4180|4185|4191|4196|4201|4206|4211|4217|4222|4227|4232|4238|4243|4248|4253|4259|4242,66672|66739|66805|66889|66955|67022|67089|67156|67239|67306|67372|67456|67522|67589|67656|67706,-615.5;281.9|-614.5;277.0|-613.4;272.1|-611.7;266.0|-610.2;261.3|-608.6;256.5|-606.8;251.9|-604.9;247.2|-602.3;241.5|-600.1;237.0|-597.8;232.6|-594.7;227.1|-592.2;222.8|-589.5;218.5|-586.7;214.3|-584.5;211.3,270|270|270|270|270|270|270|270|270|270|270|271|271|271|272|271,0|0|0|0|0|0|0|0|0|0|0|0|0|0|0|10,100|100|100|100|100|100|100|100|100|100|100|100|100|100|80|39,7|7|7|7|7|7|7|7|7|7|7|7|7|7|7|7,0.0390|0.0394|0.0426|0.0443|0.0402|0.0363|0.0349|0.0328|0.0310|0.0309|0.0289|0.0265|0.0268|0.0272|0.0300|0.0323,0.016;0.027;-0.000;-0.000|0.016;0.028;-0.000;-0.000|0.016;0.029;-0.000;-0.000|0.016;0.029;-0.000;-0.000|0.017;0.029;-0.000;-0.000|0.017;0.029;-0.000;-0.000|0.016;0.028;-0.000;-0.000|0.016;0.027;-0.000;-0.000|0.016;0.025;-0.000;-0.000|0.016;0.026;-0.000;-0.000|0.016;0.025;-0.000;-0.000|0.016;0.025;-0.000;-0.000|0.016;0.024;-0.000;-0.000|0.016;0.023;-0.000;-0.000|0.010;0.016;-0.000;-0.000|-0.001;0.003;-0.003;-0.003,-0.014|-0.002|0.012|-0.009|-0.004|-0.001|-0.008|-0.008|-0.017|0.002|-0.013|-0.002|-0.025|-0.036|0.070|0.176,0.15|0.14|0.13|0.12|0.12|0.15|0.16|0.17|0.19|0.20|0.21|0.22|0.23|0.23|0.02|-0.76,0.3.1
AbuDhabi_Race_Mar20_001_L6,12,False,1,1,4244.32,270,7,67722,7.85,0.0,4265.66,243,7,67989,4366.7,100,2,70306,4438.77,138,3,72390,7.817,0.0,4411.12,112,2,71590,4668,90,88,0.0,0.0,0.0,8.0,1,0,1,0,0,0,0,0,0,0,0,False,0,0,0,False,80|84|92|89,82|84|85|78,80|76|84|78,89|96|97|100,58,30,55,50,4265|4274|4283|4292|4301|4310|4319|4329|4338|4347|4356|4365|4374|4383|4392|4401|4410|4420|4429|4438,67989|68122|68272|68439|68606|68789|68973|69189|69406|69673|69939|70273|70556|70756|70973|71273|71590|71873|72140|72390,-571.8;195.3|-565.9;188.9|-559.4;182.4|-552.3;175.9|-545.5;170.1|-538.1;164.3|-531.1;159.3|-523.1;154.1|-515.6;149.8|-506.7;145.6|-498.3;142.9|-488.5;141.5|-480.7;142.2|-475.3;143.7|-469.8;146.4|-462.9;151.5|-456.4;158.5|-451.1;166.0|-446.4;174.0|-442.1;182.3,243|227|214|201|188|176|163|150|138|125|113|101|100|100|102|105|112|120|129|138,89|71|57|53|52|52|49|44|37|34|30|5|0|0|0|0|0|0|0|0,2|2|2|2|2|2|2|2|2|2|2|16|41|45|45|51|66|75|83|88,7|7|6|6|5|5|4|4|3|3|2|2|2|2|2|2|2|2|2|3,0.0287|0.0237|0.0175|0.0206|0.0209|0.0181|0.0218|0.0236|0.0404|0.0611|0.1018|0.1535|0.1611|0.1345|0.1133|0.0741|0.0486|0.0358|0.0266|0.0161,-0.034;-0.035;-0.024;-0.186|-0.031;-0.036;-0.023;-0.054|-0.018;-0.019;-0.018;-0.040|-0.025;-0.028;-0.017;-0.032|-0.031;-0.037;-0.016;-0.029|-0.026;-0.028;-0.018;-0.030|-0.048;-0.054;-0.017;-0.030|-0.025;-0.027;-0.016;-0.027|-0.002;-0.005;-0.013;-0.031|-0.025;-0.025;-0.014;-0.042|-0.009;0.000;-0.017;-0.133|-0.003;0.014;-0.003;-0.022|0.015;0.065;-0.000;-0.000|0.024;0.103;-0.000;-0.001|0.025;0.086;-0.000;-0.003|0.022;0.065;-0.000;-0.002|0.029;0.059;-0.001;-0.002|0.035;0.064;-0.001;-0.002|0.037;0.058;-0.001;-0.001|0.042;0.056;-0.001;-0.001,0.152|0.079|0.017|-0.012|0.006|-0.012|-0.011|-0.004|-0.015|0.003|-0.008|0.017|-0.005|0.113|-0.003|0.009|0.000|-0.004|0.000|0.009,-4.05|-2.93|-1.88|-2.18|-2.16|-2.02|-2.05|-1.72|-1.45|-1.43|-0.81|-0.53|0.10|0.25|0.36|0.46|0.77|0.94|0.99|1.04,0.3.1
AbuDhabi_Race_Mar20_001_L6,13,False,1,1,0.0,0.0,0,0,7.817,0.0,4445.36,145,3,72557,4516.89,123,3,74340,4558.02,130,3,75557,7.833,0.0,0.0,0.0,0,0,3000,0,54,0.0,0.0,0.0,4.1,0,0,0,0,0,0,0,0,0,0,0,False,0,0,0,False,79|75|84|79,78|99|79|83,75|99|76|82,90|96|97|100,58,30,55,50,4445|4451|4456|4462|4468|4474|4480|4486|4492|4498|4504|4510|4516|4522|4528|4534|4539|4545|4551|4558,72557|72707|72840|72990|73123|73257|73407|73540|73690|73824|73990|74157|74324|74524|74707|74874|75057|75224|75391|75557,-439.4;188.2|-436.7;193.8|-434.1;198.6|-430.8;203.8|-427.6;208.0|-424.1;211.9|-419.8;215.8|-415.9;218.9|-411.3;221.9|-407.1;224.2|-401.7;226.7|-396.2;228.6|-390.6;229.9|-383.8;230.8|-377.6;230.7|-371.9;230.0|-365.7;228.7|-360.1;227.1|-354.5;225.0|-349.1;222.6,145|148|147|145|143|140|136|133|131|129|126|124|123|122|123|124|125|126|128|130,0|0|0|0|0|0|0|0|0|0|0|0|0|0|0|0|0|0|0|0,76|49|27|21|20|19|20|20|24|26|29|38|44|48|51|46|44|45|45|55,3|3|3|3|3|3|3|3|3|3|3|3|3|3|3|3|3|3|3|3,-0.0147|-0.0506|-0.0887|-0.1142|-0.1313|-0.1420|-0.1551|-0.1630|-0.1782|-0.1891|-0.1920|-0.1881|-0.1782|-0.1477|-0.1152|-0.0756|-0.0603|-0.0483|-0.0357|-0.0330,0.031;0.029;-0.001;-0.001|0.019;0.010;-0.000;-0.000|0.013;0.002;0.002;0.000|0.016;0.001;0.004;0.000|0.018;0.002;0.006;0.001|0.018;0.002;0.006;0.001|0.021;0.003;0.006;0.001|0.020;0.003;0.005;0.001|0.029;0.006;0.007;0.002|0.025;0.006;0.007;0.001|0.031;0.006;0.004;0.000|0.050;0.011;0.003;-0.000|0.056;0.015;0.001;-0.000|0.066;0.019;-0.000;-0.000|0.069;0.023;-0.002;-0.000|0.029;0.014;-0.020;0.000|0.019;0.013;-0.001;-0.000|0.022;0.011;-0.001;-0.000|0.019;0.012;-0.001;-0.000|0.026;0.023;-0.001;-0.000,0.058|0.044|0.024|0.004|0.010|-0.003|0.000|-0.056|-0.073|-0.059|-0.037|0.029|0.026|0.033|0.013|-0.043|0.044|-0.033|0.052|-0.028,0.87|0.23|-0.24|-0.41|-0.49|-0.50|-0.53|-0.43|-0.32|-0.33|-0.33|-0.26|-0.13|0.05|0.17|0.25|0.19|0.25|0.29|0.36,0.3.1
AbuDhabi_Race_Mar20_001_L6,14,False,1,1,0.0,0.0,0,0,7.833,0.0,4559.22,130,3,75591,4617.54,137,3,77058,4747.46,212,5,79842,7.7,0.0,4616.86,137,3,77041,4251,0,100,0.0,0.0,0.0,2.4,0,0,0,0,0,0,0,0,0,0,0,False,0,0,0,False,75|99|76|82,72|106|75|86,64|90|79|89,90|96|97|99,58,30,55,50,4558|4568|4578|4588|4598|4608|4618|4627|4637|4647|4657|4667|4677|4687|4697|4707|4716|4726|4736|4747,75591|75857|76141|76407|76624|76841|77074|77324|77591|77841|78075|78308|78525|78725|78925|79125|79308|79491|79658|79842,-348.0;222.1|-339.3;217.3|-330.7;211.0|-323.5;203.8|-318.6;197.2|-314.5;190.0|-311.0;181.8|-308.4;172.6|-307.1;162.2|-307.3;152.0|-308.5;142.1|-310.7;131.9|-313.6;122.2|-317.0;113.1|-321.2;104.0|-326.1;94.8|-331.1;86.3|-336.6;77.8|-342.0;70.0|-348.2;61.2,130|134|137|137|137|137|137|139|143|150|157|164|171|178|184|190|196|201|207|212,0|0|0|0|0|0|0|0|0|0|0|0|0|0|0|0|0|0|0|0,57|57|53|53|54|54|65|73|79|87|91|97|97|99|100|100|100|100|100|100,3|3|3|3|3|3|3|3|3|3|3|3|4|4|4|4|4|5|5|5,-0.0329|-0.0629|-0.0901|-0.1153|-0.1258|-0.1374|-0.1197|-0.0632|-0.0426|-0.0353|-0.0299|-0.0381|-0.0304|-0.0271|-0.0149|-0.0167|-0.0131|-0.0080|-0.0027|-0.0015,0.031;0.020;-0.001;-0.001|0.031;0.015;-0.001;-0.001|0.052;0.017;-0.000;-0.000|0.059;0.019;0.000;-0.000|0.066;0.021;-0.001;0.000|0.100;0.034;0.001;-0.000|0.114;0.048;-0.002;-0.001|0.110;0.051;-0.007;-0.001|0.099;0.046;-0.004;-0.001|0.077;0.040;-0.004;-0.001|0.063;0.035;-0.002;-0.001|0.044;0.038;-0.003;-0.001|0.101;0.077;-0.002;-0.001|0.065;0.044;-0.002;-0.001|0.051;0.035;-0.001;-0.001|0.045;0.033;-0.001;-0.001|0.045;0.031;-0.001;-0.001|0.022;0.018;-0.001;-0.000|0.029;0.028;-0.001;-0.001|0.028;0.027;-0.001;-0.001,-0.066|-0.016|0.000|0.011|-0.022|-0.006|-0.023|0.062|0.031|0.012|-0.003|0.139|0.085|0.040|-0.009|-0.049|-0.120|-0.016|0.014|0.009,0.45|0.35|0.19|0.07|0.11|0.10|0.27|0.52|0.68|0.86|0.92|0.90|1.21|0.94|0.95|0.89|0.85|0.68|0.83|0.80,0.3.1
AbuDhabi_Race_Mar20_001_L6,15,True,1,1,0.0,0.0,0,0,7.7,0.0,4779.68,226,5,80392,4891.74,245,6,82059,5004.71,255,7,83642,7.917,0.0,4892.98,245,6,82075,3250,0,100,2.3,0.0,0.0,1.6,0,0,0,0,0,0,0,0,0,0,0,False,0,0,0,False,62|84|77|85,86|81|92|88,97|80|99|88,89|97|97|100,58,30,55,50,4779|4790|4802|4814|4826|4838|4850|4862|4874|4886|4898|4909|4921|4933|4945|4957|4969|4981|4993|5004,80392|80558|80742|80925|81108|81292|81475|81642|81842|82009|82175|82309|82459|82642|82809|82976|83176|83326|83509|83642,-366.9;34.6|-373.4;24.9|-379.6;14.8|-385.3;4.2|-390.2;-6.9|-394.3;-18.5|-397.4;-30.5|-399.4;-41.6|-400.5;-54.1|-400.5;-65.4|-399.5;-76.7|-397.7;-86.8|-395.0;-96.7|-391.2;-107.4|-386.7;-118.0|-380.8;-129.3|-374.0;-140.1|-367.1;-149.6|-359.5;-158.7|-352.3;-166.5,226|230|234|237|240|242|244|244|245|245|245|245|245|247|249|250|252|254|255|255,0|0|0|0|0|0|0|0|0|0|0|0|0|0|0|0|0|0|0|11,100|100|100|100|100|100|100|100|100|100|100|100|100|100|100|100|100|100|100|27,5|6|6|6|6|6|6|6|6|6|6|6|6|6|6|6|7|7|7|7,0.0066|0.0185|0.0322|0.0371|0.0336|0.0382|0.0558|0.0607|0.0694|0.0717|0.0606|0.0505|0.0453|0.0385|0.0368|0.0367|0.0340|0.0270|0.0259|0.0196,0.023;0.025;-0.001;-0.001|0.032;0.039;-0.001;-0.001|0.024;0.034;-0.001;-0.001|0.020;0.033;-0.001;-0.001|0.025;0.047;-0.000;-0.001|0.023;0.039;-0.000;-0.001|0.020;0.038;-0.000;-0.000|0.024;0.046;-0.000;-0.001|0.028;0.055;-0.000;-0.001|0.025;0.052;-0.000;-0.000|0.021;0.042;-0.000;-0.000|0.023;0.043;-0.000;-0.002|0.022;0.040;-0.000;-0.001|0.021;0.035;-0.000;-0.001|0.023;0.035;-0.000;-0.001|0.017;0.030;-0.000;-0.000|0.021;0.034;-0.000;-0.001|0.021;0.032;-0.000;-0.000|0.020;0.027;-0.000;-0.000|-0.002;-0.001;-0.003;-0.006,-0.007|0.018|-0.043|0.022|0.053|0.001|-0.001|0.012|0.021|0.039|0.004|-0.210|-0.032|-0.012|-0.058|0.077|-0.031|0.048|-0.019|-0.049,0.69|1.00|0.52|0.52|0.53|0.41|0.32|0.27|0.27|0.23|0.23|0.23|0.31|0.40|0.42|0.37|0.36|0.32|0.35|-0.76,0.3.1
AbuDhabi_Race_Mar20_001_L6,16,False,1,1,5005.9,254,7,83676,7.917,0.0,5024.09,233,7,83926,5112.42,107,3,86010,5214.21,162,4,88810,8.017,0.0,5179.08,131,3,87943,5134,91,100,1.5,0.0,0.0,0.3,0,0,0,0,0,0,0,0,0,0,0,False,0,0,0,False,97|80|99|88,89|79|89|79,80|70|85|77,90|97|97|100,58,30,55,50,5023|5033|5043|5053|5063|5073|5083|5093|5103|5113|5123|5133|5143|5153|5163|5173|5183|5194|5204|5214,83926|84092|84259|84459|84693|84926|85176|85443|85743|86060|86326|86560|86876|87210|87527|87827|88093|88343|88593|88810,-338.4;-180.0|-331.4;-186.3|-323.5;-193.2|-315.6;-200.0|-307.5;-206.3|-299.2;-212.0|-290.5;-216.9|-281.6;-220.9|-271.9;-223.9|-262.3;-225.1|-254.4;-224.3|-247.1;-222.1|-238.7;-218.1|-229.6;-211.5|-222.2;-203.7|-216.4;-195.7|-211.6;-187.1|-207.0;-177.9|-202.7;-168.5|-198.7;-159.9,233|217|196|178|163|149|137|126|115|107|108|110|114|119|124|129|135|143|153|162,74|89|81|58|48|40|31|27|22|0|0|0|0|0|0|0|0|0|0|0,4|4|4|4|4|4|4|4|4|36|47|49|59|60|60|62|74|87|99|100,7|7|6|6|5|4|4|3|3|3|3|3|3|3|3|3|3|3|3|4,0.0021|0.0018|0.0083|0.0243|0.0313|0.0442|0.0333|0.0438|0.1182|0.1246|0.0864|0.0763|0.0829|0.0767|0.0537|0.0284|0.0171|0.0088|0.0003|-0.0017,-0.027;-0.029;-0.018;-0.052|-0.065;-0.081;-0.029;-0.031|-0.045;-0.046;-0.032;-0.045|-0.034;-0.037;-0.020;-0.037|-0.026;-0.029;-0.016;-0.058|-0.001;-0.002;-0.014;-0.042|-0.018;-0.019;-0.011;-0.021|-0.049;-0.045;-0.009;-0.034|-0.019;-0.013;-0.011;-0.072|0.007;0.037;-0.000;0.001|0.017;0.070;-0.000;-0.001|0.009;0.019;-0.000;-0.001|0.020;0.060;-0.000;-0.001|0.023;0.066;-0.000;-0.002|0.025;0.069;-0.001;-0.002|0.026;0.053;-0.000;-0.011|0.030;0.034;-0.001;-0.001|0.046;0.052;-0.001;-0.001|0.051;0.056;-0.001;-0.001|0.096;0.083;-0.002;-0.002,-0.202|0.130|-0.029|0.009|-0.056|-0.011|0.016|-0.038|-0.024|0.101|-0.018|-0.010|0.008|-0.022|-0.066|0.028|0.035|-0.016|-0.111|0.164,-2.96|-3.69|-2.94|-2.25|-1.92|-1.48|-1.26|-1.41|-1.12|-0.09|0.41|0.63|0.43|0.45|0.49|0.83|0.76|0.85|1.19|1.42,0.3.1
AbuDhabi_Race_Mar20_001_L7,1,False,1,1,291.88,286,8,4066,8.267,0.0,299.74,279,8,4166,429.13,141,4,6516,516.93,198,5,8550,8.133,0.0,446.06,143,4,6983,4484,87,100,9.8,7.6,0.0,5.3,0,0,0,0,0,0,0,0,0,0,0,False,0,0,0,False,54|53|67|66,68|87|67|80,63|80|75|85,90|96|97|99,58,30,55,50,299|310|322|333|345|356|367|379|390|402|413|425|436|447|459|470|482|493|504|516,4166|4316|4483|4666|4850|5050|5266|5500|5750|5950|6166|6433|6733|7033|7333|7600|7866|8116|8333|8550,-46.9;173.5|-42.1;183.7|-37.0;194.2|-31.3;204.8|-25.4;214.2|-18.6;223.5|-11.0;232.1|-2.4;240.1|6.5;246.4|14.9;250.7|23.3;253.9|33.1;256.1|44.9;256.9|57.3;255.3|69.2;252.1|80.0;248.3|90.6;244.0|101.7;238.9|111.6;233.7|121.7;228.0,279|262|244|226|213|199|186|174|161|153|147|142|141|144|150|160|170|180|189|198,60|87|73|55|47|39|33|29|19|4|0|0|0|0|0|0|0|0|0|0,10|7|6|6|6|8|8|8|9|11|19|41|56|64|85|92|98|100|100|100,8|8|7|7|6|6|5|5|5|5|5|4|4|4|4|4|4|4|5|5,-0.0033|-0.0085|-0.0212|-0.0313|-0.0392|-0.0370|-0.0429|-0.0632|-0.0997|-0.1233|-0.1593|-0.1565|-0.0924|-0.0349|-0.0158|-0.0132|-0.0108|-0.0059|-0.0073|-0.0061,-0.018;-0.018;-0.018;-0.019|-0.032;-0.030;-0.035;-0.038|-0.022;-0.023;-0.044;-0.025|-0.022;-0.022;-0.053;-0.015|-0.014;-0.015;-0.070;-0.015|-0.019;-0.019;-0.046;-0.012|0.007;0.004;-0.042;-0.011|-0.013;-0.016;-0.045;-0.010|-0.004;-0.012;-0.011;-0.009|0.009;-0.003;-0.039;-0.005|0.021;0.009;0.013;0.002|0.027;0.010;0.002;-0.000|0.058;0.019;-0.001;-0.000|0.065;0.023;-0.001;-0.001|0.040;0.029;-0.001;-0.001|0.078;0.057;-0.002;-0.001|0.089;0.066;-0.002;-0.001|0.078;0.060;-0.002;-0.001|0.035;0.027;-0.001;-0.001|0.047;0.041;-0.001;-0.001,0.071|0.049|0.005|-0.077|0.013|-0.015|0.003|0.022|0.294|-0.069|-0.174|0.043|0.014|-0.082|-0.102|-0.003|0.004|0.004|-0.022|0.022,-2.57|-3.47|-2.60|-2.35|-1.57|-1.78|-1.15|-1.45|-1.33|-0.51|-0.46|-0.10|0.15|0.42|0.73|1.13|1.19|1.21|0.95|1.06,0.3.1
AbuDhabi_Race_Mar20_001_L7,2,True,1,1,0.0,0.0,0,0,8.1,0.0,579.91,232,6,9583,643.3,247,6,10566,716.09,256,6,11599,8.083,0.0,700.74,253,6,11383,2016,0,100,12.8,12.8,0.0,2.4,0,0,0,0,0,0,0,0,0,0,0,False,0,0,0,False,60|74|76|84,64|84|81|92,67|91|83|98,90|96|97|99,58,30,55,50,579|586|594|601|608|615|622|629|636|644|651|658|665|672|679|687|694|701|708|716,9583|9700|9833|9916|10050|10166|10266|10383|10500|10583|10700|10800|10900|11000|11100|11200|11299|11399|11499|11599,173.9;192.6|179.6;187.7|185.3;182.5|190.0;177.8|195.2;172.1|200.2;166.0|205.0;159.7|208.8;154.1|212.9;147.3|216.1;141.2|219.0;135.0|221.6;128.6|223.8;122.0|225.7;115.4|227.3;108.7|228.6;101.8|229.7;94.9|230.5;87.9|231.1;80.9|231.6;73.8,232|235|237|239|241|243|244|245|246|247|247|248|248|249|250|251|252|253|255|256,0|0|0|0|0|0|0|0|0|0|0|0|0|0|0|0|0|0|0|0,100|100|100|100|100|100|100|100|100|100|100|100|100|100|100|100|100|100|100|100,6|6|6|6|6|6|6|6|6|6|6|6|6|6|6|6|6|6|6|6,-0.0211|-0.0263|-0.0302|-0.0314|-0.0335|-0.0414|-0.0481|-0.0404|-0.0460|-0.0469|-0.0435|-0.0435|-0.0387|-0.0311|-0.0287|-0.0255|-0.0221|-0.0159|-0.0108|-0.0104,0.042;0.030;-0.001;-0.001|0.040;0.028;-0.001;-0.001|0.045;0.029;-0.001;-0.001|0.046;0.028;-0.001;-0.001|0.045;0.028;-0.001;-0.000|0.034;0.030;-0.007;-0.000|0.050;0.027;-0.001;-0.001|0.039;0.021;-0.001;-0.000|0.044;0.023;-0.000;-0.000|0.042;0.022;-0.001;-0.000|0.044;0.023;-0.001;-0.000|0.048;0.025;-0.000;-0.000|0.040;0.021;-0.001;-0.000|0.037;0.021;-0.001;-0.000|0.044;0.025;-0.001;-0.000|0.037;0.023;-0.001;-0.000|0.033;0.021;-0.001;-0.000|0.028;0.020;-0.001;-0.000|0.026;0.020;-0.001;-0.000|0.024;0.019;-0.001;-0.000,0.008|0.009|-0.002|0.021|0.066|-0.091|-0.055|-0.021|-0.024|0.001|-0.000|-0.038|-0.027|-0.037|-0.065|-0.016|-0.011|-0.008|-0.037|-0.017,0.80|0.72|0.69|0.61|0.56|0.45|0.47|0.40|0.37|0.34|0.33|0.29|0.33|0.36|0.37|0.39|0.44|0.45|0.46|0.46,0.3.1
AbuDhabi_Race_Mar20_001_L7,3,True,1,1,0.0,0.0,0,0,8.083,0.0,724.45,258,6,11699,850.5,256,7,13383,999.66,257,7,15533,8.4,0.0,838.22,257,7,13216,3834,0,100,1.0,0.9,0.0,0.4,0,0,0,0,0,0,0,0,0,0,0,False,0,0,0,False,66|89|82|97,100|88|99|95,119|84|108|93,90|96|97|100,58,30,55,50,723|738|752|767|781|796|810|825|839|854|868|883|897|912|926|941|955|969|984|999,11699|11916|12099|12299|12483|12666|12866|13049|13266|13466|13633|13849|14049|14266|14483|14699|14883|15099|15333|15533,232.0;65.5|232.4;51.0|232.9;36.4|233.9;21.8|235.8;8.4|238.9;-4.8|243.7;-18.5|249.3;-30.6|256.6;-42.9|265.1;-54.3|273.9;-63.8|285.4;-73.8|296.9;-81.7|309.1;-88.3|322.9;-94.1|337.2;-98.2|350.8;-100.7|365.7;-102.1|380.8;-103.1|395.0;-104.1,258|261|263|265|265|264|261|259|257|255|253|251|250|249|248|247|248|250|253|257,0|0|0|0|0|0|0|0|0|0|0|0|0|0|0|0|0|0|0|0,100|100|100|100|100|100|100|100|100|100|100|100|100|100|100|100|100|100|100|100,6|6|6|7|7|7|7|7|7|7|7|7|7|7|7|7|7|7|7|7,-0.0051|0.0067|0.0167|0.0373|0.0588|0.0644|0.0750|0.0815|0.0830|0.0810|0.0819|0.0818|0.0814|0.0779|0.0703|0.0541|0.0367|-0.0045|0.0004|-0.0078,0.023;0.019;-0.001;-0.000|0.017;0.018;-0.000;-0.000|0.016;0.019;-0.000;-0.000|0.015;0.024;-0.000;-0.000|0.017;0.032;-0.000;0.000|0.019;0.039;-0.000;0.001|0.021;0.044;-0.000;0.001|0.022;0.044;-0.000;0.001|0.020;0.039;-0.000;0.001|0.019;0.039;-0.000;0.000|0.021;0.044;-0.000;0.001|0.022;0.044;-0.000;0.000|0.021;0.042;-0.000;0.000|0.020;0.039;-0.000;0.000|0.019;0.037;-0.000;-0.000|0.020;0.037;-0.000;-0.000|0.019;0.032;-0.000;-0.001|0.018;0.022;-0.000;-0.001|0.018;0.018;-0.001;-0.000|0.020;0.019;-0.000;-0.001,-0.027|-0.009|-0.005|0.020|0.015|0.029|0.002|-0.018|-0.027|-0.002|0.011|-0.013|-0.020|-0.022|0.001|-0.012|-0.050|-0.033|-0.016|-0.008,0.46|0.35|0.31|0.20|0.04|-0.05|-0.07|-0.05|-0.02|-0.04|-0.05|-0.01|0.05|0.08|0.09|0.16|0.28|0.43|0.42|0.51,0.3.1
AbuDhabi_Race_Mar20_001_L7,4,True,1,1,0.0,0.0,0,0,8.4,0.0,1003.3,258,7,15566,1086.45,274,7,16683,1151.84,284,7,17516,8.283,0.0,1036.68,265,7,16016,1950,0,100,1.1,1.1,0.0,0.5,0,0,0,0,0,0,0,0,0,0,0,False,0,0,0,False,118|83|107|93,100|76|95|86,89|71|88|83,92|96|98|100,58,30,55,50,1002|1010|1018|1026|1034|1041|1049|1057|1065|1073|1080|1088|1096|1104|1112|1119|1127|1135|1143|1151,15566|15683|15783|15883|15983|16099|16199|16316|16416|16516|16599|16716|16816|16899|16999|17116|17199|17316|17399|17516,398.6;-104.4|406.9;-105.1|414.1;-105.7|421.4;-106.5|428.7;-107.3|437.2;-108.4|444.6;-109.5|452.0;-110.7|459.4;-112.0|466.8;-113.4|474.2;-115.1|481.6;-116.9|489.0;-118.9|496.4;-121.1|503.7;-123.4|511.1;-125.9|518.4;-128.5|525.7;-131.3|533.0;-134.1|540.4;-136.9,258|260|261|263|265|267|268|269|271|272|273|275|276|277|278|279|280|282|283|284,0|0|0|0|0|0|0|0|0|0|0|0|0|0|0|0|0|0|0|0,100|100|100|100|100|100|100|100|100|100|100|100|100|100|100|100|100|100|100|100,7|7|7|7|7|7|7|7|7|7|7|7|7|7|7|7|7|7|7|7,-0.0090|-0.0056|-0.0045|-0.0064|-0.0084|-0.0096|-0.0102|-0.0109|-0.0142|-0.0141|-0.0129|-0.0135|-0.0131|-0.0127|-0.0108|-0.0064|-0.0040|-0.0029|-0.0014|-0.0016,0.023;0.019;-0.001;-0.001|0.023;0.019;-0.001;-0.000|0.018;0.019;-0.001;-0.000|0.021;0.018;-0.001;-0.001|0.023;0.018;-0.000;-0.000|0.022;0.017;-0.001;-0.000|0.024;0.018;-0.000;-0.000|0.021;0.018;-0.000;-0.000|0.020;0.016;-0.000;-0.000|0.022;0.017;-0.000;-0.000|0.021;0.017;-0.000;-0.000|0.020;0.016;-0.000;-0.000|0.020;0.016;-0.000;-0.000|0.019;0.015;-0.000;-0.000|0.019;0.016;-0.000;-0.000|0.018;0.016;-0.000;-0.000|0.018;0.017;-0.000;-0.000|0.017;0.016;-0.000;-0.000|0.016;0.016;-0.000;-0.000|0.016;0.016;-0.000;-0.000,0.003|-0.031|-0.174|0.053|-0.004|-0.012|-0.019|-0.056|-0.017|0.029|-0.010|0.018|0.017|0.031|0.020|0.009|0.005|0.032|0.044|0.024,0.50|0.49|0.47|0.50|0.45|0.45|0.43|0.39|0.41|0.40|0.37|0.37|0.36|0.35|0.34|0.35|0.35|0.35|0.33|0.32,0.3.1
AbuDhabi_Race_Mar20_001_L7,5,False,1,1,1306.8,294,8,19415,8.284,0.0,1314.88,286,8,19515,1469.05,97,2,22915,1580.82,184,4,26048,8.384,0.0,1516.53,115,2,24481,6633,100,100,2.8,2.8,0.0,8.5,0,0,0,0,0,0,0,0,0,0,0,False,0,0,0,False,70|61|73|71,74|78|70|78,65|74|79|85,92|96|98|100,58,30,55,50,1313|1327|1341|1355|1369|1383|1397|1412|1426|1440|1454|1468|1482|1496|1510|1524|1538|1552|1566|1580,19515|19715|19898|20115|20381|20681|20998|21415|21798|22181|22565|22898|23298|23798|24281|24748|25131|25464|25781|26048,691.2;-199.3|703.9;-205.0|716.3;-211.0|728.2;-217.0|741.0;-224.1|752.6;-231.6|763.7;-240.6|773.7;-251.5|780.3;-262.1|784.4;-272.9|785.2;-283.0|783.4;-292.5|778.3;-302.1|768.7;-311.3|755.3;-317.3|741.0;-319.7|726.9;-320.4|712.3;-320.2|698.6;-319.5|684.6;-318.4,286|261|235|209|185|165|144|125|110|99|100|98|98|102|110|124|141|157|171|184,88|100|100|75|61|52|41|29|28|0|0|0|0|0|0|0|0|0|0|0,12|7|5|5|5|5|5|5|6|34|35|34|43|48|63|90|100|100|100|100,8|8|7|7|6|5|4|3|2|2|2|2|2|2|2|2|3|3|4|4,-0.0035|-0.0077|-0.0072|-0.0118|-0.0243|-0.0273|-0.0520|-0.0488|-0.0580|-0.1228|-0.1448|-0.1495|-0.1320|-0.0942|-0.0454|-0.0210|-0.0107|-0.0059|-0.0053|-0.0025,-0.026;-0.025;-0.027;-0.026|-0.032;-0.030;-0.035;-0.031|-0.032;-0.031;-0.058;-0.038|-0.035;-0.033;-0.037;-0.025|-0.032;-0.030;-0.050;-0.021|-0.025;-0.023;-0.042;-0.018|-0.037;-0.032;-0.078;-0.018|-0.020;-0.016;-0.060;-0.012|0.026;0.002;-0.041;-0.014|0.041;0.009;0.000;-0.000|0.140;0.024;-0.001;0.003|0.069;0.019;0.009;0.000|0.061;0.015;-0.001;-0.000|0.099;0.030;-0.003;-0.000|0.116;0.046;-0.004;-0.001|0.077;0.052;-0.002;-0.001|0.138;0.114;-0.002;-0.001|0.071;0.058;-0.001;-0.001|0.093;0.082;-0.002;-0.001|0.043;0.040;-0.001;-0.001,-0.019|0.030|0.039|0.004|-0.009|-0.012|-0.034|-0.028|-0.023|0.004|0.199|0.142|-0.020|0.032|0.018|0.002|-0.022|-0.000|-0.011|-0.038,-3.35|-3.86|-3.31|-2.89|-2.35|-1.99|-1.67|-1.15|-0.21|0.00|0.09|-0.12|0.20|0.33|0.69|1.22|1.39|1.31|1.51|1.25,0.3.1
AbuDhabi_Race_Mar20_001_L7,6,False,1,1,2519.21,310,8,38064,8.567,0.0,2531.92,296,8,38214,2679.55,73,2,41848,2697.45,89,2,42664,8.484,0.0,2692.66,83,2,42464,4600,100,71,12.7,12.7,0.0,14.6,1,0,1,0,0,0,0,0,0,0,0,False,0,0,0,False,46|48|57|57,69|81|64|72,68|79|66|73,91|95|97|99,58,30,55,50,2530|2539|2548|2556|2565|2574|2583|2592|2600|2609|2618|2627|2635|2644|2653|2662|2671|2679|2688|2697,38214|38331|38448|38564|38698|38848|38981|39148|39331|39548|39798|40014|40298|40598|40964|41248|41481|41864|42298|42664,-265.8;-305.4|-273.8;-305.5|-282.7;-305.6|-291.1;-305.7|-300.0;-305.9|-309.3;-306.0|-317.9;-306.2|-326.5;-306.2|-335.0;-306.3|-343.9;-306.4|-352.8;-306.2|-361.2;-305.7|-369.9;-304.1|-378.6;-301.0|-386.5;-295.8|-390.6;-291.2|-393.0;-286.4|-394.3;-278.7|-392.5;-269.7|-389.1;-261.9,296|282|266|250|232|214|195|176|158|140|135|124|112|100|86|79|75|73|79|89,100|100|100|100|100|100|100|92|81|18|22|38|25|23|7|0|0|0|0|0,9|5|1|1|1|1|1|0|0|0|0|0|0|0|0|14|26|36|56|71,8|8|8|8|8|7|6|6|5|5|4|4|3|2|2|2|2|2|2|2,-0.0009|0.0010|-0.0001|-0.0000|0.0005|-0.0016|-0.0023|-0.0032|-0.0038|-0.0078|-0.0257|-0.0511|-0.0840|-0.1316|-0.2318|-0.2621|-0.2252|-0.1236|-0.0527|-0.0264,-0.030;-0.030;-0.030;-0.031|-0.033;-0.033;-0.032;-0.033|-0.037;-0.037;-0.035;-0.036|-0.041;-0.041;-0.038;-0.042|-0.045;-0.045;-0.042;-0.045|-0.052;-0.054;-0.051;-0.049|-0.079;-0.076;-0.081;-0.077|-0.090;-0.089;-0.192;-0.151|-0.058;-0.054;-0.233;-0.194|-0.011;-0.011;-0.008;-0.007|-0.004;-0.005;-0.017;-0.009|-0.024;-0.025;-0.035;-0.015|-0.018;-0.023;-0.052;-0.011|-0.021;-0.017;-0.138;-0.015|0.011;-0.012;-0.036;-0.007|0.047;0.002;0.003;0.001|0.124;0.013;0.001;0.001|0.121;0.022;-0.000;0.000|0.063;0.022;-0.001;-0.001|0.086;0.042;-0.001;-0.001,0.010|0.001|0.001|0.008|0.003|0.005|0.002|0.003|0.003|-0.010|-0.029|-0.009|-0.004|0.018|-0.005|-0.008|-0.034|-0.048|-0.000|0.036,-3.97|-3.94|-3.90|-3.81|-3.73|-3.60|-3.49|-3.16|-2.71|-0.89|-0.29|-1.49|-1.17|-1.17|-0.87|-0.56|-0.22|0.07|0.57|0.90,0.3.1
AbuDhabi_Race_Mar20_001_L7,7,False,1,1,0.0,0.0,0,0,8.484,0.0,2698.69,90,2,42714,2734.82,86,2,43914,2766.72,110,2,45148,8.317,0.0,2754.04,95,2,44698,2434,0,74,0.0,0.0,0.0,1.2,0,0,0,0,0,0,0,0,0,0,0,False,0,0,0,False,68|79|66|73,74|77|72|73,74|73|76|75,90|95|97|99,58,30,55,50,2698|2701|2705|2709|2712|2716|2719|2723|2727|2730|2734|2737|2741|2744|2748|2752|2755|2759|2762|2766,42714|42848|42981|43131|43231|43364|43481|43598|43698|43781|43881|44031|44181|44331|44498|44648|44781|44914|45048|45148,-388.6;-260.7|-387.0;-257.6|-385.4;-254.4|-384.0;-251.0|-382.9;-247.9|-382.1;-244.4|-381.7;-241.3|-381.6;-238.3|-381.7;-236.2|-381.9;-234.2|-382.4;-231.4|-383.3;-228.3|-384.9;-224.7|-386.8;-221.7|-389.0;-218.7|-391.5;-215.8|-393.9;-213.3|-396.7;-210.8|-399.7;-208.4|-402.5;-206.3,90|95|99|100|98|96|94|91|90|88|86|85|84|86|90|93|97|101|106|110,0|0|0|0|0|0|0|0|0|0|0|0|0|0|0|0|0|0|0|0,71|71|50|16|10|8|8|8|12|15|20|30|43|56|63|64|66|73|74|75,2|2|2|2|2|2|2|2|2|2|2|2|2|2|2|2|2|2|2|2,-0.0225|-0.0007|0.0619|0.1337|0.1593|0.1705|0.1694|0.1642|0.1641|0.1602|0.1463|0.1187|0.0839|0.0682|0.0663|0.0634|0.0516|0.0384|0.0235|0.0065,0.088;0.044;-0.001;-0.001|0.053;0.047;-0.001;-0.001|0.019;0.037;-0.001;-0.001|0.000;0.017;-0.000;0.001|-0.003;0.018;0.000;0.002|-0.003;0.035;0.001;0.002|-0.000;0.053;0.001;0.002|0.001;0.063;0.002;0.003|0.005;0.077;0.002;0.003|0.013;0.084;0.001;0.006|0.021;0.079;0.001;0.015|0.027;0.092;0.000;0.013|0.031;0.089;-0.000;-0.002|0.027;0.086;-0.001;-0.002|0.032;0.087;-0.001;-0.002|0.039;0.139;-0.001;-0.001|0.050;0.152;-0.001;-0.002|0.066;0.141;-0.001;-0.002|0.065;0.123;-0.001;-0.003|0.061;0.073;-0.001;-0.004,-0.003|-0.012|-0.050|-0.016|0.009|-0.031|-0.054|-0.052|-0.023|0.064|-0.006|0.011|0.039|0.024|-0.001|-0.025|-0.022|0.003|0.015|0.066,0.91|1.04|0.62|-0.18|-0.36|-0.48|-0.51|-0.47|-0.43|-0.29|-0.21|-0.08|0.26|0.54|0.73|0.72|0.86|0.95|1.06|1.12,0.3.1
AbuDhabi_Race_Mar20_001_L7,8,True,1,1,0.0,0.0,0,0,8.317,0.0,2791.61,141,3,45864,2913.57,228,6,48181,3092.31,276,7,50647,8.234,0.0,2838.31,183,4,46881,4783,0,100,0.3,0.3,0.0,2.0,0,0,0,0,0,0,0,0,0,0,0,False,0,0,0,False,71|71|78|78,62|63|80|80,55|57|71|74,90|94|97|99,58,30,55,50,2791|2807|2822|2838|2854|2870|2886|2901|2917|2933|2949|2964|2980|2996|3012|3028|3043|3059|3075|3092,45864|46264|46597|46897|47197|47464|47731|47997|48231|48481|48697|48931|49147|49381|49597|49797|50014|50231|50431|50647,-423.2;-192.3|-436.5;-183.5|-449.0;-174.7|-461.5;-165.3|-473.7;-155.2|-484.8;-145.3|-495.9;-134.3|-506.9;-122.2|-516.3;-110.9|-526.1;-97.9|-534.3;-85.9|-542.8;-72.5|-550.4;-59.4|-558.1;-44.7|-564.8;-30.7|-570.8;-17.3|-577.1;-2.6|-583.3;12.4|-588.9;26.4|-594.9;41.9,141|157|171|183|196|206|215|224|231|238|243|248|253|257|261|264|267|270|273|276,0|0|0|0|0|0|0|0|0|0|0|0|0|0|0|0|0|0|0|0,98|100|100|100|100|100|100|100|100|100|100|100|100|100|100|100|100|100|100|100,3|3|4|4|5|5|5|5|6|6|6|6|6|6|6|7|7|7|7|7,-0.0019|-0.0048|-0.0077|-0.0092|-0.0087|-0.0124|-0.0117|-0.0130|-0.0113|-0.0103|-0.0120|-0.0112|-0.0101|-0.0088|-0.0086|-0.0024|-0.0031|-0.0031|-0.0018|-0.0013,0.064;0.058;-0.001;-0.001|0.044;0.061;-0.001;-0.001|0.053;0.041;-0.001;-0.001|0.066;0.048;-0.001;-0.001|0.060;0.043;-0.001;-0.001|0.046;0.034;-0.001;-0.001|0.041;0.030;-0.001;-0.001|0.041;0.029;-0.001;-0.001|0.043;0.031;-0.001;-0.001|0.032;0.024;-0.001;-0.001|0.031;0.023;-0.001;-0.001|0.030;0.023;-0.001;-0.001|0.026;0.020;-0.001;-0.001|0.024;0.019;-0.001;-0.000|0.023;0.018;-0.001;-0.000|0.020;0.018;-0.000;-0.000|0.019;0.018;-0.000;-0.000|0.019;0.018;-0.000;-0.000|0.018;0.018;-0.000;-0.000|0.018;0.018;-0.000;-0.000,-0.008|-0.082|0.013|0.011|0.004|0.002|0.046|0.008|-0.008|0.002|0.001|0.010|-0.015|-0.027|-0.020|0.009|0.006|0.006|-0.005|-0.004,1.16|1.01|1.10|1.19|1.25|1.03|0.94|0.88|1.01|0.75|0.68|0.63|0.57|0.52|0.47|0.44|0.43|0.41|0.39|0.37,0.3.1
AbuDhabi_Race_Mar20_001_L7,9,False,1,1,3561.12,305,8,56332,8.484,0.0,3577.5,281,8,56532,3693.73,150,4,58648,3950.98,219,5,63698,8.467,0.0,3706.25,150,4,58915,7366,100,100,14.4,14.4,0.0,7.9,0,0,0,0,0,0,0,0,0,0,0,False,0,0,0,False,48|49|58|62,64|76|64|74,64|102|80|96,89|94|97|99,58,30,55,50,3576|3596|3615|3635|3655|3674|3694|3714|3733|3753|3773|3792|3812|3832|3851|3871|3891|3910|3930|3950,56532|56815|57098|57465|57882|58282|58665|59065|59482|59898|60298|60698|61115|61482|61882|62265|62648|63015|63382|63698,-719.0;509.0|-720.5;528.5|-720.7;547.5|-718.9;567.7|-714.4;586.5|-707.0;602.9|-697.0;615.6|-683.7;625.7|-667.3;632.4|-649.3;634.7|-631.6;632.7|-614.5;626.5|-599.2;616.2|-586.8;603.2|-576.9;586.7|-570.7;568.8|-567.4;549.0|-567.3;528.9|-570.2;509.1|-575.2;489.9,281|245|214|186|163|152|150|151|154|159|162|165|167|170|175|182|193|202|210|219,100|100|61|45|36|0|0|0|0|0|0|0|0|0|0|0|0|0|0|0,4|4|6|11|9|49|58|70|73|73|72|72|72|76|82|91|100|100|100|100,8|7|6|5|4|4|4|4|4|4|4|4|4|4|4|4|5|5|5|5,-0.0092|-0.0163|-0.0238|-0.0324|-0.0510|-0.1059|-0.1215|-0.1097|-0.0769|-0.0798|-0.0842|-0.0871|-0.0895|-0.0754|-0.0561|-0.0340|-0.0416|-0.0390|-0.0217|-0.0117,-0.033;-0.032;-0.035;-0.031|-0.042;-0.035;-0.081;-0.036|-0.027;-0.025;-0.052;-0.019|-0.021;-0.018;-0.078;-0.015|-0.017;-0.016;-0.067;-0.013|0.049;0.014;0.001;-0.000|0.064;0.020;0.001;-0.000|0.054;0.021;-0.002;-0.000|0.077;0.029;-0.002;-0.000|0.060;0.025;-0.002;-0.000|0.063;0.025;-0.001;-0.000|0.062;0.025;-0.002;-0.000|0.062;0.026;-0.002;-0.000|0.058;0.025;-0.002;-0.001|0.051;0.025;-0.004;-0.000|0.046;0.026;-0.002;-0.001|0.058;0.031;-0.002;-0.001|0.054;0.031;-0.002;-0.001|0.047;0.034;-0.001;-0.001|0.032;0.025;-0.001;-0.001,0.019|0.021|-0.004|-0.033|-0.023|0.023|-0.013|-0.005|0.022|0.006|-0.004|0.014|-0.013|-0.043|-0.046|-0.026|-0.069|0.039|0.080|-0.010,-3.95|-3.67|-2.50|-1.81|-1.52|-0.07|0.01|0.29|0.36|0.42|0.31|0.33|0.34|0.34|0.54|0.71|0.79|0.74|0.49|0.85,0.3.1
AbuDhabi_Race_Mar20_001_L7,10,True,1,1,0.0,0.0,0,0,8.45,0.0,4053.38,256,6,65248,4143.89,269,7,66482,4164.97,270,7,66749,8.417,0.0,4163.72,270,7,66732,1501,0,100,6.4,3.9,0.0,7.3,0,0,0,0,0,0,0,0,0,0,0,False,0,0,0,False,58|84|75|85,68|79|80|83,71|79|83|84,89|95|96|100,58,30,55,50,4052|4058|4064|4070|4076|4082|4087|4093|4099|4105|4111|4117|4122|4128|4134|4140|4146|4152|4157|4164,65248|65332|65415|65499|65582|65665|65732|65815|65882|65965|66032|66132|66182|66265|66349|66449|66499|66582|66665|66749,-605.3;391.9|-606.8;386.1|-608.3;380.2|-609.7;374.4|-610.8;369.6|-612.2;363.6|-613.5;357.6|-614.7;351.6|-615.7;346.7|-616.8;340.6|-617.5;335.6|-618.3;329.4|-618.8;324.4|-619.1;318.2|-619.3;311.9|-619.1;305.7|-618.8;300.7|-618.2;294.5|-617.4;288.3|-616.4;282.1,256|258|260|262|263|265|266|267|268|269|269|270|270|270|269|269|269|269|269|270,0|0|0|0|0|0|0|0|0|0|0|0|0|0|0|0|0|0|0|0,100|100|100|100|100|100|100|100|100|100|100|100|100|100|100|100|100|100|100|100,6|6|6|6|6|7|7|7|7|7|7|7|7|7|7|7|7|7|7|7,0.0062|0.0054|0.0055|0.0054|0.0047|0.0067|0.0138|0.0120|0.0175|0.0310|0.0346|0.0372|0.0462|0.0542|0.0486|0.0409|0.0354|0.0275|0.0235|0.0270,0.023;0.025;-0.001;-0.001|0.022;0.024;-0.001;-0.001|0.023;0.025;-0.001;-0.001|0.022;0.024;-0.001;-0.001|0.018;0.020;-0.001;-0.001|0.018;0.020;-0.001;-0.000|0.016;0.019;-0.000;-0.000|0.016;0.019;-0.000;-0.000|0.016;0.021;-0.000;-0.000|0.015;0.022;-0.000;-0.000|0.015;0.023;-0.000;-0.000|0.016;0.026;-0.000;-0.000|0.016;0.027;-0.000;-0.000|0.018;0.034;-0.000;-0.000|0.019;0.035;-0.000;-0.000|0.020;0.036;-0.000;-0.000|0.019;0.033;-0.000;-0.000|0.018;0.028;-0.000;-0.001|0.017;0.025;-0.000;-0.000|0.017;0.023;-0.000;-0.000,-0.001|-0.004|0.001|-0.002|-0.004|-0.004|0.018|0.011|0.022|0.043|0.035|0.021|0.025|0.010|-0.010|0.002|-0.013|-0.033|-0.024|-0.062,0.67|0.66|0.62|0.62|0.55|0.54|0.41|0.38|0.35|0.30|0.27|0.21|0.16|0.09|0.09|0.13|0.16|0.21|0.26|0.27,0.3.1
AbuDhabi_Race_Mar20_001_L7,11,True,1,1,0.0,0.0,0,0,8.417,0.0,4166.21,270,7,66765,4196.24,270,7,67166,4246.14,268,7,67832,8.417,0.0,4239.43,270,7,67749,1067,0,95,0.6,0.0,0.0,0.0,0,0,0,0,0,0,0,0,0,0,0,False,0,0,0,False,72|79|83|84,79|80|88|85,90|82|95|87,89|95|97|100,58,30,55,50,4164|4170|4175|4180|4185|4191|4196|4201|4206|4211|4217|4222|4227|4232|4238|4243|4248|4253|4259|4246,66765|66832|66899|66966|67032|67116|67182|67249|67316|67382|67466|67532|67599|67666|67749|67816|67832,-616.2;280.9|-615.2;276.0|-614.1;271.1|-612.9;266.2|-611.5;261.4|-609.9;256.6|-607.8;250.7|-605.9;246.1|-603.9;241.5|-601.7;237.0|-598.8;231.4|-596.4;227.0|-593.8;222.7|-591.1;218.5|-587.5;213.4|-584.5;209.4|-583.7;208.4,270|270|271|271|271|270|270|270|270|270|270|270|270|270|270|269|268,0|0|0|0|0|0|0|0|0|0|0|0|0|0|0|7|14,100|100|100|100|100|100|100|100|100|100|100|100|100|100|95|42|29,7|7|7|7|7|7|7|7|7|7|7|7|7|7|7|7|7,0.0288|0.0399|0.0492|0.0468|0.0438|0.0448|0.0436|0.0404|0.0390|0.0416|0.0422|0.0412|0.0426|0.0452|0.0436|0.0391|0.0377,0.016;0.023;-0.000;-0.000|0.017;0.028;-0.000;-0.000|0.017;0.028;-0.000;-0.000|0.017;0.029;-0.000;-0.000|0.019;0.030;-0.000;-0.000|0.019;0.033;-0.000;-0.000|0.017;0.031;-0.000;-0.000|0.017;0.031;-0.000;-0.000|0.017;0.029;-0.000;-0.000|0.018;0.031;-0.000;-0.000|0.017;0.030;-0.000;-0.000|0.018;0.031;-0.000;-0.000|0.018;0.031;-0.000;-0.000|0.017;0.030;-0.000;-0.000|0.015;0.026;-0.000;-0.000|0.001;0.006;-0.002;-0.003|-0.003;0.000;-0.003;-0.007,-0.024|0.155|0.042|-0.019|-0.054|0.013|-0.009|0.007|-0.018|-0.001|-0.006|-0.006|0.009|-0.007|-0.011|-0.012|-0.007,0.26|0.22|0.15|0.15|0.09|0.10|0.16|0.14|0.16|0.16|0.16|0.16|0.16|0.14|0.11|-0.65|-0.99,0.3.1
AbuDhabi_Race_Mar20_001_L7,12,False,1,1,4247.5,267,7,67849,8.417,0.0,4265.7,240,7,68082,4371.67,96,2,70583,4438.39,133,3,72650,8.45,0.0,4415.99,110,2,71983,4801,100,83,0.0,0.0,0.0,8.1,1,0,0,1,0,0,0,0,0,0,0,False,0,0,0,False,90|82|95|87,88|87|86|77,82|78|83|77,90|95|97|100,58,30,55,50,4265|4274|4283|4292|4301|4310|4319|4329|4338|4347|4356|4365|4374|4383|4392|4401|4410|4420|4429|4438,68082|68216|68382|68549|68716|68916|69099|69316|69549|69783|70066|70366|70683|70900|71166|71500|71817|72117|72400|72650,-571.9;195.1|-565.9;189.1|-558.7;182.3|-551.8;176.3|-545.3;170.8|-537.7;164.8|-530.8;160.0|-522.9;154.8|-514.8;150.0|-507.1;146.0|-498.1;142.6|-489.2;140.8|-480.6;141.0|-474.9;142.4|-468.4;145.5|-461.1;150.9|-454.9;157.6|-449.6;165.2|-445.1;173.4|-441.5;181.5,240|222|204|189|178|170|161|151|139|128|116|102|96|96|97|101|106|114|123|133,100|97|73|54|33|29|35|38|35|31|30|18|0|0|0|0|0|0|0|0,5|3|2|0|0|0|0|0|0|0|0|0|30|37|38|44|59|69|81|83,7|7|6|6|6|5|5|4|3|3|2|2|2|2|2|2|2|2|2|3,0.0181|0.0206|0.0233|0.0219|0.0235|0.0191|0.0158|0.0199|0.0297|0.0492|0.1042|0.1520|0.1681|0.1319|0.1042|0.0809|0.0647|0.0444|0.0333|0.0112,-0.035;-0.050;-0.029;-0.106|-0.043;-0.056;-0.038;-0.166|-0.036;-0.041;-0.028;-0.330|-0.028;-0.031;-0.019;-0.290|-0.017;-0.017;-0.010;-0.016|-0.015;-0.016;-0.010;-0.015|-0.018;-0.019;-0.012;-0.017|-0.022;-0.022;-0.014;-0.020|0.016;0.023;-0.014;-0.028|-0.024;-0.023;-0.012;-0.026|-0.020;-0.027;-0.015;-0.118|-0.019;-0.010;-0.011;-0.082|0.009;0.036;-0.000;0.002|0.011;0.044;-0.000;-0.001|0.013;0.054;-0.000;-0.001|0.016;0.043;-0.000;-0.001|0.024;0.053;-0.001;-0.002|0.032;0.064;-0.001;-0.002|0.042;0.074;-0.001;-0.002|0.090;0.117;-0.001;-0.002,-0.015|0.019|-0.006|-0.009|0.028|-0.008|-0.006|0.004|0.010|0.016|-0.034|0.009|0.001|0.098|-0.008|0.008|-0.002|-0.004|-0.004|0.027,-3.83|-3.58|-2.88|-2.29|-1.50|-1.30|-1.47|-1.53|-0.41|-1.37|-1.33|-1.10|-0.09|0.17|0.18|0.37|0.65|0.84|1.02|1.32,0.3.1
AbuDhabi_Race_Mar20_001_L7,13,False,1,1,0.0,0.0,0,0,8.45,0.0,4445.98,139,3,72850,4515.83,127,3,74600,4558.9,128,3,75867,8.45,0.0,0.0,0.0,0,0,3017,0,51,0.0,0.0,0.0,4.0,0,0,0,0,0,0,0,0,0,0,0,False,0,0,0,False,81|77|83|76,78|98|78|82,76|100|76|82,90|95|97|99,58,30,55,50,4445|4451|4456|4462|4468|4474|4480|4486|4492|4498|4504|4510|4516|4522|4528|4534|4539|4545|4551|4558,72850|73000|73133|73284|73434|73567|73700|73850|73984|74134|74284|74450|74617|74801|74984|75167|75334|75517|75667|75867,-438.7;188.6|-436.3;193.9|-433.8;198.6|-430.7;203.5|-427.2;208.1|-423.8;211.9|-420.1;215.3|-415.7;218.7|-411.6;221.4|-406.8;224.0|-401.9;226.3|-396.3;228.3|-390.6;229.8|-384.2;230.7|-377.7;230.8|-371.4;230.2|-365.6;229.2|-359.4;227.6|-354.5;225.9|-348.0;223.0,139|141|140|139|138|136|135|133|131|130|128|128|127|126|126|125|125|125|126|128,0|0|0|0|0|0|0|0|0|0|0|0|0|0|0|0|0|0|0|0,61|43|36|36|36|36|36|36|33|33|40|48|49|46|42|34|32|37|49|51,3|3|3|3|3|3|3|3|3|3|3|3|3|3|3|3|3|3|3|3,-0.0344|-0.0649|-0.0947|-0.1096|-0.1148|-0.1236|-0.1342|-0.1487|-0.1631|-0.1745|-0.1756|-0.1688|-0.1595|-0.1558|-0.1505|-0.0834|-0.0511|-0.0625|-0.0634|-0.0459,0.025;0.017;-0.001;-0.001|0.020;0.008;-0.000;-0.000|0.022;0.006;0.001;-0.000|0.030;0.008;0.002;0.000|0.037;0.009;0.002;0.000|0.038;0.009;0.002;0.000|0.042;0.011;0.002;0.000|0.046;0.010;0.003;0.001|0.056;0.013;0.004;0.001|0.038;0.011;0.005;0.001|0.044;0.012;0.003;-0.000|0.063;0.018;0.001;-0.000|0.064;0.019;0.001;-0.000|0.062;0.018;0.001;-0.000|0.045;0.015;0.000;-0.000|0.019;0.006;-0.012;-0.000|0.010;0.005;-0.001;0.000|0.017;0.010;-0.000;-0.001|0.057;0.014;-0.000;0.000|0.032;0.020;-0.001;-0.000,0.024|0.025|0.014|0.012|0.043|0.004|0.022|-0.079|-0.038|-0.063|-0.041|0.030|0.028|0.032|0.023|-0.073|0.043|-0.050|-0.050|0.102,0.51|0.12|-0.11|-0.17|-0.22|-0.21|-0.18|-0.19|-0.23|-0.21|-0.16|-0.04|-0.00|-0.03|-0.04|0.10|0.06|0.17|0.10|0.45,0.3.1
AbuDhabi_Race_Mar20_001_L7,14,False,1,1,0.0,0.0,0,0,8.45,0.0,4559.49,128,3,75884,4622.2,136,3,77468,4747.94,213,5,80135,8.266,0.0,4622.87,136,3,77484,4251,0,100,0.0,0.0,0.0,2.2,0,0,0,0,0,0,0,0,0,0,0,False,0,0,0,False,76|100|76|82,73|104|75|85,64|87|79|86,90|96|96|99,58,30,55,50,4558|4568|4578|4588|4598|4608|4618|4627|4637|4647|4657|4667|4677|4687|4697|4707|4716|4726|4736|4747,75884|76151|76434|76718|76934|77134|77368|77618|77868|78135|78368|78601|78818|79035|79218|79401|79602|79768|79952|80135,-347.4;222.8|-339.2;217.9|-330.9;211.4|-323.6;203.5|-318.8;196.7|-315.1;190.0|-311.8;181.8|-309.3;172.6|-308.2;162.9|-308.3;152.1|-309.4;142.2|-311.5;132.1|-314.3;122.3|-317.9;112.4|-321.8;104.0|-326.3;95.5|-331.7;86.2|-336.7;78.4|-342.6;69.8|-348.8;61.0,128|131|135|137|138|137|136|138|143|149|156|164|172|179|185|190|197|202|207|213,0|0|0|0|0|0|0|0|0|0|0|0|0|0|0|0|0|0|0|0,51|57|58|58|49|40|52|70|74|83|94|100|100|100|100|100|100|100|100|100,3|3|3|3|3|3|3|3|3|3|3|4|4|4|4|4|5|5|5|5,-0.0453|-0.0511|-0.0720|-0.0830|-0.0951|-0.1083|-0.1116|-0.0714|-0.0537|-0.0385|-0.0289|-0.0269|-0.0373|-0.0277|-0.0176|-0.0150|-0.0140|-0.0067|-0.0064|0.0002,0.026;0.019;-0.001;-0.000|0.074;0.026;-0.001;-0.000|0.053;0.019;-0.001;-0.000|0.053;0.019;-0.001;-0.000|0.055;0.016;-0.000;0.000|0.062;0.020;0.002;0.000|0.066;0.025;0.001;-0.000|0.078;0.033;-0.005;-0.001|0.071;0.031;-0.002;-0.001|0.065;0.035;-0.004;-0.001|0.068;0.039;-0.002;-0.001|0.055;0.032;-0.002;-0.001|0.067;0.049;-0.005;-0.001|0.069;0.046;-0.002;-0.001|0.048;0.035;-0.001;-0.001|0.046;0.034;-0.001;-0.001|0.063;0.042;-0.001;-0.001|0.032;0.027;-0.001;-0.001|0.030;0.027;-0.001;-0.001|0.028;0.027;-0.001;-0.001,0.056|0.038|0.009|0.005|0.030|-0.042|-0.012|0.070|0.032|0.016|-0.000|-0.002|0.129|0.057|0.010|-0.045|-0.119|0.011|0.011|0.011,0.43|0.51|0.36|0.26|0.04|-0.03|0.07|0.53|0.59|0.80|0.97|0.91|0.97|0.95|0.95|0.89|1.11|0.85|0.82|0.80,0.3.1
AbuDhabi_Race_Mar20_001_L7,15,True,1,1,0.0,0.0,0,0,8.266,0.0,4780.24,226,5,80668,4923.48,214,6,82786,5003.91,217,6,84153,8.3,0.0,4953.84,206,6,83302,3485,0,96,1.7,0.0,0.0,1.2,0,0,0,0,0,0,0,0,0,0,0,False,0,0,0,False,62|82|77|84,100|83|95|84,99|77|92|79,90|96|96|99,58,30,55,50,4779|4790|4802|4814|4826|4838|4850|4862|4874|4886|4898|4909|4921|4933|4945|4957|4969|4981|4993|5003,80668|80852|81035|81219|81385|81569|81752|81935|82102|82269|82435|82602|82769|82952|83169|83386|83586|83786|83986|84153,-367.5;34.3|-373.8;24.4|-379.8;14.2|-385.3;3.5|-389.7;-6.7|-393.7;-18.4|-396.8;-30.4|-398.9;-42.7|-400.0;-54.0|-400.2;-65.1|-399.3;-75.8|-397.4;-86.1|-394.6;-95.8|-390.6;-105.9|-384.7;-117.0|-378.3;-126.5|-370.4;-136.2|-362.6;-144.9|-354.5;-153.7|-347.5;-161.0,226|231|235|238|240|242|244|245|243|237|229|221|215|210|207|206|208|213|217|217,0|0|0|0|0|0|0|0|0|0|0|0|0|0|0|0|0|0|0|11,100|100|100|100|100|100|93|85|27|13|12|12|19|41|55|70|86|96|89|15,5|6|6|6|6|6|6|6|6|6|6|6|6|6|6|6|6|6|6|6,0.0123|0.0202|0.0251|0.0351|0.0366|0.0392|0.0388|0.0417|0.0918|0.0988|0.1087|0.1110|0.1127|0.1035|0.0782|0.0315|0.0112|0.0052|0.0029|0.0009,0.023;0.026;-0.001;-0.001|0.022;0.029;-0.001;-0.001|0.022;0.031;-0.001;-0.001|0.022;0.041;-0.001;-0.000|0.021;0.035;-0.000;-0.001|0.022;0.038;-0.000;-0.001|0.018;0.031;-0.000;-0.001|0.017;0.029;-0.000;-0.000|0.002;0.009;0.000;0.004|-0.001;0.007;0.001;0.005|-0.001;0.007;0.001;0.004|-0.001;0.005;0.001;0.006|0.001;0.007;0.000;0.005|0.006;0.017;0.000;0.003|0.013;0.030;-0.000;0.001|0.014;0.024;-0.000;-0.001|0.022;0.028;-0.000;-0.001|0.023;0.025;-0.001;-0.001|0.019;0.020;-0.001;-0.001|-0.003;-0.004;-0.003;-0.003,-0.001|0.008|0.101|0.124|-0.022|0.005|-0.013|0.026|0.023|0.071|0.013|-0.176|-0.124|-0.007|-0.051|-0.043|-0.030|-0.011|0.019|0.028,0.68|0.63|0.56|0.45|0.46|0.42|0.31|0.19|-0.68|-0.92|-1.00|-0.86|-0.77|-0.43|-0.14|0.20|0.52|0.65|0.59|-0.71,0.3.1
AbuDhabi_Race_Mar20_001_L7,16,False,1,1,5004.92,217,6,84169,8.3,0.0,5023.41,201,6,84486,5117.2,79,1,87020,5214.49,134,2,89720,8.333,0.0,5172.03,104,2,88503,5551,80,82,0.2,0.0,0.0,0.8,1,0,1,0,0,0,0,0,0,0,0,False,0,0,0,False,98|77|91|79,88|75|83|72,75|67|77|71,91|96|97|98,58,30,55,50,5023|5033|5043|5053|5063|5073|5083|5093|5103|5113|5123|5133|5143|5153|5163|5173|5183|5194|5204|5214,84486|84686|84886|85119|85369|85653|85920|86236|86586|86920|87203|87453|87670|87953|88270|88570|88904|89187|89454|89720,-334.0;-175.1|-326.6;-182.8|-319.8;-189.6|-312.4;-196.4|-304.6;-202.6|-296.5;-207.8|-288.0;-212.0|-278.9;-215.1|-269.5;-216.2|-261.8;-215.0|-256.0;-212.6|-251.2;-209.5|-247.3;-206.2|-242.8;-201.0|-238.2;-194.2|-234.3;-186.6|-230.0;-177.7|-225.6;-168.3|-221.4;-159.2|-217.2;-150.1,201|183|164|148|136|126|114|103|89|81|80|83|85|89|98|106|118|130|137|134,53|77|72|34|31|29|21|26|19|8|0|0|0|0|0|0|0|0|0|0,4|3|2|1|1|1|1|1|0|0|30|34|33|48|55|73|82|82|82|57,6|6|5|5|4|3|3|2|2|1|1|1|1|1|2|2|2|2|2|2,0.0028|0.0089|0.0310|0.0332|0.0441|0.0580|0.0552|0.1146|0.1297|0.1383|0.1121|0.1114|0.0989|0.0708|0.0424|0.0077|0.0050|0.0010|-0.0022|-0.0035,-0.023;-0.022;-0.019;-0.022|-0.039;-0.044;-0.035;-0.042|-0.038;-0.046;-0.034;-0.196|-0.023;-0.024;-0.012;-0.022|-0.021;-0.021;-0.012;-0.023|-0.020;-0.018;-0.011;-0.052|-0.018;-0.014;-0.008;-0.027|-0.018;-0.027;-0.013;-0.027|-0.019;-0.015;-0.010;-0.027|-0.008;0.010;-0.004;-0.011|0.010;0.026;-0.000;-0.006|0.014;0.039;-0.000;-0.004|0.015;0.037;-0.000;-0.003|0.029;0.082;-0.000;-0.002|0.026;0.065;-0.001;-0.001|0.045;0.054;-0.001;-0.001|0.061;0.059;-0.001;-0.001|0.040;0.042;-0.001;-0.001|-0.003;-0.004;0.000;0.000|-0.004;-0.004;0.000;0.000,-0.043|0.015|0.038|-0.001|-0.036|-0.036|-0.026|0.006|0.077|0.117|0.047|0.055|0.162|0.142|-0.040|-0.015|-0.010|-0.031|-0.082|-0.030,-2.06|-2.80|-2.51|-1.44|-1.31|-1.26|-0.97|-1.19|-1.12|-0.53|0.35|0.29|0.41|0.26|0.74|0.94|1.18|1.00|-0.27|-0.27,0.3.1
AbuDhabi_Race_Mar20_001_L8,1,False,5,5,364.78,116,2,21349,8.433,0.0,326.24,79,1,19866,413.97,66,1,24466,517.04,172,4,28166,8.433,0.0,417.98,77,1,25116,8300,47,100,0.0,0.0,0.0,6.0,0,0,0,0,0,0,0,0,0,0,0,False,0,0,0,False,53|53|52|52,51|59|53|55,48|52|59|61,69|69|69|69,58,30,55,50,299|310|322|333|345|356|367|379|390|402|413|425|436|447|459|470|482|493|504|517,19866|19883|19899|20233|20683|21083|21466|21866|22366|23816|24433|25566|25916|26366|26733|27083|27383|27649|27916|28166,-43.4;201.2|-43.2;201.5|-43.1;201.9|-39.9;208.5|-35.2;218.4|-30.2;228.7|-24.8;239.5|-19.7;250.0|-14.2;261.4|8.1;277.9|19.1;274.3|31.9;254.2|36.7;245.9|45.3;235.9|54.2;228.7|64.2;222.1|73.9;216.2|83.3;210.6|93.4;204.6|103.4;198.6,79|79|79|79|96|108|113|99|84|69|67|94|103|108|117|129|142|154|164|172,0|0|0|0|0|0|37|15|23|0|0|0|0|0|0|0|0|0|0|0,66|66|66|66|66|66|10|5|5|19|10|57|45|49|74|93|100|100|100|100,1|1|1|1|1|2|2|2|1|1|1|1|2|2|2|2|3|3|3|4,0.0028|0.0078|0.0071|0.0032|-0.0047|-0.0021|0.0020|0.0062|-0.0279|-0.1950|-0.1988|0.0388|0.0655|0.0461|0.0360|0.0077|-0.0009|0.0010|-0.0018|-0.0019,0.001;0.002;-0.000;0.000|0.001;0.002;-0.000;-0.000|0.001;0.002;-0.000;-0.000|0.022;0.024;-0.001;-0.001|0.056;0.056;-0.001;-0.001|0.119;0.106;-0.001;-0.001|-0.016;-0.016;-0.017;-0.018|-0.010;-0.009;-0.007;-0.009|-0.010;-0.009;-0.033;-0.013|0.087;0.009;0.000;0.000|0.039;0.000;0.001;0.000|0.027;0.036;-0.001;-0.001|0.013;0.028;-0.000;-0.001|0.013;0.019;-0.000;-0.001|0.035;0.072;-0.001;-0.001|0.047;0.064;-0.001;-0.001|0.123;0.131;-0.001;-0.001|0.047;0.053;-0.001;-0.001|0.038;0.037;-0.001;-0.001|0.068;0.067;-0.001;-0.001,-0.024|-0.033|-0.028|-0.020|-0.022|-0.037|-0.003|-0.018|-0.001|0.001|-0.033|0.015|0.111|0.076|-0.015|0.018|0.007|0.005|-0.011|-0.001,0.00|0.00|0.00|0.31|1.11|0.89|-1.16|-0.55|-0.69|-0.05|-0.24|0.78|0.60|0.45|0.88|1.13|1.32|1.20|1.02|1.14,0.3.1
AbuDhabi_Race_Mar20_001_L8,2,True,5,5,0.0,0.0,0,0,8.433,0.0,579.8,209,5,29349,647.72,207,5,30266,715.95,228,5,31233,8.433,0.0,700.93,221,5,31016,1884,0,100,1.3,1.1,0.0,5.6,0,0,0,0,0,0,0,0,0,0,0,False,0,0,0,False,47|50|60|61,50|61|61|66,50|61|62|68,69|69|69|69,58,30,55,50,579|586|594|601|608|615|622|629|636|644|651|658|665|672|679|687|694|701|708|715,29349|29449|29566|29666|29766|29866|29966|30049|30149|30233|30316|30416|30499|30599|30699|30799|30899|31016|31133|31233,156.2;165.1|161.6;161.0|166.8;156.5|171.0;152.5|175.0;148.2|178.8;143.8|182.4;139.3|185.3;135.4|188.6;130.6|191.1;126.5|193.4;122.3|195.5;118.0|197.9;112.7|200.0;107.4|202.0;101.9|203.9;96.2|205.6;90.5|207.5;83.6|209.3;76.6|210.8;70.5,209|211|211|210|210|209|209|209|208|207|207|207|208|209|211|214|217|221|225|228,0|0|0|0|0|0|0|0|0|0|0|0|0|0|0|0|0|0|0|0,89|74|61|57|57|57|57|57|58|58|64|72|85|93|97|99|100|100|100|100,5|5|5|5|5|5|5|5|5|5|5|5|5|5|5|5|5|5|5|5,-0.0281|-0.0446|-0.0418|-0.0425|-0.0336|-0.0341|-0.0481|-0.0605|-0.0612|-0.0547|-0.0451|-0.0316|-0.0271|-0.0292|-0.0232|-0.0106|-0.0097|-0.0064|-0.0033|-0.0016,0.033;0.021;-0.001;-0.001|0.037;0.018;-0.000;-0.000|0.015;0.008;-0.000;-0.000|0.016;0.008;0.000;-0.000|0.016;0.008;-0.000;-0.000|0.016;0.009;-0.000;-0.000|0.021;0.010;0.000;-0.000|0.028;0.012;0.001;-0.000|0.027;0.011;0.001;-0.000|0.017;0.008;0.000;-0.000|0.022;0.011;-0.000;-0.000|0.026;0.014;-0.001;-0.000|0.030;0.017;-0.001;-0.000|0.039;0.022;-0.001;-0.001|0.047;0.026;-0.001;-0.001|0.035;0.025;-0.001;-0.001|0.040;0.031;-0.001;-0.001|0.034;0.029;-0.001;-0.001|0.030;0.027;-0.001;-0.001|0.029;0.027;-0.001;-0.001,-0.091|-0.027|0.113|0.002|-0.010|-0.005|-0.104|-0.077|0.039|0.125|0.029|-0.000|-0.035|-0.076|-0.078|0.035|0.004|-0.005|0.002|0.004,0.54|0.25|-0.00|-0.08|-0.04|-0.02|-0.06|-0.06|-0.08|-0.12|-0.01|0.20|0.43|0.53|0.67|0.94|0.88|0.88|0.88|0.86,0.3.1
AbuDhabi_Race_Mar20_001_L8,3,True,5,5,0.0,0.0,0,0,8.433,0.0,724.69,232,5,31366,853.23,251,6,33232,999.18,266,6,35299,0.484,5.7,839.34,255,6,33016,3933,0,100,6.1,5.6,0.0,0.3,0,0,0,0,0,0,0,0,0,0,0,False,0,0,0,False,49|60|62|68,74|61|75|70,85|61|82|70,69|70|70|70,58,30,55,50,723|738|752|767|781|796|810|825|839|854|868|883|897|912|926|941|955|969|984|999,31366|31583|31783|31999|32216|32416|32633|32833|33049|33249|33449|33666|33866|34082|34282|34499|34716|34899|35099|35299,212.8;62.2|216.1;48.5|219.3;35.4|222.7;21.0|226.7;6.4|231.2;-7.1|237.2;-21.4|243.9;-34.1|251.8;-46.0|260.8;-56.8|271.8;-67.1|283.8;-75.9|295.7;-82.8|309.3;-88.8|322.5;-93.2|337.2;-96.8|351.2;-99.3|365.4;-101.1|379.9;-102.6|394.5;-104.0,232|238|243|249|254|256|258|258|255|251|248|247|247|248|251|254|256|260|263|266,0|0|0|0|0|0|0|0|0|0|0|0|0|0|0|0|0|0|0|0,100|100|100|100|100|100|100|92|75|76|83|97|100|100|100|100|100|100|100|100,5|6|6|6|6|6|6|6|6|6|6|6|6|6|6|6|6|6|6|6,-0.0000|0.0006|-0.0005|0.0091|0.0248|0.0223|0.0481|0.0812|0.0891|0.0865|0.0793|0.0752|0.0608|0.0427|0.0262|0.0236|0.0140|0.0065|0.0017|0.0008,0.026;0.026;-0.001;-0.001|0.031;0.031;-0.001;-0.001|0.026;0.025;-0.001;-0.001|0.030;0.031;-0.001;-0.001|0.017;0.024;-0.000;-0.001|0.017;0.025;-0.000;-0.001|0.016;0.028;-0.000;-0.000|0.017;0.037;-0.000;0.001|0.013;0.031;-0.000;0.002|0.012;0.027;-0.000;0.001|0.015;0.033;-0.000;0.001|0.021;0.044;-0.000;-0.000|0.023;0.044;-0.000;-0.001|0.020;0.034;-0.000;-0.001|0.017;0.026;-0.000;-0.001|0.017;0.025;-0.000;-0.001|0.017;0.023;-0.000;-0.001|0.018;0.021;-0.000;-0.001|0.017;0.019;-0.000;-0.000|0.017;0.017;-0.000;-0.000,0.005|-0.005|0.003|-0.141|0.006|0.006|0.033|-0.004|-0.030|-0.015|0.006|-0.006|-0.021|-0.024|0.001|-0.012|-0.039|-0.023|-0.017|0.004,0.83|0.98|0.74|0.70|0.44|0.40|0.28|-0.04|-0.32|-0.26|-0.11|0.13|0.28|0.38|0.45|0.44|0.46|0.46|0.47|0.43,0.3.1
AbuDhabi_Race_Mar20_001_L8,4,True,5,5,0.0,0.0,0,0,0.484,5.7,1002.96,267,6,35366,1092.54,281,7,36499,1151.22,288,7,37232,0.5489999999999995,5.683,1036.15,273,7,35782,1866,0,100,1.9,0.0,0.0,1.2,0,0,0,0,0,0,0,0,0,0,0,False,0,0,0,False,84|61|82|70,73|57|73|67,68|56|69|66,71|70|71|71,58,30,55,50,1002|1010|1018|1026|1034|1041|1049|1057|1065|1073|1080|1088|1096|1104|1112|1119|1127|1135|1143|1151,35366|35466|35582|35682|35782|35866|35966|36066|36166|36266|36366|36466|36549|36649|36749|36849|36949|37049|37149|37232,398.2;-104.3|406.9;-105.1|414.3;-105.8|421.8;-106.6|429.4;-107.4|436.9;-108.3|444.5;-109.4|452.1;-110.6|459.7;-112.0|467.3;-113.5|474.9;-115.1|482.5;-117.0|488.8;-118.6|496.3;-120.8|503.9;-123.1|511.4;-125.6|518.9;-128.2|526.3;-130.9|533.8;-133.9|540.0;-136.4,267|268|270|272|273|274|276|277|278|279|280|281|282|283|284|285|286|287|288|288,0|0|0|0|0|0|0|0|0|0|0|0|0|0|0|0|0|0|0|0,100|100|100|100|100|100|100|100|100|100|100|100|100|100|100|100|100|100|100|100,6|7|7|7|7|7|7|7|7|7|7|7|7|7|7|7|7|7|7|7,-0.0002|-0.0043|-0.0045|-0.0088|-0.0083|-0.0105|-0.0117|-0.0107|-0.0112|-0.0133|-0.0130|-0.0118|-0.0114|-0.0119|-0.0115|-0.0105|-0.0105|-0.0092|-0.0070|-0.0073,0.018;0.017;-0.000;-0.000|0.026;0.023;-0.001;-0.001|0.016;0.018;-0.000;-0.000|0.018;0.015;-0.000;-0.000|0.020;0.016;-0.000;-0.000|0.019;0.015;-0.000;-0.000|0.022;0.016;-0.000;-0.000|0.017;0.015;-0.000;-0.000|0.018;0.015;-0.000;-0.000|0.019;0.015;-0.000;-0.000|0.018;0.015;-0.000;-0.000|0.017;0.014;-0.000;-0.000|0.017;0.014;-0.000;-0.000|0.017;0.014;-0.000;-0.000|0.017;0.014;-0.000;-0.000|0.017;0.014;-0.000;-0.000|0.017;0.014;-0.000;-0.000|0.016;0.014;-0.000;-0.000|0.015;0.013;-0.000;-0.000|0.015;0.014;-0.000;-0.000,-0.005|-0.002|-0.179|0.050|0.010|-0.008|-0.026|-0.022|-0.017|0.032|-0.004|0.017|0.015|0.032|0.018|0.005|0.001|0.025|0.033|0.021,0.40|0.55|0.39|0.43|0.38|0.38|0.36|0.35|0.34|0.34|0.32|0.32|0.31|0.30|0.29|0.28|0.28|0.27|0.27|0.26,0.3.1
AbuDhabi_Race_Mar20_001_L8,5,False,5,5,1301.75,301,8,39069,0.5670000000000002,5.65,1314.04,287,8,39219,1472.67,97,2,42703,1580.99,184,4,45653,0.8339999999999996,5.333,1506.79,110,2,43786,6584,100,100,3.1,0.0,0.0,7.6,0,0,0,0,0,0,0,0,0,0,0,False,0,0,0,False,57|50|61|60,62|71|59|68,55|64|65|70,72|71|73|72,58,30,55,50,1313|1327|1341|1355|1369|1383|1397|1412|1426|1440|1454|1468|1482|1496|1510|1524|1538|1552|1566|1580,39219|39403|39603|39836|40103|40386|40703|41086|41469|41853|42236|42586|42986|43436|43919|44336|44719|45069|45369|45653,690.3;-199.4|703.0;-205.1|715.5;-210.7|728.5;-216.9|741.6;-223.5|753.4;-230.6|764.3;-239.2|774.3;-250.2|781.1;-261.4|785.1;-272.4|785.7;-283.0|783.4;-292.4|777.7;-301.6|768.2;-309.7|754.9;-315.6|741.2;-318.6|726.9;-319.7|712.9;-319.7|698.4;-319.0|684.4;-318.0,287|261|234|209|186|166|149|131|117|102|99|98|98|103|114|128|143|158|171|184,100|100|98|71|60|41|31|28|25|11|0|0|0|0|0|0|0|0|0|0,3|1|0|0|0|0|0|0|0|6|38|35|42|49|70|87|98|100|100|100,8|8|8|7|6|5|4|3|2|2|2|2|2|2|2|2|3|3|3|4,-0.0011|-0.0020|-0.0045|-0.0071|-0.0237|-0.0420|-0.0618|-0.0506|-0.0615|-0.1235|-0.1468|-0.1537|-0.1264|-0.0739|-0.0514|-0.0335|-0.0161|-0.0090|-0.0060|-0.0023,-0.030;-0.029;-0.032;-0.030|-0.029;-0.029;-0.032;-0.031|-0.030;-0.028;-0.039;-0.033|-0.030;-0.029;-0.028;-0.023|-0.029;-0.028;-0.035;-0.018|-0.019;-0.021;-0.036;-0.012|-0.025;-0.023;-0.109;-0.013|0.013;-0.002;-0.054;-0.011|-0.003;-0.008;-0.051;-0.011|0.003;-0.012;-0.028;-0.005|0.103;0.013;0.000;0.000|0.090;0.029;0.008;0.000|0.049;0.013;-0.001;-0.000|0.068;0.021;-0.002;-0.000|0.072;0.031;-0.002;-0.001|0.077;0.041;-0.002;-0.001|0.139;0.110;-0.001;-0.001|0.044;0.036;-0.001;-0.001|0.045;0.040;-0.001;-0.001|0.039;0.037;-0.001;-0.001,-0.000|0.032|0.020|0.001|-0.006|0.009|-0.037|-0.018|-0.025|-0.014|-0.051|0.199|-0.014|0.032|0.012|0.007|-0.032|0.005|-0.016|-0.036,-3.91|-3.90|-3.65|-2.79|-2.35|-1.76|-1.46|-0.44|-0.64|-0.79|-0.02|0.09|0.21|0.47|0.84|1.07|1.41|1.12|1.24|1.26,0.3.1
AbuDhabi_Race_Mar20_001_L8,6,False,5,5,2513.53,317,8,57469,0.8989999999999991,5.284,2531.89,290,8,57686,2666.07,77,2,60919,2697.48,95,2,62152,0.9169999999999998,5.233,2689.88,86,2,61852,4683,100,67,17.2,8.3,0.0,11.9,1,0,1,0,0,0,0,0,0,0,0,False,0,0,0,False,41|42|51|51,57|67|55|60,56|66|57|62,73|74|76|76,58,30,55,50,2530|2539|2548|2556|2565|2574|2583|2592|2600|2609|2618|2627|2635|2644|2653|2662|2671|2679|2688|2697,57686|57802|57902|58036|58169|58319|58469|58636|58819|59019|59252|59486|59786|60136|60536|60836|61069|61419|61802|62152,-265.8;-305.1|-273.6;-305.1|-282.3;-305.2|-291.6;-305.3|-300.3;-305.4|-309.3;-305.4|-317.6;-305.5|-326.2;-305.6|-335.0;-305.7|-343.7;-305.8|-352.9;-306.0|-361.0;-305.9|-370.2;-304.9|-379.0;-302.0|-386.6;-296.5|-390.6;-291.2|-392.3;-286.5|-392.9;-279.0|-391.2;-270.5|-387.9;-262.3,290|276|260|242|225|207|193|179|164|149|134|118|102|89|81|78|77|78|85|95,100|100|100|100|97|84|71|68|62|57|58|54|27|9|0|0|0|0|0|0,0|0|0|0|0|0|0|0|0|1|1|1|0|0|22|25|32|42|63|67,8|8|8|8|7|7|6|5|5|4|3|2|2|2|2|2|2|2|2|2,0.0016|0.0003|-0.0006|-0.0015|0.0010|0.0011|0.0022|0.0009|0.0010|-0.0004|-0.0103|-0.0477|-0.1097|-0.2184|-0.2473|-0.2156|-0.1670|-0.1024|-0.0655|-0.0165,-0.029;-0.030;-0.028;-0.029|-0.032;-0.032;-0.030;-0.031|-0.035;-0.035;-0.033;-0.033|-0.039;-0.039;-0.038;-0.038|-0.041;-0.041;-0.039;-0.038|-0.026;-0.028;-0.032;-0.033|-0.032;-0.032;-0.025;-0.027|-0.022;-0.022;-0.031;-0.032|-0.033;-0.034;-0.026;-0.025|-0.029;-0.030;-0.023;-0.022|-0.013;-0.013;-0.039;-0.027|-0.088;-0.076;-0.061;-0.020|-0.015;-0.020;-0.093;-0.013|0.009;-0.013;-0.045;-0.008|0.067;0.007;0.003;0.000|0.071;0.007;0.001;-0.000|0.096;0.010;-0.000;0.000|0.092;0.018;-0.001;-0.000|0.075;0.023;-0.001;-0.001|0.069;0.036;-0.001;-0.001,0.003|0.001|0.001|0.009|0.019|-0.007|0.004|-0.012|-0.004|0.016|-0.031|-0.011|-0.002|0.016|-0.004|-0.003|-0.005|-0.046|0.059|-0.024,-4.03|-3.96|-3.89|-3.78|-3.68|-3.04|-2.68|-1.96|-2.30|-2.05|-1.18|-1.96|-1.22|-0.92|-0.32|-0.25|-0.04|0.27|0.64|0.87,0.3.1
AbuDhabi_Race_Mar20_001_L8,7,False,5,5,0.0,0.0,0,0,0.9169999999999998,5.233,2698.38,96,2,62186,2739.67,97,2,63452,2766.38,109,2,64452,1.1500000000000004,5.0,2761.03,103,2,64269,2266,0,78,0.0,0.0,0.0,1.3,0,0,0,0,0,0,0,0,0,0,0,False,0,0,0,False,56|66|57|62,63|64|62|61,64|62|64|62,73|74|76|76,58,30,55,50,2698|2701|2705|2709|2712|2716|2719|2723|2727|2730|2734|2737|2741|2744|2748|2752|2755|2759|2762|2766,62186|62319|62452|62569|62702|62819|62936|63019|63102|63186|63269|63386|63519|63669|63802|63952|64086|64219|64336|64452,-387.5;-261.5|-386.1;-258.1|-384.7;-254.6|-383.6;-251.4|-382.7;-247.7|-382.2;-244.4|-381.9;-241.0|-382.0;-238.6|-382.2;-236.3|-382.5;-234.0|-383.0;-231.8|-383.8;-228.7|-385.1;-225.3|-386.9;-221.8|-388.8;-218.7|-391.3;-215.5|-393.8;-212.9|-396.6;-210.4|-399.2;-208.3|-402.0;-206.2,96|100|102|103|104|104|103|101|100|99|98|97|96|96|97|97|98|101|105|109,0|0|0|0|0|0|0|0|0|0|0|0|0|0|0|0|0|0|0|0,67|56|40|37|32|26|18|17|17|17|21|27|30|31|31|40|51|61|70|79,2|2|2|2|2|2|2|2|2|2|2|2|2|2|2|2|2|2|2|2,-0.0071|0.0462|0.0832|0.0948|0.1152|0.1355|0.1415|0.1481|0.1477|0.1509|0.1418|0.1369|0.1293|0.1250|0.1139|0.0987|0.0719|0.0472|0.0238|0.0107,0.064;0.041;-0.001;-0.001|0.022;0.038;-0.001;-0.001|0.010;0.027;-0.000;-0.000|0.009;0.031;-0.000;-0.000|0.007;0.036;-0.000;0.000|0.005;0.048;-0.000;0.001|0.005;0.052;0.000;0.001|0.003;0.058;0.000;0.001|0.009;0.079;0.002;0.002|0.009;0.069;0.000;0.004|0.013;0.055;0.001;0.011|0.015;0.058;0.000;0.015|0.011;0.039;-0.000;0.002|0.007;0.029;-0.000;0.000|0.007;0.041;-0.000;-0.000|0.017;0.100;-0.000;-0.000|0.030;0.107;-0.000;-0.002|0.037;0.093;-0.000;-0.003|0.035;0.062;-0.001;-0.002|0.050;0.061;-0.001;-0.001,-0.030|-0.039|-0.014|-0.016|-0.010|-0.057|-0.056|-0.112|0.107|-0.011|0.118|0.115|0.092|0.036|-0.016|-0.041|0.003|0.010|0.029|-0.012,0.90|0.64|0.29|0.20|0.04|-0.16|-0.21|-0.35|-0.25|-0.34|-0.15|-0.11|0.03|0.01|0.05|0.17|0.51|0.76|0.99|0.99,0.3.1
AbuDhabi_Race_Mar20_001_L8,8,True,5,5,0.0,0.0,0,0,1.1500000000000004,5.0,2791.72,141,3,65186,2906.75,219,5,67403,3092.28,270,7,70070,1.0660000000000007,5.05,2838.4,182,4,66203,4884,0,100,0.0,0.0,0.0,2.0,0,0,0,0,0,0,0,0,0,0,0,False,0,0,0,False,62|60|66|65,55|54|67|66,49|49|61|62,74|74|76|77,58,30,55,50,2791|2807|2822|2838|2854|2870|2886|2901|2917|2933|2949|2964|2980|2996|3012|3028|3043|3059|3075|3092,65186|65569|65903|66219|66519|66803|67070|67353|67586|67836|68070|68303|68537|68787|68987|69203|69437|69637|69853|70070,-423.0;-191.8|-436.3;-183.0|-448.9;-174.4|-461.5;-165.2|-473.7;-155.4|-485.4;-145.1|-496.3;-134.4|-506.9;-122.6|-516.6;-110.7|-525.9;-98.0|-534.3;-85.5|-542.5;-72.5|-550.4;-58.9|-557.9;-44.7|-564.6;-31.0|-570.9;-17.0|-577.4;-1.5|-582.9;12.0|-588.8;26.9|-594.7;41.9,141|158|171|183|193|202|210|217|223|229|235|240|245|249|253|257|261|264|267|270,0|0|0|0|0|0|0|0|0|0|0|0|0|0|0|0|0|0|0|0,97|100|100|100|100|100|100|100|100|100|100|100|100|100|100|100|100|100|100|100,3|3|4|4|4|5|5|5|5|5|5|6|6|6|6|6|6|6|6|7,0.0011|-0.0044|-0.0083|-0.0104|-0.0128|-0.0136|-0.0148|-0.0179|-0.0114|-0.0097|-0.0098|-0.0113|-0.0100|-0.0088|-0.0087|-0.0052|-0.0029|-0.0017|0.0003|0.0004,0.083;0.080;-0.003;-0.002|0.051;0.032;-0.001;-0.001|0.052;0.039;-0.001;-0.001|0.044;0.033;-0.001;-0.001|0.038;0.027;-0.001;-0.001|0.035;0.025;-0.001;-0.001|0.032;0.024;-0.001;-0.001|0.033;0.022;-0.001;-0.001|0.029;0.021;-0.001;-0.001|0.026;0.020;-0.001;-0.001|0.025;0.019;-0.001;-0.001|0.026;0.020;-0.001;-0.001|0.024;0.018;-0.001;-0.001|0.022;0.017;-0.001;-0.000|0.021;0.017;-0.001;-0.000|0.019;0.017;-0.000;-0.000|0.018;0.017;-0.000;-0.000|0.017;0.017;-0.000;-0.000|0.017;0.017;-0.000;-0.000|0.012;0.012;-0.000;-0.000,-0.017|0.071|0.025|0.008|-0.012|0.004|-0.010|0.013|0.000|0.011|0.004|0.011|-0.015|-0.027|-0.025|0.014|-0.000|0.003|-0.004|-0.002,1.35|1.11|1.14|1.01|0.92|0.85|0.85|0.75|0.71|0.67|0.62|0.61|0.58|0.54|0.50|0.47|0.44|0.42|0.39|0.22,0.3.1
AbuDhabi_Race_Mar20_001_L8,9,False,5,5,3555.97,310,8,75721,0.8999999999999986,5.2,3577.83,276,8,75988,3663.01,147,4,77521,3952.06,219,5,83239,1.0329999999999995,5.084,3725.1,151,4,78805,7518,100,100,8.2,0.0,0.0,6.5,0,0,0,0,0,0,0,0,0,0,0,False,0,0,0,False,43|43|52|55,57|58|55|62,57|89|70|83,74|75|78|79,58,30,55,50,3576|3596|3615|3635|3655|3674|3694|3714|3733|3753|3773|3792|3812|3832|3851|3871|3891|3910|3930|3952,75988|76254|76571|76938|77355|77788|78188|78605|78988|79405|79805|80205|80605|81005|81406|81789|82172|82539|82889|83239,-719.3;509.3|-720.9;528.4|-721.3;548.2|-719.4;567.9|-714.7;586.8|-707.0;602.9|-696.5;615.5|-683.2;625.2|-667.6;631.5|-649.8;634.2|-632.0;632.6|-614.9;626.8|-599.5;616.8|-586.7;603.3|-577.0;586.9|-571.0;568.9|-567.9;549.2|-567.9;529.1|-571.0;509.2|-576.8;489.2,276|241|209|182|155|147|148|149|153|158|162|164|166|169|174|182|192|202|210|219,100|89|61|49|41|0|0|0|0|0|0|0|0|0|0|0|0|0|0|0,0|0|1|2|4|55|48|60|69|69|66|68|69|74|80|91|100|100|100|100,8|7|6|5|4|4|4|4|4|4|4|4|4|4|4|4|4|5|5|5,-0.0062|-0.0166|-0.0334|-0.0335|-0.0510|-0.0747|-0.0794|-0.0747|-0.0678|-0.0628|-0.0834|-0.0855|-0.0862|-0.0710|-0.0521|-0.0398|-0.0309|-0.0420|-0.0351|-0.0035,-0.032;-0.031;-0.032;-0.028|-0.036;-0.033;-0.039;-0.026|-0.029;-0.026;-0.057;-0.017|-0.025;-0.023;-0.077;-0.015|-0.020;-0.021;-0.040;-0.013|0.049;0.015;-0.001;-0.000|0.035;0.012;0.001;-0.000|0.035;0.014;-0.001;-0.000|0.053;0.020;-0.001;-0.000|0.040;0.017;-0.001;-0.000|0.051;0.018;-0.001;-0.000|0.051;0.019;-0.001;-0.000|0.055;0.021;-0.001;-0.000|0.050;0.021;-0.002;-0.001|0.049;0.022;-0.003;-0.000|0.042;0.023;-0.001;-0.001|0.047;0.026;-0.001;-0.001|0.052;0.027;-0.001;-0.001|0.041;0.027;-0.001;-0.001|0.028;0.024;-0.001;-0.001,0.012|0.067|0.020|-0.036|0.008|0.046|0.004|-0.021|0.038|0.009|-0.007|0.017|-0.000|-0.054|-0.013|-0.031|-0.025|-0.024|0.014|-0.066,-3.97|-3.54|-2.57|-2.03|-1.68|0.21|-0.01|0.23|0.41|0.41|0.24|0.28|0.30|0.34|0.55|0.73|0.82|0.73|0.61|0.70,0.3.1
AbuDhabi_Race_Mar20_001_L8,10,True,5,5,0.0,0.0,0,0,1.0180000000000007,5.083,4053.23,254,6,84773,4146.03,269,7,86040,4164.67,270,7,86290,1.0489999999999995,5.067,4163.42,270,7,86273,1517,0,100,3.4,0.0,0.0,6.8,0,0,0,0,0,0,0,0,0,0,0,False,0,0,0,False,52|73|65|74,57|69|69|71,60|69|71|71,74|78|79|81,58,30,55,50,4052|4058|4064|4070|4076|4082|4087|4093|4099|4105|4111|4117|4122|4128|4134|4140|4146|4152|4157|4164,84773|84856|84940|85023|85106|85190|85273|85356|85440|85506|85573|85656|85757|85807|85890|85973|86057|86123|86207|86290,-607.2;392.5|-608.7;386.8|-610.2;381.0|-611.6;375.2|-612.9;369.4|-614.2;363.5|-615.3;357.5|-616.1;352.8|-617.0;346.7|-617.8;340.6|-618.3;335.8|-618.8;329.6|-619.1;323.5|-619.1;318.5|-619.1;312.3|-618.8;306.1|-618.3;299.9|-617.8;294.9|-617.0;288.7|-616.0;282.5,254|255|256|258|259|260|262|262|264|264|265|266|267|267|268|268|269|269|270|270,0|0|0|0|0|0|0|0|0|0|0|0|0|0|0|0|0|0|0|0,100|100|100|100|100|100|100|100|100|100|100|100|100|100|100|100|100|100|100|100,6|6|6|6|6|6|6|6|7|7|7|7|7|7|7|7|7|7|7|7,0.0075|0.0099|0.0118|0.0121|0.0136|0.0152|0.0177|0.0209|0.0233|0.0244|0.0249|0.0283|0.0296|0.0309|0.0291|0.0297|0.0298|0.0276|0.0280|0.0317,0.018;0.020;-0.001;-0.000|0.017;0.019;-0.000;-0.000|0.017;0.020;-0.000;-0.000|0.017;0.020;-0.000;-0.000|0.016;0.019;-0.000;-0.000|0.016;0.020;-0.000;-0.000|0.015;0.019;-0.000;-0.000|0.015;0.020;-0.000;-0.000|0.015;0.021;-0.000;-0.000|0.015;0.021;-0.000;-0.000|0.014;0.021;-0.000;-0.000|0.014;0.022;-0.000;-0.000|0.015;0.023;-0.000;-0.000|0.016;0.025;-0.000;-0.000|0.015;0.024;-0.000;-0.000|0.016;0.025;-0.000;-0.000|0.015;0.023;-0.000;-0.000|0.015;0.024;-0.000;-0.000|0.015;0.023;-0.000;-0.000|0.015;0.023;-0.000;-0.000,-0.001|0.010|0.016|0.007|0.006|0.005|0.011|0.015|0.020|0.007|0.011|0.014|0.001|0.020|-0.022|0.012|-0.012|-0.003|-0.006|-0.010,0.52|0.49|0.46|0.47|0.45|0.43|0.42|0.39|0.38|0.35|0.34|0.31|0.28|0.28|0.28|0.28|0.28|0.28|0.28|0.26,0.3.1
AbuDhabi_Race_Mar20_001_L8,11,True,5,5,0.0,0.0,0,0,1.0489999999999995,5.067,4165.92,270,7,86307,4238.6,273,7,87273,4249.54,271,7,87424,1.0830000000000002,5.066,4239.92,273,7,87290,1117,0,100,1.0,0.0,0.0,0.0,0,0,0,0,0,0,0,0,0,0,0,False,0,0,0,False,60|69|71|71,74|71|80|74,76|72|82|75,75|78|79|81,58,30,55,50,4164|4170|4175|4180|4185|4191|4196|4201|4206|4211|4217|4222|4227|4232|4238|4243|4248|4253|4259|4249,86307|86373|86440|86507|86573|86657|86723|86790|86857|86940|86990|87073|87157|87223|87273|87340|87424,-615.7;281.3|-614.7;276.4|-613.6;271.5|-612.3;266.6|-610.9;261.8|-608.9;255.8|-607.2;251.1|-605.3;246.4|-603.4;241.7|-601.2;237.1|-599.0;232.6|-596.0;227.0|-593.5;222.6|-590.1;217.2|-588.0;214.1|-585.0;209.9|-581.9;205.9,270|271|271|271|272|272|272|273|273|273|273|274|274|274|273|273|271,0|0|0|0|0|0|0|0|0|0|0|0|0|0|0|0|15,100|100|100|100|100|100|100|100|100|100|100|100|100|100|100|81|25,7|7|7|7|7|7|7|7|7|7|7|7|7|7|7|7|7,0.0324|0.0340|0.0356|0.0389|0.0394|0.0344|0.0292|0.0279|0.0314|0.0380|0.0413|0.0445|0.0450|0.0464|0.0448|0.0372|0.0342,0.015;0.023;-0.000;-0.000|0.015;0.024;-0.000;-0.000|0.015;0.025;-0.000;-0.000|0.015;0.025;-0.000;-0.000|0.016;0.026;-0.000;-0.000|0.015;0.026;-0.000;-0.000|0.015;0.025;-0.000;-0.000|0.015;0.024;-0.000;-0.000|0.015;0.023;-0.000;-0.000|0.015;0.025;-0.000;-0.000|0.015;0.026;-0.000;-0.000|0.016;0.029;-0.000;-0.000|0.016;0.029;-0.000;-0.000|0.015;0.028;-0.000;-0.000|0.015;0.026;-0.000;-0.000|0.011;0.019;-0.000;-0.000|-0.003;-0.001;-0.003;-0.007,-0.011|0.009|0.020|-0.007|-0.002|0.002|-0.018|-0.002|-0.008|0.010|0.006|0.010|0.014|-0.006|-0.016|-0.024|-0.024,0.26|0.24|0.24|0.21|0.20|0.22|0.24|0.25|0.25|0.22|0.20|0.16|0.15|0.13|0.14|-0.01|-1.07,0.3.1
AbuDhabi_Race_Mar20_001_L8,12,False,5,5,4250.92,271,7,87440,1.0830000000000002,5.066,4265.53,252,7,87607,4370.04,99,2,90007,4438.88,140,3,92025,1.0329999999999995,5.117,4410.72,109,2,91208,4585,84,95,0.1,0.0,0.0,7.7,0,0,0,0,0,0,0,0,0,0,0,False,0,0,0,False,76|72|82|75,76|73|76|67,74|66|76|69,76|78|80|81,58,30,55,50,4265|4274|4283|4292|4301|4310|4319|4329|4338|4347|4356|4365|4374|4383|4392|4401|4410|4420|4429|4438,87607|87757|87890|88057|88224|88374|88557|88774|88991|89257|89524|89874|90157|90341|90574|90908|91224|91491|91758|92025,-572.3;195.0|-565.9;188.5|-558.9;182.0|-552.1;176.2|-544.8;170.3|-537.8;165.1|-530.6;159.9|-523.1;154.9|-515.0;150.0|-506.8;146.0|-498.2;142.9|-488.6;141.2|-480.3;141.9|-475.4;143.2|-469.4;146.0|-462.2;151.4|-456.0;158.4|-450.9;165.9|-446.6;174.1|-442.6;182.6,252|236|222|208|195|182|169|154|139|123|110|101|99|100|101|104|110|119|130|140,83|74|68|66|59|58|56|54|53|42|27|2|0|0|0|0|0|0|0|0,7|6|6|6|6|6|6|6|5|5|5|14|38|40|43|47|69|83|88|95,7|7|6|6|5|5|4|4|3|3|2|2|2|2|2|2|2|2|2|3,0.0187|0.0167|0.0194|0.0155|0.0125|0.0123|0.0156|0.0255|0.0418|0.0627|0.0856|0.1564|0.1606|0.1354|0.1237|0.0808|0.0586|0.0392|0.0159|-0.0019,-0.024;-0.032;-0.020;-0.036|-0.026;-0.029;-0.020;-0.036|-0.025;-0.030;-0.020;-0.032|-0.027;-0.033;-0.020;-0.037|-0.017;-0.018;-0.019;-0.029|-0.025;-0.027;-0.019;-0.027|-0.022;-0.025;-0.019;-0.029|-0.026;-0.031;-0.019;-0.032|-0.027;-0.033;-0.019;-0.084|-0.026;-0.028;-0.016;-0.112|-0.015;-0.019;-0.011;-0.045|-0.002;0.015;-0.001;-0.007|0.012;0.046;-0.000;-0.000|0.011;0.045;-0.000;-0.001|0.017;0.086;-0.000;-0.001|0.021;0.072;-0.000;-0.003|0.027;0.058;-0.001;-0.002|0.044;0.089;-0.001;-0.002|0.041;0.060;-0.001;-0.002|0.118;0.122;-0.001;-0.001,0.041|0.022|0.004|-0.017|0.036|-0.008|-0.017|0.003|-0.024|0.016|-0.021|0.017|0.006|0.142|-0.008|0.011|0.005|-0.004|0.010|0.029,-3.41|-3.05|-2.73|-2.60|-1.77|-2.22|-2.08|-2.02|-1.98|-1.66|-1.11|-0.42|0.08|0.18|0.19|0.36|0.78|1.08|1.13|1.43,0.3.1
AbuDhabi_Race_Mar20_001_L8,13,False,5,5,0.0,0.0,0,0,1.0329999999999995,5.117,4445.58,148,3,92191,4520.98,132,3,93975,4558.0,128,3,95075,1.3499999999999996,4.8,0.0,0.0,0,0,2884,0,54,0.0,0.0,0.0,4.0,0,0,0,0,0,0,0,0,0,0,0,False,0,0,0,False,73|65|76|69,71|91|71|74,69|92|69|73,76|79|80|81,58,30,55,50,4445|4451|4456|4462|4468|4474|4480|4486|4492|4498|4504|4510|4516|4522|4528|4534|4539|4545|4551|4558,92191|92325|92475|92608|92725|92858|92975|93108|93258|93375|93542|93692|93842|94042|94208|94375|94542|94742|94908|95075,-439.8;188.7|-437.3;193.7|-433.7;199.7|-430.5;204.3|-427.4;208.1|-423.6;212.1|-420.0;215.4|-415.8;218.7|-411.3;221.6|-406.8;224.2|-401.0;227.0|-396.3;228.8|-390.3;230.5|-383.7;231.5|-377.7;231.8|-371.2;231.3|-365.5;230.4|-358.8;228.6|-353.8;226.8|-348.5;224.4,148|150|151|151|151|149|147|144|141|139|137|135|133|131|128|126|125|125|126|128,0|0|0|0|0|0|0|0|0|0|0|0|0|0|0|0|0|0|0|0,83|54|50|43|37|32|29|25|24|25|35|41|38|32|22|21|23|42|48|55,3|3|3|3|3|3|3|3|3|3|3|3|3|3|3|3|3|3|3|3,-0.0351|-0.0571|-0.0636|-0.0701|-0.0954|-0.1146|-0.1325|-0.1552|-0.1779|-0.1855|-0.1896|-0.1877|-0.1858|-0.1812|-0.1655|-0.0972|-0.0705|-0.0496|-0.0504|-0.0376,0.044;0.028;-0.001;-0.001|0.023;0.011;-0.000;-0.000|0.025;0.010;-0.000;-0.000|0.022;0.008;0.000;-0.000|0.021;0.005;0.002;-0.000|0.021;0.004;0.002;0.000|0.025;0.004;0.004;0.001|0.027;0.004;0.007;0.002|0.027;0.005;0.007;0.002|0.023;0.005;0.009;0.001|0.032;0.008;0.004;0.000|0.046;0.010;0.003;-0.000|0.040;0.009;0.004;0.000|0.035;0.007;0.004;0.000|0.024;0.003;0.005;-0.000|0.013;0.005;0.001;-0.000|0.010;0.005;0.001;0.000|0.028;0.010;-0.000;-0.000|0.033;0.014;-0.002;-0.000|0.069;0.018;-0.000;-0.001,0.036|0.026|0.014|0.007|0.027|0.074|-0.005|-0.077|-0.046|-0.061|-0.036|0.030|0.027|0.030|0.147|0.096|-0.082|-0.066|0.015|-0.135,0.95|0.27|0.13|0.00|-0.19|-0.35|-0.39|-0.41|-0.41|-0.41|-0.28|-0.27|-0.30|-0.34|-0.76|-0.13|-0.05|0.16|0.30|0.37,0.3.1
AbuDhabi_Race_Mar20_001_L8,14,False,5,5,0.0,0.0,0,0,1.3499999999999996,4.8,4559.77,128,3,95109,4612.06,138,3,96459,4747.39,217,5,99293,1.6340000000000003,4.65,4614.13,138,3,96525,4184,0,100,0.0,0.0,0.0,0.6,0,0,0,0,0,0,0,0,0,0,0,False,0,0,0,False,69|92|69|73,66|96|68|76,58|81|72|80,76|79|80|81,58,30,55,50,4558|4568|4578|4588|4598|4608|4618|4627|4637|4647|4657|4667|4677|4687|4697|4707|4716|4726|4736|4747,95109|95375|95659|95925|96159|96375|96609|96859|97109|97342|97576|97809|98026|98226|98393|98576|98776|98943|99126|99293,-346.9;223.6|-338.5;218.7|-330.0;212.2|-323.0;204.8|-317.9;197.5|-314.0;190.2|-310.8;181.8|-308.6;172.3|-307.8;162.3|-308.3;152.6|-309.9;142.4|-312.1;132.7|-315.1;122.6|-318.5;113.1|-322.3;104.3|-326.6;95.4|-331.8;85.6|-336.2;78.3|-341.9;69.2|-347.3;60.9,128|133|137|137|137|137|139|142|147|154|162|170|178|185|191|196|203|207|212|217,0|0|0|0|0|0|0|0|0|0|0|0|0|0|0|0|0|0|0|0,57|62|55|48|50|59|69|78|86|97|100|100|100|100|100|100|100|100|100|100,3|3|3|3|3|3|3|3|3|3|3|4|4|4|4|4|5|5|5|5,-0.0392|-0.0525|-0.0765|-0.1124|-0.1188|-0.1165|-0.0950|-0.0634|-0.0393|-0.0270|-0.0209|-0.0230|-0.0254|-0.0230|-0.0175|-0.0175|-0.0132|-0.0101|-0.0076|-0.0060,0.076;0.025;-0.000;-0.001|0.037;0.015;-0.001;-0.001|0.043;0.015;-0.001;-0.000|0.045;0.013;0.001;-0.000|0.056;0.017;-0.000;0.000|0.091;0.032;-0.001;-0.001|0.109;0.044;-0.004;-0.001|0.115;0.051;-0.009;-0.001|0.106;0.048;-0.004;-0.001|0.085;0.044;-0.005;-0.001|0.062;0.037;-0.002;-0.001|0.039;0.025;-0.001;-0.001|0.055;0.034;-0.002;-0.001|0.042;0.030;-0.002;-0.001|0.033;0.029;-0.001;-0.001|0.035;0.029;-0.001;-0.001|0.038;0.028;-0.001;-0.001|0.027;0.022;-0.001;-0.001|0.027;0.024;-0.001;-0.001|0.026;0.023;-0.001;-0.001,-0.122|-0.240|0.002|0.011|-0.002|-0.039|-0.019|0.052|0.030|0.027|0.007|-0.006|0.010|0.059|0.043|-0.004|-0.087|0.005|0.010|0.010,0.58|0.46|0.27|0.01|0.05|0.23|0.39|0.60|0.78|1.04|1.10|0.88|0.99|0.94|0.90|0.84|0.85|0.85|0.80|0.77,0.3.1
AbuDhabi_Race_Mar20_001_L8,15,True,5,5,0.0,0.0,0,0,1.6340000000000003,4.65,4779.21,230,5,99793,4896.32,246,6,101527,5005.88,258,7,103060,1.9000000000000004,4.417,4893.82,246,6,101493,3267,0,100,2.5,0.0,0.0,1.0,0,0,0,0,0,0,0,0,0,0,0,False,0,0,0,False,56|76|70|77,86|76|87|80,93|72|92|80,77|81|81|82,58,30,55,50,4779|4790|4802|4814|4826|4838|4850|4862|4874|4886|4898|4909|4921|4933|4945|4957|4969|4981|4993|5005,99793|100010|100160|100343|100526|100710|100893|101060|101243|101393|101577|101710|101877|102043|102227|102377|102560|102727|102894|103060,-365.7;34.5|-373.0;23.9|-379.1;14.7|-385.1;4.1|-390.1;-7.1|-394.2;-18.8|-397.1;-29.8|-399.3;-42.1|-400.4;-54.7|-400.5;-65.0|-399.5;-76.4|-397.6;-86.4|-394.8;-96.2|-390.3;-107.9|-384.8;-119.1|-379.6;-128.1|-372.5;-138.7|-365.5;-148.0|-358.0;-157.1|-350.1;-166.1,230|235|238|240|242|244|246|247|247|247|246|245|244|245|247|248|251|253|256|258,0|0|0|0|0|0|0|0|0|0|0|0|0|0|0|0|0|0|0|0,100|100|100|100|100|100|100|100|100|100|100|100|100|100|100|100|100|100|100|100,5|6|6|6|6|6|6|6|6|6|6|6|6|6|6|7|7|7|7|7,0.0033|0.0149|0.0401|0.0566|0.0303|0.0347|0.0457|0.0665|0.0874|0.0966|0.0837|0.0775|0.0656|0.0450|0.0413|0.0276|0.0230|0.0164|0.0064|0.0098,0.021;0.022;-0.001;-0.001|0.020;0.023;-0.001;-0.001|0.018;0.028;-0.001;-0.001|0.017;0.036;-0.000;-0.001|0.019;0.035;-0.000;-0.001|0.018;0.029;-0.001;-0.001|0.017;0.030;-0.000;-0.001|0.020;0.040;-0.000;-0.000|0.024;0.052;-0.000;0.000|0.024;0.054;-0.000;0.000|0.019;0.044;-0.000;-0.000|0.023;0.050;-0.000;-0.001|0.024;0.047;-0.000;-0.001|0.019;0.035;-0.000;-0.001|0.021;0.036;-0.001;-0.001|0.020;0.031;-0.001;-0.001|0.018;0.027;-0.000;-0.001|0.016;0.022;-0.000;-0.001|0.016;0.019;-0.000;-0.001|0.016;0.019;-0.000;-0.000,0.008|0.023|0.012|-0.077|0.016|-0.001|-0.001|0.020|0.025|0.052|0.033|-0.179|-0.063|-0.016|-0.034|0.054|-0.017|-0.016|-0.010|-0.030,0.66|0.63|0.52|0.40|0.47|0.46|0.38|0.23|0.20|0.12|0.08|0.15|0.21|0.38|0.40|0.48|0.42|0.43|0.46|0.45,0.3.1
AbuDhabi_Race_Mar20_001_L8,16,False,5,5,5015.52,259,7,103194,1.9000000000000004,4.417,5023.84,252,7,103310,5132.06,113,3,105577,5214.18,167,4,107828,2.583,3.433,5166.07,126,3,106628,4634,92,100,1.8,0.0,0.0,0.3,1,0,1,0,0,0,0,0,0,0,0,False,0,0,0,False,91|71|91|79,97|77|87|71,83|67|81|70,79|81|83|83,58,30,55,50,5023|5033|5043|5053|5063|5073|5083|5093|5103|5113|5123|5133|5143|5153|5163|5173|5183|5194|5204|5214,103310|103477|103610|103794|103977|104210|104410|104644|104894|105144|105394|105627|105927|106261|106578|106861|107128|107378|107611|107828,-338.0;-179.3|-330.9;-186.6|-324.2;-193.3|-316.4;-200.5|-308.8;-206.7|-299.1;-213.2|-291.0;-217.6|-281.6;-221.4|-271.8;-223.9|-262.5;-224.9|-254.0;-224.3|-246.8;-222.3|-238.5;-218.0|-230.0;-211.4|-222.7;-203.5|-216.8;-195.4|-211.7;-186.8|-207.0;-177.9|-202.5;-169.0|-198.3;-160.1,252|236|218|200|186|171|160|151|139|128|117|113|113|118|125|131|139|149|158|167,62|88|86|58|47|36|25|21|28|24|8|0|0|0|0|0|0|0|0|0,14|10|6|3|2|1|1|1|1|1|3|37|50|62|64|69|87|95|100|100,7|7|7|6|6|5|5|4|3|3|3|3|3|3|3|3|3|3|3|4,0.0087|0.0118|0.0198|0.0424|0.0563|0.0644|0.0770|0.0761|0.0674|0.1194|0.1411|0.1245|0.0761|0.0614|0.0513|0.0342|0.0162|0.0105|0.0008|0.0027,-0.018;-0.019;-0.016;-0.023|-0.030;-0.034;-0.025;-0.030|-0.026;-0.031;-0.028;-0.062|-0.028;-0.031;-0.017;-0.065|-0.024;-0.024;-0.017;-0.139|-0.019;-0.018;-0.011;-0.197|-0.015;-0.012;-0.008;-0.072|-0.017;-0.013;-0.008;-0.055|-0.046;-0.054;-0.010;-0.109|-0.018;-0.011;-0.009;-0.040|-0.013;0.004;-0.004;-0.030|0.007;0.048;0.000;0.000|0.014;0.046;-0.000;-0.001|0.018;0.042;-0.001;-0.001|0.024;0.058;-0.001;-0.002|0.018;0.066;-0.002;-0.002|0.035;0.042;-0.002;-0.002|0.047;0.055;-0.002;-0.001|0.050;0.046;-0.001;-0.001|0.048;0.045;-0.001;-0.001,-0.052|0.129|-0.005|0.012|-0.075|-0.036|-0.016|-0.050|-0.034|0.110|-0.006|0.008|0.022|-0.017|-0.017|-0.236|-0.032|-0.025|-0.056|-0.047,-2.45|-3.50|-3.13|-2.44|-1.92|-1.70|-1.36|-1.09|-1.47|-1.39|-0.81|-0.16|0.28|0.53|0.61|0.85|1.05|1.01|1.12|1.13,0.3.1
AbuDhabi_Race_Mar20_001_L9,1,False,2,2,282.93,286,7,3916,7.2669999999999995,8.05,299.59,265,7,4149,410.12,148,4,6183,516.79,207,5,8466,8.933,7.8,423.46,149,4,6466,4550,92,100,7.5,4.8,0.0,5.8,0,0,0,0,0,0,0,0,0,0,0,False,0,0,0,False,52|49|63|60,61|76|62|69,57|74|69|76,80|81|84|84,58,30,55,50,299|310|322|333|345|356|367|379|390|402|413|425|436|447|459|470|482|493|504|516,4149|4300|4483|4666|4866|5083|5300|5550|5800|6050|6283|6516|6783|7066|7333|7583|7833|8033|8250|8466,-47.0;173.4|-42.0;184.0|-37.3;193.9|-31.7;204.9|-25.9;214.9|-19.3;224.7|-12.3;233.3|-3.8;241.5|5.3;247.8|14.8;252.4|24.1;255.1|33.6;256.4|44.8;256.2|56.7;254.1|68.3;250.8|79.4;246.8|90.7;241.8|100.1;237.1|110.5;231.6|120.3;226.0,265|245|229|215|202|189|177|164|155|150|148|149|151|157|166|174|183|191|200|207,91|79|53|45|39|36|30|21|0|0|0|0|0|0|0|0|0|0|0|0,5|3|3|3|3|3|3|8|24|40|58|65|70|83|95|100|100|100|100|100,7|6|6|5|5|4|4|4|4|4|4|4|4|4|4|4|4|4|5|5,-0.0041|-0.0053|-0.0119|-0.0187|-0.0263|-0.0419|-0.0521|-0.0784|-0.1215|-0.1534|-0.1229|-0.0968|-0.0577|-0.0298|-0.0236|-0.0158|-0.0081|-0.0097|-0.0089|-0.0073,-0.030;-0.030;-0.028;-0.032|-0.008;-0.009;-0.032;-0.032|-0.020;-0.019;-0.020;-0.019|0.004;0.002;-0.025;-0.016|-0.015;-0.017;-0.025;-0.010|-0.014;-0.014;-0.046;-0.010|-0.016;-0.017;-0.046;-0.009|-0.009;-0.014;-0.053;-0.008|0.017;0.002;0.001;0.001|0.036;0.009;0.004;0.000|0.058;0.018;-0.001;-0.000|0.067;0.023;-0.002;-0.000|0.057;0.023;-0.003;-0.000|0.046;0.024;-0.001;-0.001|0.030;0.034;-0.019;-0.001|0.068;0.045;-0.002;-0.001|0.059;0.046;-0.001;-0.001|0.050;0.040;-0.001;-0.001|0.050;0.040;-0.001;-0.001|0.040;0.034;-0.001;-0.001,0.057|0.059|0.049|-0.022|-0.087|-0.004|-0.007|0.018|0.019|0.017|0.002|0.006|0.022|-0.041|-0.052|-0.004|0.009|0.001|-0.022|0.023,-3.53|-2.57|-2.26|-1.08|-1.75|-1.50|-1.50|-1.27|-0.51|-0.33|0.07|0.27|0.47|0.75|1.17|1.01|1.18|1.12|1.18|1.03,0.3.1
AbuDhabi_Race_Mar20_001_L9,2,True,2,2,0.0,0.0,0,0,8.917000000000002,7.75,580.01,238,6,9466,658.84,252,6,10616,715.84,259,6,11399,8.982999999999999,7.6,701.52,256,6,11200,1933,0,100,10.8,9.8,0.0,2.5,0,0,0,0,0,0,0,0,0,0,0,False,0,0,0,False,55|68|69|75,60|81|74|85,61|84|75|88,80|82|84|85,58,30,55,50,579|586|594|601|608|615|622|629|636|644|651|658|665|672|679|687|694|701|708|715,9466|9583|9683|9800|9900|10016|10116|10233|10333|10433|10533|10616|10716|10800|10916|11000|11100|11200|11299|11399,172.5;190.2|178.4;185.1|183.3;180.6|189.0;175.0|193.7;170.0|199.0;163.9|203.4;158.5|208.2;151.8|211.9;145.9|215.4;139.8|218.5;133.5|220.8;128.1|223.3;121.6|225.1;116.0|227.2;108.1|228.5;102.3|229.8;95.4|230.8;88.3|231.7;81.2|232.3;74.1,238|241|243|246|248|250|251|252|252|252|252|252|252|253|253|254|255|256|258|259,0|0|0|0|0|0|0|0|0|0|0|0|0|0|0|0|0|0|0|0,100|100|100|100|100|100|100|100|100|100|100|100|100|100|100|100|100|100|100|100,6|6|6|6|6|6|6|6|6|6|6|6|6|6|6|6|6|6|6|6,-0.0229|-0.0207|-0.0195|-0.0251|-0.0283|-0.0411|-0.0367|-0.0422|-0.0486|-0.0462|-0.0482|-0.0477|-0.0403|-0.0329|-0.0291|-0.0270|-0.0231|-0.0190|-0.0163|-0.0143,0.038;0.026;-0.001;-0.001|0.035;0.024;-0.001;-0.001|0.035;0.024;-0.001;-0.001|0.058;0.024;0.000;-0.001|0.034;0.038;-0.002;-0.000|0.036;0.021;-0.001;-0.001|0.032;0.017;-0.000;-0.000|0.030;0.016;-0.000;-0.000|0.036;0.017;-0.000;-0.000|0.034;0.017;-0.000;-0.000|0.038;0.019;-0.000;-0.000|0.040;0.019;-0.000;-0.000|0.034;0.017;-0.000;-0.000|0.033;0.017;-0.001;-0.000|0.038;0.021;-0.001;-0.000|0.031;0.019;-0.001;-0.000|0.028;0.018;-0.001;-0.000|0.025;0.017;-0.001;-0.000|0.024;0.017;-0.000;-0.000|0.022;0.016;-0.000;-0.000,0.018|0.017|0.001|-0.009|0.303|-0.016|-0.019|-0.007|-0.022|0.004|-0.020|-0.032|-0.027|-0.033|-0.064|-0.015|-0.014|-0.010|-0.040|-0.029,0.71|0.69|0.70|0.11|0.52|0.59|0.35|0.25|0.21|0.19|0.20|0.19|0.23|0.25|0.32|0.34|0.38|0.39|0.39|0.40,0.3.1
AbuDhabi_Race_Mar20_001_L9,3,True,2,2,0.0,0.0,0,0,8.982999999999999,7.6,724.28,260,6,11516,836.84,261,7,12999,999.96,272,7,15233,9.116999999999999,7.4,839.36,261,7,13049,3717,0,100,1.7,0.0,0.0,0.0,0,0,0,0,0,0,0,0,0,0,0,False,0,0,0,False,61|83|74|87,91|82|91|88,108|78|102|87,80|83|85|85,58,30,55,50,723|738|752|767|781|796|810|825|839|854|868|883|897|912|926|941|955|969|984|999,11516|11716|11916|12099|12316|12483|12666|12866|13066|13233|13433|13633|13833|14033|14233|14433|14633|14833|15033|15233,232.9;65.7|233.4;51.1|233.6;36.4|234.3;22.9|236.3;8.1|239.4;-5.1|243.9;-17.9|250.1;-31.1|257.6;-43.6|264.9;-53.2|274.7;-63.8|285.6;-73.3|297.4;-81.4|310.0;-88.4|323.2;-94.0|336.9;-98.3|351.0;-101.4|365.5;-103.5|380.3;-104.7|395.2;-105.6,260|263|266|267|267|266|264|262|261|260|259|258|258|258|258|259|261|264|268|272,0|0|0|0|0|0|0|0|0|0|0|0|0|0|0|0|0|0|0|0,100|100|100|100|100|100|100|100|100|100|100|100|100|100|100|100|100|100|100|100,6|6|6|6|6|6|7|7|7|7|7|7|7|7|7|7|7|7|7|7,-0.0117|-0.0043|0.0264|0.0436|0.0487|0.0646|0.0743|0.0789|0.0733|0.0678|0.0688|0.0678|0.0667|0.0608|0.0417|0.0380|0.0325|0.0149|0.0034|-0.0005,0.021;0.016;-0.000;-0.000|0.019;0.016;-0.000;-0.000|0.015;0.020;-0.001;-0.000|0.015;0.027;-0.000;-0.000|0.016;0.030;-0.000;-0.000|0.017;0.037;-0.000;0.000|0.016;0.040;-0.000;0.001|0.022;0.045;-0.000;0.000|0.018;0.036;-0.000;-0.000|0.017;0.035;-0.000;-0.000|0.019;0.040;-0.000;0.000|0.019;0.040;-0.000;-0.000|0.019;0.038;-0.000;-0.000|0.018;0.035;-0.000;-0.000|0.017;0.030;-0.000;-0.001|0.016;0.027;-0.000;-0.000|0.020;0.035;-0.000;-0.001|0.021;0.033;-0.000;-0.001|0.022;0.022;-0.001;-0.001|0.022;0.019;-0.001;-0.001,-0.037|-0.001|0.048|0.014|0.003|0.005|-0.053|-0.023|-0.029|-0.003|0.011|-0.015|-0.020|-0.023|0.001|-0.011|-0.051|-0.046|-0.006|-0.089,0.39|0.40|0.35|0.18|0.13|0.01|-0.16|-0.01|0.08|0.08|0.06|0.10|0.15|0.19|0.26|0.30|0.47|0.56|0.60|0.56,0.3.1
AbuDhabi_Race_Mar20_001_L9,4,True,2,2,0.0,0.0,0,0,9.116999999999999,7.4,1003.84,273,7,15283,1087.8,289,7,16333,1152.21,296,7,17133,9.101000000000003,7.383,1036.61,280,7,15699,1850,0,100,6.6,4.9,0.0,0.0,0,0,0,0,0,0,0,0,0,0,0,False,0,0,0,False,107|78|101|87,92|72|91|83,83|68|83|79,82|84|87|87,58,30,55,50,1002|1010|1018|1026|1034|1041|1049|1057|1065|1073|1080|1088|1096|1104|1112|1119|1127|1135|1143|1152,15283|15383|15483|15583|15683|15766|15866|15966|16066|16166|16249|16349|16449|16549|16633|16733|16833|16933|17016|17133,399.0;-105.8|406.6;-106.2|414.3;-106.7|422.0;-107.3|429.7;-108.0|436.2;-108.7|444.0;-109.7|451.8;-110.8|459.6;-112.2|467.4;-113.7|473.9;-115.1|481.7;-116.9|489.5;-119.0|497.3;-121.3|503.8;-123.3|511.5;-125.8|519.2;-128.5|526.9;-131.2|533.3;-133.6|540.9;-136.6,273|275|277|278|280|281|283|284|286|287|288|290|291|291|292|293|293|294|295|296,0|0|0|0|0|0|0|0|0|0|0|0|0|0|0|0|0|0|0|0,100|100|100|100|100|100|100|100|100|100|100|100|100|100|100|100|100|100|100|100,7|7|7|7|7|7|7|7|7|7|7|7|7|7|7|7|7|7|7|7,-0.0027|-0.0062|-0.0103|-0.0164|-0.0101|-0.0106|-0.0117|-0.0125|-0.0138|-0.0156|-0.0144|-0.0130|-0.0117|-0.0099|-0.0089|-0.0073|-0.0079|-0.0067|-0.0055|-0.0012,0.026;0.025;-0.001;-0.001|0.022;0.020;-0.001;-0.001|0.024;0.024;-0.001;-0.001|0.022;0.019;-0.001;-0.001|0.026;0.019;-0.001;-0.000|0.022;0.017;-0.001;-0.000|0.024;0.018;-0.001;-0.000|0.018;0.016;-0.000;-0.000|0.021;0.017;-0.000;-0.000|0.021;0.016;-0.000;-0.000|0.021;0.016;-0.000;-0.000|0.019;0.016;-0.000;-0.000|0.016;0.013;-0.000;-0.000|0.015;0.013;-0.000;-0.000|0.015;0.013;-0.000;-0.000|0.015;0.013;-0.000;-0.000|0.016;0.014;-0.000;-0.000|0.015;0.013;-0.000;-0.000|0.014;0.013;-0.000;-0.000|0.014;0.013;-0.000;-0.000,0.014|-0.048|-0.148|0.176|0.027|0.002|-0.048|-0.034|-0.011|0.033|0.008|0.017|0.017|0.032|0.024|0.011|-0.005|0.031|0.044|0.020,0.55|0.55|0.57|0.58|0.47|0.49|0.46|0.49|0.45|0.43|0.40|0.40|0.23|0.23|0.23|0.23|0.22|0.23|0.22|0.21,0.3.1
AbuDhabi_Race_Mar20_001_L9,5,False,2,2,1300.2,306,8,18881,9.149,7.234,1314.03,288,8,19048,1461.3,102,2,22165,1580.79,183,4,25448,9.350000000000001,6.866,1516.52,118,2,23881,6567,100,100,5.9,3.4,0.0,7.6,0,0,0,0,0,0,0,0,0,0,0,False,0,0,0,False,67|58|71|69,69|72|66|71,61|72|72|78,83|84|88|88,58,30,55,50,1313|1327|1341|1355|1369|1383|1397|1412|1426|1440|1454|1468|1482|1496|1510|1524|1538|1552|1566|1580,19048|19231|19431|19665|19915|20198|20531|20881|21248|21631|21998|22348|22748|23198|23681|24148|24515|24865|25181|25448,690.6;-198.6|703.4;-204.5|715.9;-210.4|728.7;-216.9|740.9;-223.8|752.7;-231.7|763.7;-240.7|773.6;-251.3|780.4;-261.9|784.6;-272.6|785.7;-283.2|783.8;-293.0|778.8;-302.7|769.0;-312.3|755.5;-318.8|740.8;-321.0|726.7;-321.1|712.1;-320.3|697.7;-319.1|684.6;-318.0,288|263|236|210|191|171|152|132|115|105|103|102|104|109|114|125|141|157|170|183,100|100|100|66|54|47|43|34|33|2|0|0|0|0|0|0|0|0|0|0,9|4|2|1|1|0|1|1|2|30|30|38|48|51|58|80|100|100|100|100,8|8|7|7|6|5|4|3|2|2|2|2|2|2|2|2|3|3|4|4,-0.0057|-0.0058|-0.0090|-0.0143|-0.0216|-0.0277|-0.0406|-0.0557|-0.0607|-0.1143|-0.1499|-0.1551|-0.1152|-0.0978|-0.0812|-0.0283|-0.0083|-0.0036|-0.0018|0.0011,-0.030;-0.028;-0.030;-0.028|-0.033;-0.032;-0.039;-0.036|-0.031;-0.029;-0.055;-0.034|-0.028;-0.027;-0.032;-0.019|-0.025;-0.023;-0.030;-0.016|-0.020;-0.020;-0.030;-0.014|-0.033;-0.029;-0.043;-0.015|-0.027;-0.024;-0.040;-0.012|-0.021;-0.016;-0.097;-0.013|0.029;0.005;-0.005;-0.001|0.062;0.008;0.001;0.000|0.046;0.012;-0.000;-0.000|0.085;0.021;-0.001;-0.000|0.090;0.025;-0.003;-0.000|0.089;0.027;-0.003;-0.000|0.066;0.037;-0.001;-0.003|0.152;0.119;-0.001;-0.002|0.048;0.038;-0.001;-0.001|0.063;0.061;-0.001;-0.001|0.038;0.038;-0.001;-0.001,-0.013|0.023|0.039|0.000|-0.005|0.004|-0.033|-0.035|-0.017|-0.012|0.027|0.036|-0.016|0.030|0.018|0.024|-0.011|-0.018|-0.013|-0.043,-3.99|-4.01|-3.37|-2.66|-2.17|-1.91|-1.71|-1.47|-1.22|-0.09|-0.12|0.01|0.31|0.35|0.48|0.96|1.27|1.15|1.26|1.27,0.3.1
AbuDhabi_Race_Mar20_001_L9,6,False,2,2,2517.65,313,8,37264,9.166999999999998,6.867,2531.8,295,8,37414,2672.67,81,2,40764,2697.57,96,2,41798,9.299999999999999,6.833,2690.76,88,2,41531,4534,100,70,21.2,21.2,0.0,13.9,0,0,0,0,0,0,0,0,0,0,0,False,0,0,0,False,44|45|54|54,60|67|60|65,59|68|62|68,84|85|89|90,58,30,55,50,2530|2539|2548|2556|2565|2574|2583|2592|2600|2609|2618|2627|2635|2644|2653|2662|2671|2679|2688|2697,37414|37514|37648|37748|37881|38031|38181|38348|38548|38731|38948|39231|39498|39864|40264|40514|40714|41064|41448|41798,-265.7;-305.4|-273.7;-305.4|-282.5;-305.5|-290.9;-305.5|-299.8;-305.5|-309.0;-305.6|-317.5;-305.7|-326.2;-305.7|-335.0;-305.8|-343.8;-305.9|-352.3;-305.8|-361.5;-305.4|-369.9;-304.1|-378.9;-300.9|-386.5;-295.4|-390.1;-290.7|-392.0;-286.5|-393.4;-278.8|-392.2;-270.0|-389.2;-261.7,295|281|265|249|232|213|196|179|165|150|133|115|101|86|85|83|82|81|86|96,100|100|100|100|100|100|84|71|61|69|62|49|37|16|0|0|0|0|0|0,12|5|4|4|4|4|4|4|4|4|4|4|4|19|31|28|28|38|59|69,8|8|8|8|7|7|6|6|5|4|4|3|2|2|2|2|2|2|2|2,0.0001|0.0006|0.0013|0.0003|0.0014|0.0005|0.0003|-0.0008|-0.0006|-0.0028|-0.0158|-0.0606|-0.0761|-0.1309|-0.1780|-0.1752|-0.1672|-0.1340|-0.0726|-0.0426,-0.027;-0.027;-0.028;-0.028|-0.030;-0.030;-0.029;-0.029|-0.033;-0.033;-0.032;-0.032|-0.036;-0.036;-0.035;-0.037|-0.030;-0.031;-0.043;-0.045|-0.047;-0.050;-0.045;-0.044|-0.028;-0.028;-0.040;-0.041|-0.034;-0.035;-0.029;-0.028|-0.030;-0.030;-0.025;-0.023|-0.021;-0.021;-0.043;-0.036|-0.040;-0.035;-0.037;-0.023|-0.035;-0.032;-0.097;-0.019|-0.021;-0.018;-0.131;-0.015|0.007;-0.005;-0.043;-0.008|0.074;0.011;0.001;-0.000|0.159;0.020;0.002;0.001|0.130;0.021;0.008;0.003|0.099;0.017;-0.001;-0.000|0.087;0.024;-0.001;-0.001|0.121;0.043;-0.001;-0.001,0.001|0.003|0.001|0.005|-0.007|-0.001|-0.015|0.005|-0.006|-0.014|0.000|-0.008|0.002|0.011|-0.006|-0.197|-0.357|-0.045|-0.021|0.035,-3.98|-3.96|-3.90|-3.81|-3.29|-3.62|-2.60|-2.60|-2.23|-1.71|-2.11|-1.80|-1.36|-0.66|-0.05|-0.08|-0.07|0.11|0.61|0.89,0.3.1
AbuDhabi_Race_Mar20_001_L9,7,False,2,2,0.0,0.0,0,0,9.299999999999999,6.833,2698.92,97,2,41848,2735.1,94,2,42964,2766.38,104,2,44198,9.667,6.583,2762.2,99,2,44048,2350,0,72,0.0,0.0,0.0,1.4,0,0,0,0,0,0,0,0,0,0,0,False,0,0,0,False,59|68|62|68,68|67|68|67,71|65|71|68,83|85|89|90,58,30,55,50,2698|2701|2705|2709|2712|2716|2719|2723|2727|2730|2734|2737|2741|2744|2748|2752|2755|2759|2762|2766,41848|41981|42098|42214|42331|42448|42564|42664|42748|42831|42948|43064|43231|43398|43514|43664|43814|43948|44081|44198,-388.6;-260.5|-387.0;-257.1|-385.5;-254.1|-384.2;-251.0|-383.1;-247.8|-382.2;-244.5|-381.7;-241.3|-381.5;-238.5|-381.6;-236.2|-381.7;-234.0|-382.2;-231.0|-382.9;-228.0|-384.4;-224.0|-386.4;-220.2|-388.0;-217.8|-390.5;-214.8|-393.2;-212.0|-395.9;-209.8|-398.9;-207.6|-401.6;-205.7,97|102|105|104|104|102|100|98|97|96|94|93|92|92|92|93|94|96|100|104,0|0|0|0|0|0|0|0|0|0|0|0|0|0|0|0|0|0|0|0,69|61|35|20|18|17|16|16|17|19|27|30|35|35|35|36|43|54|68|72,2|2|2|2|2|2|2|2|2|2|2|2|2|2|2|2|2|2|2|2,-0.0323|0.0039|0.0547|0.1208|0.1509|0.1714|0.1727|0.1622|0.1612|0.1582|0.1474|0.1425|0.1363|0.1335|0.1215|0.0981|0.0686|0.0465|0.0384|0.0245,0.125;0.048;-0.002;-0.001|0.039;0.034;-0.001;-0.001|0.008;0.016;-0.001;-0.000|0.002;0.016;-0.000;0.001|0.001;0.025;0.000;0.002|0.002;0.044;0.000;0.002|0.005;0.078;0.000;0.002|0.009;0.093;0.001;0.002|0.013;0.091;0.001;0.003|0.018;0.086;0.001;0.007|0.024;0.088;0.001;0.014|0.026;0.090;0.000;0.015|0.018;0.072;-0.000;0.003|0.012;0.066;-0.001;-0.000|0.015;0.117;-0.000;0.000|0.020;0.093;-0.000;-0.002|0.017;0.068;-0.000;-0.002|0.023;0.060;-0.001;-0.001|0.024;0.077;-0.002;-0.002|0.034;0.062;-0.002;-0.002,-0.030|-0.052|-0.046|-0.023|0.006|-0.040|-0.066|-0.030|-0.003|0.063|0.039|0.025|0.050|-0.010|-0.020|0.004|-0.024|-0.038|0.003|0.005,0.91|0.98|0.27|-0.15|-0.24|-0.38|-0.44|-0.35|-0.29|-0.23|-0.19|-0.14|0.06|0.10|0.05|0.25|0.41|0.61|1.07|1.19,0.3.1
AbuDhabi_Race_Mar20_001_L9,8,True,2,2,0.0,0.0,0,0,9.700000000000001,6.583,2791.84,137,3,44964,2891.03,216,5,46931,3092.37,278,7,49781,9.683,6.617,2839.36,181,4,46014,4817,0,100,0.0,0.0,0.0,1.8,0,0,0,0,0,0,0,0,0,0,0,False,0,0,0,False,68|63|74|71,61|58|76|74,53|52|68|69,83|85|89|89,58,30,55,50,2791|2807|2822|2838|2854|2870|2886|2901|2917|2933|2949|2964|2980|2996|3012|3028|3043|3059|3075|3092,44964|45348|45714|46014|46331|46598|46864|47131|47364|47614|47831|48064|48281|48498|48731|48948|49148|49364|49564|49781,-423.2;-191.9|-436.2;-183.3|-449.8;-173.9|-461.6;-165.2|-473.7;-155.3|-485.4;-144.9|-496.5;-134.0|-506.6;-122.7|-516.5;-110.5|-525.6;-98.4|-534.4;-85.6|-542.9;-72.0|-550.4;-58.9|-557.5;-45.2|-564.3;-31.0|-570.8;-16.5|-576.6;-2.8|-583.3;13.5|-589.1;27.7|-594.9;41.9,137|154|170|181|193|204|214|222|230|237|243|249|254|258|262|266|269|273|275|278,0|0|0|0|0|0|0|0|0|0|0|0|0|0|0|0|0|0|0|0,100|100|100|100|100|100|100|100|100|100|100|100|100|100|100|100|100|100|100|100,3|3|4|4|5|5|5|5|5|6|6|6|6|6|6|7|7|7|7|7,-0.0039|-0.0049|-0.0072|-0.0100|-0.0102|-0.0144|-0.0155|-0.0128|-0.0104|-0.0112|-0.0124|-0.0118|-0.0104|-0.0092|-0.0066|-0.0050|-0.0026|-0.0000|0.0004|0.0020,0.089;0.058;-0.001;-0.001|0.051;0.053;-0.001;-0.001|0.049;0.037;-0.001;-0.001|0.049;0.037;-0.001;-0.001|0.053;0.042;-0.001;-0.001|0.043;0.030;-0.001;-0.001|0.040;0.028;-0.001;-0.001|0.037;0.026;-0.001;-0.001|0.033;0.025;-0.001;-0.001|0.031;0.023;-0.001;-0.001|0.031;0.023;-0.001;-0.001|0.030;0.022;-0.001;-0.001|0.026;0.019;-0.001;-0.001|0.023;0.018;-0.001;-0.000|0.021;0.017;-0.001;-0.000|0.019;0.017;-0.000;-0.000|0.018;0.016;-0.000;-0.000|0.017;0.017;-0.000;-0.000|0.016;0.016;-0.000;-0.000|0.016;0.016;-0.000;-0.000,-0.013|-0.045|0.010|0.011|-0.007|0.009|-0.016|0.011|-0.001|0.008|0.002|0.010|-0.012|-0.020|-0.031|-0.009|0.003|0.001|-0.004|-0.004,1.22|1.06|1.07|1.06|1.00|1.04|0.98|0.91|0.86|0.82|0.77|0.69|0.62|0.56|0.51|0.47|0.44|0.41|0.38|0.36,0.3.1
AbuDhabi_Race_Mar20_001_L9,9,False,2,2,3564.8,306,8,55487,9.6,6.6,3577.29,289,8,55637,3671.67,149,4,57287,3950.33,219,5,62787,9.849999999999998,6.483,3707.5,150,4,58021,7300,100,100,15.6,15.6,0.0,7.8,0,0,0,0,0,0,0,0,0,0,0,False,0,0,0,False,46|46|55|58,64|67|59|67,60|92|73|88,83|85|90|91,58,30,55,50,3576|3596|3615|3635|3655|3674|3694|3714|3733|3753|3773|3792|3812|3832|3851|3871|3891|3910|3930|3950,55637|55887|56187|56554|56954|57371|57771|58171|58571|58971|59354|59754|60154|60554|60971|61371|61737|62104|62437|62787,-719.0;508.8|-720.5;527.7|-720.8;547.4|-719.1;568.1|-714.8;587.1|-707.3;603.2|-696.7;615.8|-683.1;625.4|-667.1;631.3|-649.7;633.2|-632.4;631.4|-615.1;625.8|-599.7;616.3|-586.9;603.2|-577.1;586.4|-571.3;567.9|-568.9;549.1|-568.9;529.1|-571.2;510.1|-575.8;490.7,289|256|220|189|163|149|149|151|155|160|164|164|163|165|171|180|191|202|211|219,100|100|72|52|41|0|0|0|0|0|0|0|0|0|0|0|0|0|0|0,5|5|5|6|8|50|57|67|75|67|57|52|63|75|83|100|100|100|100|100,8|7|6|5|4|4|4|4|4|4|4|4|4|4|4|4|4|5|5|5,-0.0090|-0.0173|-0.0240|-0.0404|-0.0593|-0.1153|-0.0889|-0.0877|-0.0673|-0.0342|-0.0758|-0.0809|-0.0915|-0.0814|-0.0632|-0.0315|-0.0292|-0.0245|-0.0311|-0.0106,-0.030;-0.028;-0.031;-0.027|-0.038;-0.031;-0.055;-0.029|-0.029;-0.027;-0.090;-0.021|-0.025;-0.023;-0.127;-0.017|-0.019;-0.020;-0.076;-0.013|0.048;0.013;0.001;-0.000|0.054;0.019;-0.001;-0.000|0.050;0.018;-0.001;-0.001|0.085;0.029;-0.002;-0.000|0.041;0.018;-0.002;-0.000|0.040;0.011;0.000;-0.000|0.028;0.011;0.000;-0.000|0.050;0.018;-0.000;-0.000|0.059;0.023;-0.002;-0.001|0.062;0.027;-0.004;-0.001|0.059;0.031;-0.002;-0.001|0.043;0.026;-0.001;-0.001|0.045;0.026;-0.001;-0.001|0.038;0.027;-0.001;-0.001|0.031;0.023;-0.001;-0.001,0.030|0.031|-0.015|-0.036|-0.000|0.050|-0.016|-0.002|0.039|0.020|0.012|0.004|-0.009|-0.057|-0.030|-0.021|-0.036|-0.026|0.021|-0.039,-4.02|-3.87|-2.91|-2.14|-1.75|-0.07|0.13|0.28|0.49|0.46|0.01|0.04|0.16|0.34|0.59|0.91|0.85|0.81|0.66|0.82,0.3.1
AbuDhabi_Race_Mar20_001_L9,10,True,2,2,0.0,0.0,0,0,9.850000000000001,6.517,4053.87,254,6,64337,4162.74,270,7,65821,4163.98,270,7,65838,9.849999999999998,6.533,0.0,0.0,0,0,1501,0,0,3.5,0.0,0.0,6.6,0,0,0,0,0,0,0,0,0,0,0,False,0,0,0,False,55|75|69|78,64|72|75|75,64|72|75|75,83|87|90|92,58,30,55,50,4052|4058|4064|4070|4076|4082|4087|4093|4099|4105|4111|4117|4122|4128|4134|4140|4146|4152|4157|4163,64337|64437|64521|64587|64654|64754|64838|64904|64971|65054|65154|65204|65288|65388|65454|65521|65621|65704|65771|65838,-606.9;391.7|-608.4;386.0|-609.9;380.3|-611.4;374.5|-612.5;369.8|-613.8;363.9|-615.0;358.0|-616.1;352.0|-616.9;347.2|-617.8;341.1|-618.6;335.0|-619.1;330.1|-619.6;323.9|-619.9;317.7|-619.9;311.5|-619.8;306.5|-619.5;300.3|-619.0;294.0|-618.2;287.8|-617.5;282.9,254|256|257|258|259|261|262|263|264|265|266|267|267|268|268|269|269|270|270|270,0|0|0|0|0|0|0|0|0|0|0|0|0|0|0|0|0|0|0|0,100|100|100|100|100|100|100|100|100|100|100|100|100|100|100|100|100|100|100|100,6|6|6|6|6|6|7|7|7|7|7|7|7|7|7|7|7|7|7|7,0.0080|0.0103|0.0104|0.0104|0.0108|0.0146|0.0193|0.0192|0.0181|0.0186|0.0205|0.0240|0.0329|0.0362|0.0348|0.0329|0.0306|0.0369|0.0505|0.0584,0.017;0.020;-0.000;-0.001|0.017;0.019;-0.000;-0.000|0.017;0.020;-0.000;-0.000|0.017;0.019;-0.000;-0.000|0.016;0.019;-0.000;-0.000|0.016;0.019;-0.000;-0.000|0.015;0.019;-0.000;-0.000|0.015;0.020;-0.000;-0.000|0.015;0.021;-0.000;-0.000|0.015;0.020;-0.000;-0.000|0.015;0.020;-0.000;-0.000|0.014;0.020;-0.000;-0.000|0.014;0.022;-0.000;-0.000|0.016;0.027;-0.000;-0.000|0.015;0.026;-0.000;-0.000|0.016;0.027;-0.000;-0.000|0.015;0.024;-0.000;-0.000|0.015;0.025;-0.000;-0.000|0.017;0.031;-0.000;-0.000|0.018;0.031;-0.000;-0.000,0.000|0.009|0.004|0.005|0.000|0.015|0.011|0.008|0.006|0.008|0.011|0.027|0.020|0.028|-0.015|0.008|-0.064|0.005|0.211|0.140,0.51|0.49|0.47|0.46|0.46|0.44|0.54|0.39|0.38|0.36|0.37|0.34|0.28|0.25|0.23|0.24|0.26|0.23|0.15|0.07,0.3.1
AbuDhabi_Race_Mar20_001_L9,11,True,2,2,0.0,0.0,0,0,9.849999999999998,6.533,4165.23,270,7,65854,4166.47,270,7,65871,4248.96,271,7,66971,9.849,6.534,4240.68,272,7,66871,1117,0,100,1.1,0.0,0.0,0.0,0,0,0,0,0,0,0,0,0,0,0,False,0,0,0,False,65|72|75|75,65|72|75|76,82|74|86|79,83|87|90|92,58,30,55,50,4164|4170|4175|4180|4185|4191|4196|4201|4206|4211|4217|4222|4227|4232|4238|4243|4248|4253|4259|4248,65854|65921|66004|66071|66138|66204|66288|66371|66438|66488|66588|66655|66721|66788|66855|66921|66971,-617.3;281.7|-616.3;276.7|-614.9;270.7|-613.5;265.9|-612.0;261.1|-610.4;256.4|-608.6;251.7|-606.2;246.0|-604.1;241.5|-601.8;237.0|-598.8;231.5|-596.2;227.2|-593.6;223.0|-590.1;217.7|-587.1;213.6|-584.1;209.6|-581.8;206.6,270|269|269|269|269|269|269|269|269|270|270|270|270|271|272|272|271,0|0|0|0|0|0|0|0|0|0|0|0|0|0|0|0|23,100|100|100|100|100|100|100|100|100|100|100|100|100|100|100|92|43,7|7|7|7|7|7|7|7|7|7|7|7|7|7|7|7|7,0.0595|0.0588|0.0502|0.0486|0.0472|0.0432|0.0478|0.0460|0.0411|0.0367|0.0367|0.0303|0.0228|0.0235|0.0268|0.0326|0.0351,0.016;0.033;-0.000;-0.000|0.015;0.028;-0.000;-0.000|0.021;0.038;-0.000;-0.000|0.017;0.036;-0.000;-0.000|0.017;0.032;-0.000;-0.000|0.016;0.023;-0.000;-0.001|0.017;0.029;-0.000;-0.000|0.015;0.027;-0.000;-0.000|0.015;0.028;-0.000;-0.000|0.016;0.028;-0.000;-0.000|0.016;0.028;-0.000;-0.000|0.016;0.027;-0.000;-0.000|0.016;0.025;-0.000;-0.001|0.015;0.021;-0.000;-0.000|0.014;0.020;-0.000;-0.000|0.012;0.018;-0.000;-0.000|-0.003;0.000;-0.005;-0.005,0.141|-0.330|0.158|0.071|-0.070|-0.237|0.010|0.001|0.014|-0.016|-0.007|-0.019|-0.006|-0.026|-0.001|0.042|0.255,0.08|0.09|0.12|0.04|0.15|0.22|0.15|0.20|0.20|0.21|0.22|0.25|0.29|0.30|0.29|0.21|-1.05,0.3.1
AbuDhabi_Race_Mar20_001_L9,12,False,2,2,4250.35,270,7,66988,9.849,6.534,4266.25,246,7,67188,4362.59,98,2,69372,4438.49,140,3,71622,9.584,6.7,4409.92,110,2,70789,4634,100,90,0.1,0.0,0.0,7.7,0,0,0,0,0,0,0,0,0,0,0,False,0,0,0,False,82|74|86|79,80|76|80|72,76|69|80|73,84|88|91|92,58,30,55,50,4265|4274|4283|4292|4301|4310|4319|4329|4338|4347|4356|4365|4374|4383|4392|4401|4410|4420|4429|4438,67188|67338|67471|67638|67788|67988|68172|68388|68622|68855|69172|69505|69805|69989|70205|70505|70839|71122|71389|71622,-571.5;194.8|-565.3;188.6|-559.3;182.9|-552.0;176.6|-544.9;170.8|-536.8;164.7|-530.4;160.1|-522.6;154.9|-514.2;150.0|-506.8;146.3|-497.4;143.0|-488.7;141.9|-480.5;142.7|-475.7;144.2|-470.3;146.8|-463.3;151.7|-456.3;158.8|-450.8;166.1|-446.1;174.1|-442.2;182.0,246|229|216|202|190|175|163|148|134|120|105|98|98|99|100|104|111|120|130|140,100|83|62|56|53|58|57|49|42|42|31|0|0|0|0|0|0|0|0|0,3|3|2|2|2|2|2|2|2|2|2|32|39|36|35|53|70|78|87|90,7|7|6|6|5|5|4|4|3|3|2|2|2|2|2|2|2|2|2|3,0.0236|0.0233|0.0181|0.0166|0.0134|0.0136|0.0164|0.0236|0.0347|0.0602|0.1202|0.1444|0.1197|0.1088|0.0934|0.0880|0.0597|0.0408|0.0283|0.0102,-0.027;-0.031;-0.027;-0.085|-0.025;-0.035;-0.025;-0.071|-0.024;-0.027;-0.017;-0.029|-0.024;-0.027;-0.017;-0.028|-0.022;-0.023;-0.015;-0.020|-0.027;-0.029;-0.019;-0.027|-0.027;-0.028;-0.019;-0.027|-0.026;-0.028;-0.017;-0.026|-0.025;-0.024;-0.014;-0.035|-0.027;-0.030;-0.016;-0.056|-0.020;-0.031;-0.015;-0.104|0.009;0.042;-0.000;0.000|0.014;0.120;-0.000;0.000|0.018;0.065;-0.000;-0.002|0.007;0.039;-0.000;-0.017|0.017;0.045;-0.000;-0.001|0.031;0.071;-0.001;-0.002|0.037;0.079;-0.001;-0.002|0.037;0.062;-0.001;-0.002|0.073;0.099;-0.001;-0.002,0.131|0.040|-0.007|-0.020|0.006|-0.008|-0.019|0.001|-0.030|0.008|-0.019|0.016|-0.005|0.096|0.096|0.015|-0.003|-0.002|0.004|-0.003,-4.06|-3.13|-2.54|-2.30|-2.13|-2.23|-2.16|-1.87|-1.61|-1.64|-1.29|-0.02|0.04|0.42|0.06|0.50|0.82|0.98|1.06|1.42,0.3.1
AbuDhabi_Race_Mar20_001_L9,13,False,2,2,0.0,0.0,0,0,9.584,6.7,4445.82,147,3,71789,4520.09,133,3,73573,4558.05,128,3,74690,9.883,6.334,0.0,0.0,0,0,2901,0,49,0.0,0.0,0.0,4.3,0,0,0,0,0,0,0,0,0,0,0,False,0,0,0,False,75|69|79|73,74|97|75|79,73|99|73|79,85|88|91|92,58,30,55,50,4445|4451|4456|4462|4468|4474|4480|4486|4492|4498|4504|4510|4516|4522|4528|4534|4539|4545|4551|4558,71789|71922|72056|72222|72356|72489|72606|72739|72873|72989|73156|73306|73489|73639|73823|74006|74190|74340|74523|74690,-439.1;188.7|-436.8;193.6|-434.1;198.5|-430.7;203.8|-427.3;208.2|-423.6;212.2|-420.1;215.4|-416.0;218.7|-411.0;222.0|-407.1;224.2|-402.0;226.8|-396.1;229.1|-389.4;230.9|-383.9;231.8|-377.3;232.1|-371.3;231.7|-364.8;230.7|-359.1;229.3|-353.6;227.3|-348.3;224.9,147|150|150|150|148|146|145|142|140|138|137|135|134|132|130|128|127|126|126|128,0|0|0|0|0|0|0|0|0|0|0|0|0|0|0|0|0|0|0|0,82|57|49|40|40|40|37|34|32|32|41|45|44|36|30|26|25|28|44|49,3|3|3|3|3|3|3|3|3|3|3|3|3|3|3|3|3|3|3|3,-0.0167|-0.0538|-0.0833|-0.1107|-0.1273|-0.1390|-0.1550|-0.1665|-0.1829|-0.1892|-0.1901|-0.1890|-0.1884|-0.1800|-0.1296|-0.0916|-0.0726|-0.0639|-0.0661|-0.0519,0.035;0.028;-0.001;-0.001|0.023;0.012;-0.000;-0.000|0.027;0.009;0.000;-0.000|0.028;0.008;0.002;0.000|0.035;0.009;0.003;0.000|0.036;0.009;0.003;0.000|0.039;0.010;0.003;0.001|0.036;0.009;0.004;0.001|0.035;0.008;0.007;0.001|0.030;0.008;0.007;0.000|0.042;0.011;0.004;-0.000|0.058;0.014;0.003;-0.000|0.052;0.013;0.003;0.000|0.041;0.010;0.002;0.000|0.029;0.007;0.004;-0.000|0.010;0.007;0.003;0.000|0.025;0.010;-0.000;0.000|0.025;0.005;0.001;0.000|0.025;0.014;-0.004;-0.000|0.027;0.012;-0.000;-0.000,0.032|0.031|0.021|0.003|0.029|0.065|0.008|-0.056|-0.099|-0.060|-0.038|0.033|0.029|0.029|0.297|-0.068|0.011|-0.066|0.015|-0.029,0.93|0.32|0.06|-0.18|-0.25|-0.29|-0.22|-0.25|-0.32|-0.31|-0.21|-0.21|-0.20|-0.26|-0.32|0.05|0.06|-0.11|0.20|0.30,0.3.1
AbuDhabi_Race_Mar20_001_L9,14,False,2,2,0.0,0.0,0,0,9.883,6.334,4559.22,128,3,74723,4617.16,141,3,76207,4746.97,220,5,78891,9.834000000000001,6.333,4616.45,141,3,76190,4168,0,100,0.0,0.0,0.0,2.5,0,0,0,0,0,0,0,0,0,0,0,False,0,0,0,False,73|99|73|79,69|100|72|82,61|85|77|87,85|88|91|92,58,30,55,50,4558|4568|4578|4588|4598|4608|4618|4627|4637|4647|4657|4667|4677|4687|4697|4707|4716|4726|4736|4746,74723|75006|75290|75556|75807|76007|76240|76473|76723|76957|77207|77424|77624|77840|78040|78224|78407|78574|78741|78891,-347.2;224.4|-338.5;219.1|-330.5;212.4|-323.3;204.4|-318.2;196.9|-314.6;190.0|-311.3;181.4|-309.2;172.5|-308.3;162.5|-309.0;152.3|-310.6;142.4|-312.6;132.8|-315.2;122.8|-318.4;113.4|-322.2;103.8|-326.7;94.1|-331.1;86.0|-336.3;76.9|-341.0;69.4|-346.5;60.9,128|130|134|138|140|141|141|142|145|150|159|167|175|182|189|196|202|209|214|220,0|0|0|0|0|0|0|0|0|0|0|0|0|0|0|0|0|0|0|0,50|53|60|62|61|61|68|76|79|84|100|100|100|100|100|100|100|100|100|100,3|3|3|3|3|3|3|3|3|3|3|3|4|4|4|4|5|5|5|5,-0.0523|-0.0619|-0.0463|-0.0791|-0.1008|-0.1015|-0.0868|-0.0504|-0.0223|-0.0135|-0.0180|-0.0229|-0.0201|-0.0248|-0.0236|-0.0189|-0.0132|-0.0094|-0.0065|-0.0064,0.036;0.011;-0.000;-0.000|0.042;0.010;-0.003;0.000|0.033;0.016;-0.001;-0.001|0.046;0.017;-0.001;-0.000|0.067;0.022;-0.002;-0.000|0.113;0.038;-0.001;-0.000|0.124;0.055;-0.001;-0.000|0.136;0.068;-0.006;-0.000|0.127;0.062;-0.005;-0.000|0.060;0.034;-0.006;-0.001|0.048;0.035;-0.001;-0.001|0.047;0.031;-0.001;-0.001|0.060;0.037;-0.002;-0.001|0.041;0.031;-0.002;-0.001|0.045;0.038;-0.001;-0.001|0.049;0.036;-0.001;-0.001|0.065;0.050;-0.001;-0.001|0.041;0.031;-0.001;-0.001|0.030;0.026;-0.001;-0.001|0.031;0.028;-0.001;-0.001,-0.051|0.031|0.014|0.002|-0.031|-0.025|-0.015|0.061|0.051|0.044|-0.003|-0.009|-0.027|0.084|0.060|-0.015|-0.016|-0.133|0.029|0.004,0.24|0.20|0.43|0.34|0.24|0.23|0.27|0.47|0.56|0.90|1.11|0.98|1.13|1.00|1.10|1.05|1.25|1.01|0.98|0.95,0.3.1
AbuDhabi_Race_Mar20_001_L9,15,True,2,2,0.0,0.0,0,0,9.834000000000001,6.333,4779.48,236,5,79424,4908.57,249,6,81274,5005.7,259,7,82641,10.05,5.967,4893.94,249,6,81074,3217,0,100,7.6,6.0,0.0,2.0,0,0,0,0,0,0,0,0,0,0,0,False,0,0,0,False,59|80|76|84,94|80|95|87,101|76|99|86,85|89|91|93,58,30,55,50,4779|4790|4802|4814|4826|4838|4850|4862|4874|4886|4898|4909|4921|4933|4945|4957|4969|4981|4993|5005,79424|79591|79791|79957|80124|80308|80474|80641|80808|80974|81141|81308|81441|81591|81774|81958|82125|82291|82475|82641,-365.1;33.9|-372.0;23.9|-378.8;13.6|-384.5;3.8|-389.9;-7.6|-393.8;-18.3|-397.1;-30.6|-399.1;-41.9|-400.2;-53.5|-400.3;-65.1|-399.3;-76.6|-397.4;-86.8|-395.0;-95.7|-391.1;-106.5|-385.7;-117.9|-379.2;-128.9|-372.5;-138.3|-365.2;-147.4|-356.7;-157.2|-349.5;-165.3,236|240|244|246|247|247|249|249|250|250|249|248|248|248|248|249|251|253|257|259,0|0|0|0|0|0|0|0|0|0|0|0|0|0|0|0|0|0|0|0,100|100|100|100|100|100|100|100|100|100|100|100|100|100|100|100|100|100|100|100,5|6|6|6|6|6|6|6|6|6|6|6|6|6|6|6|6|6|6|7,0.0042|0.0110|0.0279|0.0568|0.0559|0.0409|0.0547|0.0647|0.0709|0.0745|0.0753|0.0720|0.0716|0.0698|0.0650|0.0365|0.0304|0.0068|0.0004|0.0072,0.021;0.022;-0.001;-0.001|0.019;0.022;-0.001;-0.001|0.018;0.025;-0.001;-0.000|0.018;0.035;-0.000;-0.000|0.019;0.037;-0.000;-0.001|0.020;0.037;-0.000;-0.001|0.017;0.031;-0.000;-0.000|0.020;0.041;-0.000;-0.000|0.024;0.051;-0.000;-0.000|0.021;0.044;-0.000;0.000|0.019;0.046;-0.000;0.000|0.022;0.045;-0.000;-0.001|0.021;0.043;-0.000;-0.001|0.021;0.043;-0.000;-0.001|0.024;0.047;-0.000;-0.001|0.017;0.031;-0.000;-0.001|0.020;0.032;-0.000;-0.001|0.017;0.021;-0.000;-0.001|0.017;0.018;-0.000;-0.000|0.017;0.018;-0.000;-0.000,0.007|0.008|0.038|0.023|-0.027|-0.010|0.001|0.011|0.021|0.061|-0.038|-0.194|-0.090|-0.003|-0.002|0.024|-0.018|-0.027|0.002|0.003,0.75|0.60|0.52|0.33|0.25|0.34|0.30|0.22|0.24|0.19|0.03|0.13|0.12|0.23|0.28|0.33|0.43|0.49|0.48|0.46,0.3.1
AbuDhabi_Race_Mar20_001_L9,16,False,2,2,5015.36,260,7,82758,10.05,5.967,5023.72,253,7,82891,5138.63,117,3,85292,5214.79,166,3,87409,10.649999999999999,5.267,5178.46,132,3,86509,4651,73,100,1.6,0.0,0.0,0.2,1,0,1,0,0,0,0,0,0,0,0,False,0,0,0,False,99|75|97|85,103|78|92|76,88|70|87|76,87|89|92|93,58,30,55,50,5023|5033|5043|5053|5063|5073|5083|5093|5103|5113|5123|5133|5143|5153|5163|5173|5183|5194|5204|5214,82891|83025|83175|83358|83525|83742|83958|84175|84425|84675|84925|85175|85459|85809|86109|86409|86676|86942|87159|87409,-337.4;-178.6|-330.4;-186.1|-323.5;-192.8|-316.1;-199.6|-308.2;-206.0|-299.8;-212.0|-290.9;-217.2|-281.5;-221.4|-271.7;-224.3|-262.5;-225.7|-253.8;-225.2|-246.4;-223.3|-237.5;-219.0|-228.7;-212.3|-221.3;-204.4|-215.6;-196.1|-210.7;-187.6|-205.9;-178.2|-201.8;-169.3|-197.7;-159.7,253|238|224|208|193|178|165|152|140|129|120|118|118|121|125|129|136|146|155|166,55|72|69|62|55|48|35|28|26|19|3|0|0|0|0|0|0|0|0|0,9|6|3|3|2|2|2|1|1|1|18|40|49|54|54|57|86|93|97|100,7|7|6|6|6|5|5|4|4|3|3|3|3|3|3|3|3|3|3|3,0.0097|0.0184|0.0236|0.0318|0.0344|0.0490|0.0697|0.0777|0.1138|0.1332|0.1289|0.1180|0.0805|0.0741|0.0532|0.0169|0.0252|0.0135|0.0062|-0.0007,-0.017;-0.018;-0.015;-0.018|-0.026;-0.029;-0.018;-0.024|-0.021;-0.022;-0.021;-0.046|-0.030;-0.033;-0.018;-0.057|-0.024;-0.026;-0.017;-0.106|-0.022;-0.022;-0.014;-0.063|-0.020;-0.019;-0.012;-0.078|0.012;0.028;-0.012;-0.088|-0.020;-0.019;-0.013;-0.152|-0.014;-0.005;-0.008;-0.102|-0.002;0.011;-0.001;-0.006|0.012;0.059;0.000;0.000|0.017;0.060;-0.000;-0.001|0.015;0.036;-0.000;-0.001|0.034;0.099;-0.000;-0.004|0.021;0.016;-0.001;-0.001|0.035;0.043;-0.001;-0.001|0.047;0.063;-0.001;-0.001|0.047;0.066;-0.001;-0.001|0.066;0.068;-0.002;-0.003,0.012|0.138|0.001|-0.006|-0.088|-0.016|-0.025|0.007|-0.031|0.087|0.061|0.001|0.016|-0.024|-0.020|-0.020|-0.013|-0.013|-0.084|0.005,-2.29|-3.02|-2.25|-2.56|-2.19|-2.02|-1.58|-0.44|-1.40|-1.15|-0.54|-0.03|0.24|0.37|0.53|0.68|0.99|1.08|1.13|1.69,0.3.1
AbuDhabi_Race_Mar20_001_L10,1,False,1,1,290.89,285,7,4016,9.817,0.0,301.3,275,7,4133,428.6,152,4,6416,517.25,201,5,8350,10.15,0.0,452.5,154,4,7016,4334,85,100,7.4,6.1,0.0,5.1,0,0,0,0,0,0,0,0,0,0,0,False,0,0,0,False,55|51|66|63,65|85|66|77,61|80|72|81,87|89|93|93,58,30,55,50,299|310|322|333|345|356|367|379|390|402|413|425|436|447|459|470|482|493|504|517,4133|4283|4450|4633|4816|5000|5200|5450|5650|5866|6083|6316|6616|6916|7183|7450|7700|7916|8150|8350,-46.4;175.0|-42.1;183.9|-36.9;194.3|-31.2;204.8|-25.2;214.3|-19.0;223.0|-11.2;232.1|-2.5;240.6|5.9;246.8|14.6;251.4|23.4;254.8|33.2;256.9|45.9;257.6|58.5;255.9|69.6;252.8|80.8;248.5|90.8;243.8|101.1;238.2|111.6;231.9|120.9;226.0,275|259|242|227|215|204|192|180|168|159|154|153|152|153|158|166|175|184|193|201,67|81|60|45|38|32|28|25|13|0|0|0|0|0|0|0|0|0|0|0,4|0|0|0|0|0|0|0|0|23|42|52|56|58|78|90|93|100|100|100,7|7|6|6|5|5|4|4|4|4|4|4|4|4|4|4|4|4|5|5,-0.0046|-0.0110|-0.0157|-0.0220|-0.0287|-0.0295|-0.0380|-0.0832|-0.1155|-0.1370|-0.1340|-0.1269|-0.0893|-0.0473|-0.0275|-0.0224|-0.0118|-0.0086|-0.0071|-0.0071,-0.020;-0.020;-0.020;-0.024|-0.028;-0.030;-0.034;-0.031|-0.020;-0.023;-0.025;-0.014|-0.017;-0.019;-0.024;-0.011|-0.010;-0.011;-0.029;-0.010|-0.014;-0.015;-0.020;-0.008|-0.004;-0.002;-0.019;-0.008|-0.012;-0.016;-0.046;-0.009|-0.005;-0.013;-0.043;-0.006|0.035;0.005;0.005;0.002|0.038;0.013;0.001;0.000|0.034;0.012;0.001;-0.000|0.050;0.016;-0.001;-0.000|0.058;0.022;-0.001;-0.000|0.062;0.036;-0.001;-0.001|0.073;0.045;-0.002;-0.001|0.065;0.045;-0.002;-0.001|0.060;0.046;-0.001;-0.001|0.071;0.060;-0.001;-0.001|0.041;0.036;-0.001;-0.001,0.049|0.053|-0.040|-0.056|0.015|-0.013|-0.005|0.026|0.044|-0.042|0.114|0.007|0.015|-0.025|0.011|-0.002|0.007|0.005|0.001|0.021,-2.89|-3.28|-2.54|-2.02|-1.30|-1.59|-1.52|-1.50|-1.32|-0.63|-0.25|-0.01|0.12|0.32|0.67|1.03|1.10|1.19|1.32|1.05,0.3.1
AbuDhabi_Race_Mar20_001_L10,2,True,1,1,0.0,0.0,0,0,10.016,0.0,580.09,235,6,9383,666.48,252,6,10650,715.75,258,6,11316,9.9,0.0,701.49,256,6,11116,1933,0,100,11.2,11.2,0.0,2.7,0,0,0,0,0,0,0,0,0,0,0,False,0,0,0,False,58|72|71|79,62|80|75|87,64|85|77|91,87|90|93|94,58,30,55,50,579|586|594|601|608|615|622|629|636|644|651|658|665|672|679|687|694|701|708|715,9383|9516|9600|9716|9816|9933|10050|10150|10266|10350|10450|10550|10650|10716|10833|10933|11033|11116|11216|11316,171.7;188.8|177.5;183.8|182.4;179.3|188.0;173.8|192.6;168.9|197.8;162.9|202.8;156.6|206.8;151.0|210.6;145.2|214.1;139.2|217.4;133.0|219.9;127.8|222.6;121.3|224.6;115.8|227.0;108.0|228.8;101.1|230.1;95.4|231.4;88.4|232.5;81.3|233.2;74.2,235|238|240|242|244|246|247|249|250|251|252|252|252|253|253|254|255|256|257|258,0|0|0|0|0|0|0|0|0|0|0|0|0|0|0|0|0|0|0|0,100|100|100|100|100|100|100|100|100|100|100|100|100|100|100|100|100|100|100|100,6|6|6|6|6|6|6|6|6|6|6|6|6|6|6|6|6|6|6|6,-0.0178|-0.0194|-0.0218|-0.0257|-0.0309|-0.0320|-0.0327|-0.0291|-0.0296|-0.0358|-0.0384|-0.0408|-0.0371|-0.0269|-0.0295|-0.0303|-0.0355|-0.0323|-0.0276|-0.0254,0.034;0.025;-0.001;-0.001|0.032;0.024;-0.001;-0.001|0.047;0.021;-0.000;-0.001|0.032;0.039;-0.000;-0.001|0.042;0.025;-0.000;-0.001|0.030;0.018;-0.001;-0.000|0.033;0.019;-0.001;-0.000|0.029;0.017;-0.001;-0.000|0.030;0.018;-0.000;-0.000|0.029;0.017;-0.000;-0.000|0.038;0.016;-0.000;-0.000|0.050;0.021;-0.000;-0.000|0.037;0.018;-0.000;-0.000|0.039;0.021;-0.001;-0.000|0.037;0.020;-0.001;-0.000|0.033;0.020;-0.001;-0.000|0.032;0.019;-0.001;-0.000|0.031;0.018;-0.001;-0.000|0.032;0.018;-0.001;-0.000|0.028;0.017;-0.001;-0.000,0.010|0.011|-0.151|0.436|-0.011|-0.036|-0.003|-0.008|-0.016|-0.020|-0.208|-0.082|-0.197|0.041|-0.063|-0.025|-0.027|-0.027|-0.048|-0.032,0.73|0.68|0.34|0.51|0.53|0.50|0.47|0.44|0.43|0.38|0.30|0.19|0.29|0.23|0.37|0.34|0.37|0.34|0.35|0.36,0.3.1
AbuDhabi_Race_Mar20_001_L10,3,True,1,1,0.0,0.0,0,0,9.9,0.0,724.16,259,6,11433,841.42,257,7,12999,999.79,262,7,15249,10.0,0.0,838.96,257,7,12966,3816,0,100,0.7,0.7,0.0,0.6,0,0,0,0,0,0,0,0,0,0,0,False,0,0,0,False,64|85|77|91,96|85|94|91,110|79|100|87,87|90|93|94,58,30,55,50,723|738|752|767|781|796|810|825|839|854|868|883|897|912|926|941|955|969|984|999,11433|11633|11849|12049|12233|12416|12616|12783|12983|13183|13383|13599|13783|13999|14199|14416|14633|14833|15049|15249,233.7;65.8|233.9;51.4|233.8;36.8|234.3;22.1|236.2;7.5|238.8;-4.4|243.9;-19.3|248.9;-30.3|256.1;-42.7|264.6;-54.1|274.3;-64.4|285.0;-73.5|296.6;-81.4|310.0;-88.5|322.9;-93.7|337.4;-97.9|352.4;-100.6|366.4;-102.4|381.9;-103.8|395.1;-104.8,259|261|263|264|264|263|261|259|257|255|253|252|251|251|251|251|253|256|259|262,0|0|0|0|0|0|0|0|0|0|0|0|0|0|0|0|0|0|0|0,100|100|100|100|100|100|100|100|100|100|100|100|100|100|100|100|100|100|100|100,6|6|6|6|6|7|7|7|7|7|7|7|7|7|7|7|7|7|7|7,-0.0200|-0.0047|0.0295|0.0383|0.0569|0.0691|0.0800|0.0836|0.0823|0.0807|0.0787|0.0736|0.0707|0.0651|0.0524|0.0381|0.0144|0.0048|0.0053|-0.0011,0.027;0.017;-0.001;-0.000|0.018;0.015;-0.000;-0.000|0.014;0.019;-0.000;-0.000|0.015;0.026;-0.000;-0.000|0.015;0.029;-0.000;0.000|0.016;0.036;-0.000;0.000|0.020;0.043;-0.000;0.001|0.020;0.042;-0.000;0.001|0.017;0.035;-0.000;0.000|0.016;0.035;-0.000;0.000|0.018;0.040;-0.000;0.000|0.018;0.038;-0.000;-0.000|0.018;0.036;-0.000;-0.000|0.017;0.033;-0.000;-0.000|0.016;0.030;-0.000;-0.000|0.016;0.028;-0.000;-0.001|0.016;0.022;-0.000;-0.001|0.016;0.019;-0.000;-0.001|0.018;0.020;-0.000;-0.000|0.020;0.018;-0.000;-0.001,-0.020|0.025|0.050|-0.014|-0.008|0.000|-0.012|-0.022|-0.025|0.005|0.012|-0.008|-0.020|-0.021|0.001|-0.013|-0.043|-0.042|-0.010|-0.046,0.38|0.33|0.27|0.14|0.05|0.07|-0.09|-0.05|-0.00|-0.03|-0.03|0.03|0.11|0.14|0.18|0.25|0.37|0.41|0.43|0.48,0.3.1
AbuDhabi_Race_Mar20_001_L10,4,True,1,1,0.0,0.0,0,0,10.0,0.0,1003.51,263,7,15283,1085.44,278,7,16349,1151.21,285,8,17199,10.267,0.0,1036.29,270,7,15716,1916,0,100,1.1,1.1,0.0,0.5,0,0,0,0,0,0,0,0,0,0,0,False,0,0,0,False,109|79|99|86,94|72|89|81,84|68|82|78,89|91|95|95,58,30,55,50,1002|1010|1018|1026|1034|1041|1049|1057|1065|1073|1080|1088|1096|1104|1112|1119|1127|1135|1143|1151,15283|15383|15483|15599|15699|15816|15916|15999|16099|16199|16316|16399|16516|16616|16699|16816|16899|16999|17083|17199,398.7;-105.1|406.1;-105.6|413.4;-106.2|422.1;-106.9|429.5;-107.6|437.0;-108.4|444.5;-109.3|452.0;-110.3|459.6;-111.5|467.1;-112.8|474.6;-114.4|482.1;-116.2|489.7;-118.1|497.1;-120.2|504.6;-122.5|512.1;-124.9|519.5;-127.4|526.9;-130.0|533.1;-132.3|540.5;-135.1,263|265|266|268|270|271|272|274|275|276|277|278|279|280|281|282|283|284|284|285,0|0|0|0|0|0|0|0|0|0|0|0|0|0|0|0|0|0|0|0,100|100|100|100|100|100|100|100|100|100|100|100|100|100|100|100|100|100|100|100,7|7|7|7|7|7|7|7|7|7|7|7|7|7|7|7|7|7|7|8,-0.0027|-0.0030|-0.0042|-0.0071|-0.0072|-0.0094|-0.0125|-0.0129|-0.0170|-0.0160|-0.0133|-0.0122|-0.0103|-0.0091|-0.0083|-0.0089|-0.0072|-0.0069|-0.0062|-0.0049,0.021;0.019;-0.000;-0.000|0.019;0.016;-0.000;-0.000|0.016;0.018;-0.002;-0.001|0.018;0.017;-0.000;-0.000|0.019;0.016;-0.000;-0.000|0.020;0.016;-0.000;-0.000|0.021;0.016;-0.000;-0.000|0.018;0.015;-0.000;-0.000|0.019;0.015;-0.000;-0.000|0.020;0.015;-0.000;-0.000|0.019;0.015;-0.000;-0.000|0.018;0.014;-0.000;-0.000|0.017;0.014;-0.000;-0.000|0.015;0.013;-0.000;-0.000|0.015;0.013;-0.000;-0.000|0.015;0.013;-0.000;-0.000|0.015;0.013;-0.000;-0.000|0.015;0.013;-0.000;-0.000|0.014;0.013;-0.000;-0.000|0.013;0.012;-0.000;-0.000,0.004|0.002|-0.135|0.053|0.013|-0.008|-0.028|-0.036|-0.001|0.010|-0.010|0.015|0.027|0.036|0.024|0.002|0.003|0.020|0.031|0.014,0.47|0.48|0.54|0.47|0.42|0.42|0.38|0.38|0.37|0.35|0.34|0.35|0.34|0.25|0.24|0.24|0.24|0.23|0.23|0.18,0.3.1
AbuDhabi_Race_Mar20_001_L10,5,False,1,1,1293.74,294,8,18972,10.184,0.0,1314.62,265,8,19238,1457.65,99,1,22571,1580.99,183,4,25855,10.283,0.0,1509.88,117,2,24105,6883,100,100,1.4,1.3,0.0,9.2,0,0,0,0,0,0,0,0,0,0,0,False,0,0,0,False,68|59|70|69,68|75|66|72,61|70|71|75,90|91|95|95,58,30,55,50,1313|1327|1341|1355|1369|1383|1397|1412|1426|1440|1454|1468|1482|1496|1510|1524|1538|1552|1566|1580,19238|19422|19655|19905|20172|20455|20805|21222|21638|22055|22471|22838|23221|23671|24121|24555|24921|25255|25571|25855,690.7;-199.9|703.4;-205.6|715.8;-211.1|728.7;-217.0|741.2;-222.9|753.7;-229.4|765.8;-237.3|776.3;-247.3|784.0;-259.3|787.6;-271.5|787.4;-283.4|784.1;-293.0|777.9;-301.6|768.1;-309.6|754.8;-315.8|740.9;-319.1|726.5;-320.2|712.6;-320.1|698.3;-319.3|684.4;-317.9,265|237|215|195|177|158|139|124|113|107|100|99|101|109|118|129|142|156|170|183,100|98|65|52|48|46|30|17|8|6|0|0|0|0|0|0|0|0|0|0,7|5|5|5|5|5|4|4|13|15|15|35|38|48|67|76|88|100|100|100,8|8|7|6|6|5|4|3|2|1|1|1|1|2|2|2|3|3|3|4,0.0004|0.0003|-0.0011|-0.0063|-0.0077|-0.0335|-0.0607|-0.0662|-0.0783|-0.1191|-0.1442|-0.1381|-0.0882|-0.0663|-0.0528|-0.0388|-0.0177|-0.0136|-0.0098|-0.0027,-0.033;-0.034;-0.032;-0.033|-0.030;-0.031;-0.033;-0.034|-0.023;-0.023;-0.021;-0.020|-0.016;-0.016;-0.020;-0.018|-0.020;-0.020;-0.019;-0.016|-0.019;-0.019;-0.026;-0.014|-0.025;-0.023;-0.083;-0.012|-0.010;-0.015;-0.020;-0.006|0.004;-0.004;-0.020;-0.003|-0.075;-0.077;-0.016;-0.002|0.022;0.001;0.002;0.000|0.040;0.010;-0.001;-0.000|0.034;0.011;-0.001;-0.000|0.095;0.029;-0.003;-0.001|0.053;0.024;-0.002;-0.001|0.058;0.028;-0.002;-0.001|0.098;0.070;-0.002;-0.001|0.048;0.037;-0.001;-0.001|0.049;0.039;-0.001;-0.001|0.040;0.036;-0.001;-0.001,-0.009|0.021|0.017|0.013|0.003|-0.026|-0.044|-0.026|-0.040|0.027|0.001|0.034|-0.010|0.003|0.013|0.007|-0.037|0.007|-0.012|-0.039,-3.88|-3.75|-2.59|-1.68|-1.90|-1.81|-1.38|-0.92|-0.51|-1.00|-0.28|0.08|0.25|0.76|0.72|0.87|1.39|1.14|1.26|1.28,0.3.1
AbuDhabi_Race_Mar20_001_L10,6,False,1,1,2517.82,311,8,37838,10.1,0.0,2531.84,292,8,38005,2673.02,76,2,41471,2697.89,94,2,42505,10.183,0.0,2692.38,88,2,42288,4667,100,65,13.8,13.8,0.0,13.9,0,0,0,0,0,0,0,0,0,0,0,False,0,0,0,False,45|46|55|55,60|66|61|66,60|66|63|68,88|90|95|95,58,30,55,50,2530|2539|2548|2556|2565|2574|2583|2592|2600|2609|2618|2627|2635|2644|2653|2662|2671|2679|2688|2697,38005|38088|38205|38355|38488|38621|38771|38938|39138|39338|39571|39838|40155|40521|40938|41205|41388|41738|42138|42505,-265.7;-306.2|-273.6;-306.3|-282.4;-306.2|-291.8;-306.1|-300.5;-306.0|-308.6;-305.9|-317.8;-305.8|-326.3;-305.8|-334.9;-305.8|-344.0;-305.7|-352.3;-305.5|-361.7;-304.9|-370.2;-303.5|-378.7;-300.7|-386.3;-295.0|-389.5;-290.5|-391.3;-286.6|-392.4;-279.2|-391.2;-270.4|-388.2;-261.7,292|278|262|243|227|210|191|175|161|144|129|111|95|80|79|78|77|77|84|94,100|100|100|100|100|96|83|70|63|62|57|49|41|17|0|2|0|0|0|0,8|6|5|5|4|5|5|5|5|5|5|5|7|16|36|23|22|42|64|65,8|8|8|8|7|7|6|6|5|5|4|3|2|2|2|2|2|2|2|2,-0.0062|-0.0039|-0.0011|-0.0013|0.0021|0.0032|0.0010|0.0007|-0.0012|-0.0060|-0.0156|-0.0477|-0.0633|-0.1546|-0.1636|-0.1498|-0.1612|-0.1170|-0.0762|-0.0250,-0.030;-0.028;-0.031;-0.027|-0.032;-0.030;-0.033;-0.028|-0.035;-0.033;-0.036;-0.031|-0.039;-0.037;-0.038;-0.038|-0.016;-0.016;-0.044;-0.044|-0.046;-0.050;-0.039;-0.042|-0.034;-0.035;-0.039;-0.044|-0.035;-0.035;-0.029;-0.029|-0.028;-0.028;-0.030;-0.028|-0.017;-0.017;-0.031;-0.026|-0.038;-0.032;-0.034;-0.022|-0.035;-0.027;-0.045;-0.018|0.028;0.015;-0.045;-0.017|0.001;-0.008;-0.052;-0.010|0.087;0.013;-0.000;-0.000|0.160;0.011;-0.001;-0.001|0.098;0.030;-0.006;-0.001|0.073;0.014;-0.001;-0.000|0.101;0.025;-0.001;-0.001|0.078;0.037;-0.001;-0.001,-0.001|0.002|0.002|0.015|-0.015|-0.007|0.006|0.004|0.001|0.001|0.001|-0.016|-0.021|0.015|-0.003|0.458|-0.197|-0.036|0.060|-0.011,-4.01|-3.95|-3.89|-3.79|-2.99|-3.57|-3.00|-2.57|-2.24|-2.00|-1.98|-1.71|-0.62|-0.82|0.05|-0.33|-0.05|0.30|0.59|0.81,0.3.1
AbuDhabi_Race_Mar20_001_L10,7,False,1,1,0.0,0.0,0,0,10.183,0.0,2698.77,95,2,42538,2739.88,93,2,43821,2766.53,108,2,44838,10.2,0.0,2762.19,102,2,44688,2300,0,82,0.0,0.0,0.0,1.3,0,0,0,0,0,0,0,0,0,0,0,False,0,0,0,False,60|66|63|68,70|66|70|68,72|65|74|69,88|90|94|95,58,30,55,50,2698|2701|2705|2709|2712|2716|2719|2723|2727|2730|2734|2737|2741|2744|2748|2752|2755|2759|2762|2766,42538|42671|42788|42921|43038|43171|43288|43355|43438|43538|43638|43754|43904|44038|44188|44321|44454|44588|44721|44838,-387.9;-260.9|-386.5;-257.6|-385.2;-254.6|-383.9;-250.9|-382.9;-247.6|-382.2;-244.3|-381.9;-241.0|-381.8;-238.6|-381.9;-236.3|-382.1;-234.0|-382.6;-231.4|-383.3;-228.4|-384.7;-224.7|-386.5;-221.2|-388.6;-217.9|-390.8;-215.1|-393.3;-212.5|-396.1;-210.1|-399.1;-207.9|-402.0;-206.0,95|99|103|105|105|104|102|101|99|98|96|94|93|94|95|96|98|100|103|108,0|0|0|0|0|0|0|0|0|0|0|0|0|0|0|0|0|0|0|0,65|65|57|35|25|20|16|16|16|16|17|26|38|43|44|46|49|58|72|83,2|2|2|2|2|2|2|2|2|2|2|2|2|2|2|2|2|2|2|2,-0.0193|0.0114|0.0461|0.0867|0.1328|0.1601|0.1653|0.1639|0.1671|0.1661|0.1646|0.1593|0.1458|0.1325|0.1221|0.0980|0.0666|0.0390|0.0066|-0.0038,0.076;0.040;-0.001;-0.001|0.032;0.037;-0.001;-0.001|0.021;0.035;-0.001;-0.001|0.008;0.024;-0.000;-0.000|0.004;0.027;-0.000;0.001|0.003;0.044;0.000;0.001|0.004;0.069;0.000;0.002|0.006;0.077;0.001;0.002|0.008;0.081;0.002;0.003|0.013;0.080;0.001;0.005|0.014;0.063;0.001;0.016|0.018;0.066;0.001;0.025|0.020;0.069;-0.000;0.007|0.015;0.066;-0.001;-0.001|0.018;0.120;-0.000;-0.000|0.038;0.167;-0.000;-0.001|0.041;0.119;-0.000;-0.005|0.039;0.114;-0.000;-0.003|0.047;0.084;-0.001;-0.003|0.076;0.052;-0.002;-0.001,0.005|-0.023|-0.024|-0.043|-0.008|-0.051|-0.065|-0.034|-0.010|0.037|0.003|0.036|0.015|0.027|-0.035|-0.005|0.029|0.020|0.013|0.034,0.87|0.85|0.71|0.17|-0.09|-0.31|-0.39|-0.35|-0.34|-0.30|-0.28|-0.22|0.07|0.22|0.14|0.39|0.46|0.58|0.93|1.00,0.3.1
AbuDhabi_Race_Mar20_001_L10,8,True,1,1,0.0,0.0,0,0,10.2,0.0,2791.86,142,3,45571,2914.11,229,5,47871,3091.89,276,7,50354,10.366,0.0,2838.77,183,4,46604,4783,0,100,0.1,0.1,0.0,1.8,0,0,0,0,0,0,0,0,0,0,0,False,0,0,0,False,69|63|79|75,61|58|78|76,54|54|69|70,88|89|94|94,58,30,55,50,2791|2807|2822|2838|2854|2870|2886|2901|2917|2933|2949|2964|2980|2996|3012|3028|3043|3059|3075|3091,45571|45938|46304|46604|46904|47188|47438|47704|47938|48188|48421|48654|48854|49088|49304|49521|49704|49938|50154|50354,-423.2;-191.9|-436.0;-183.4|-449.2;-174.3|-461.1;-165.5|-473.5;-155.7|-485.4;-145.2|-496.5;-134.2|-506.9;-122.9|-517.1;-110.8|-526.3;-98.6|-535.2;-85.8|-543.8;-72.3|-551.3;-59.1|-558.4;-45.5|-565.6;-30.3|-571.5;-16.8|-577.1;-3.1|-583.1;11.9|-588.9;27.3|-594.3;41.6,142|157|172|183|195|206|216|224|231|238|244|249|253|257|261|265|268|271|274|276,0|0|0|0|0|0|0|0|0|0|0|0|0|0|0|0|0|0|0|0,96|100|100|100|100|100|100|100|100|100|100|100|100|100|100|100|100|100|100|100,3|3|4|4|5|5|5|5|6|6|6|6|6|6|7|7|7|7|7|7,-0.0014|-0.0025|-0.0064|-0.0107|-0.0111|-0.0138|-0.0130|-0.0137|-0.0120|-0.0122|-0.0137|-0.0131|-0.0109|-0.0100|-0.0079|-0.0055|-0.0032|-0.0033|-0.0017|0.0002,0.074;0.054;-0.001;-0.001|0.037;0.049;-0.001;-0.001|0.046;0.036;-0.001;-0.001|0.055;0.041;-0.001;-0.001|0.069;0.050;-0.001;-0.001|0.042;0.030;-0.001;-0.001|0.035;0.027;-0.001;-0.001|0.032;0.025;-0.001;-0.001|0.036;0.029;-0.001;-0.001|0.026;0.021;-0.001;-0.001|0.026;0.020;-0.001;-0.001|0.025;0.020;-0.001;-0.001|0.022;0.018;-0.001;-0.000|0.020;0.017;-0.000;-0.000|0.019;0.016;-0.000;-0.000|0.018;0.016;-0.000;-0.000|0.017;0.016;-0.000;-0.000|0.017;0.016;-0.000;-0.000|0.017;0.016;-0.000;-0.000|0.016;0.016;-0.000;-0.000,-0.015|-0.004|0.011|0.006|-0.019|0.007|-0.023|-0.004|-0.013|0.001|0.004|0.013|-0.013|-0.018|0.008|0.007|0.003|0.005|-0.005|-0.007,1.20|1.23|1.09|1.16|1.38|1.03|0.98|0.91|1.03|0.75|0.68|0.62|0.57|0.52|0.46|0.44|0.43|0.41|0.39|0.37,0.3.1
AbuDhabi_Race_Mar20_001_L10,9,False,1,1,0.0,0.0,0,0,13.116,0.0,3576.77,178,4,61594,3729.05,146,4,64694,3950.45,187,4,69596,12.283,0.0,3891.55,164,4,68379,8002,0,83,13.5,13.4,0.0,16.7,0,0,0,0,0,0,0,0,0,0,0,False,0,0,0,False,52|53|60|60,57|80|60|70,56|74|62|70,86|88|92|93,58,30,55,50,3576|3596|3615|3635|3655|3674|3694|3714|3733|3753|3773|3792|3812|3832|3851|3871|3891|3910|3930|3950,61594|61994|62378|62778|63194|63594|63978|64394|64811|65295|65728|66178|66628|67062|67495|67945|68379|68812|69212|69596,-719.1;508.3|-721.0;529.0|-721.8;548.0|-720.7;567.6|-716.3;587.1|-709.1;603.6|-698.8;617.6|-684.1;629.1|-668.2;635.3|-649.6;636.7|-631.8;633.4|-614.5;626.9|-599.0;616.4|-586.7;602.9|-577.7;586.9|-572.0;568.9|-569.6;549.6|-570.4;529.4|-573.6;510.1|-578.5;491.2,178|179|177|175|171|166|159|151|145|143|146|149|151|152|154|159|164|171|179|187,0|0|0|0|0|0|0|0|0|0|0|0|0|0|0|0|0|0|0|0,53|35|27|27|27|21|20|23|38|45|48|48|47|47|53|60|65|72|73|84,4|4|4|4|4|4|4|4|4|4|4|4|4|4|4|4|4|4|4|4,-0.0024|-0.0085|-0.0243|-0.0362|-0.0466|-0.0763|-0.0994|-0.1069|-0.1006|-0.0590|-0.0350|-0.0578|-0.0640|-0.0561|-0.0474|-0.0405|-0.0340|-0.0252|-0.0181|-0.0065,0.011;0.010;-0.000;-0.000|0.005;0.004;-0.000;-0.000|0.004;0.002;0.000;-0.000|0.006;0.002;0.000;-0.000|0.007;0.001;0.000;-0.000|0.009;0.000;0.002;0.000|0.011;0.000;0.003;0.000|0.015;0.001;0.003;0.000|0.029;0.007;0.001;-0.000|0.024;0.009;-0.001;-0.000|0.016;0.009;-0.000;-0.000|0.022;0.009;-0.001;-0.000|0.024;0.010;-0.001;-0.000|0.023;0.009;-0.000;-0.000|0.021;0.011;-0.001;-0.000|0.024;0.013;-0.001;-0.000|0.026;0.015;-0.001;-0.000|0.027;0.017;-0.001;-0.000|0.024;0.017;-0.001;-0.000|0.024;0.021;-0.001;-0.001,-0.001|0.046|0.013|-0.013|-0.008|-0.008|-0.007|0.007|0.021|0.008|0.004|0.006|-0.020|-0.008|-0.036|-0.030|-0.026|-0.022|-0.017|-0.019,0.22|-0.05|-0.17|-0.19|-0.22|-0.36|-0.46|-0.44|-0.17|0.12|0.24|0.16|0.13|0.11|0.26|0.36|0.42|0.54|0.53|0.67,0.3.1
AbuDhabi_Race_Mar20_001_L10,10,True,1,1,0.0,0.0,0,0,9.45,0.0,4053.25,213,5,71379,4143.61,215,5,72896,4164.51,216,5,73263,8.984,0.0,0.0,0.0,0,0,1884,0,62,0.0,0.0,0.0,12.7,0,0,0,0,0,0,0,0,0,0,0,False,0,0,0,False,52|64|59|64,53|60|59|60,54|60|60|60,84|88|90|92,58,30,55,50,4052|4058|4064|4070|4076|4082|4087|4093|4099|4105|4111|4117|4122|4128|4134|4140|4146|4152|4157|4164,71379|71496|71579|71696|71796|71896|71979|72079|72179|72279|72379|72479|72546|72663|72763|72846|72963|73063|73163|73263,-608.7;392.8|-610.1;387.0|-611.5;381.3|-612.9;375.5|-614.1;369.7|-615.4;362.9|-616.3;358.0|-617.1;353.1|-617.9;347.2|-618.5;341.3|-619.0;335.4|-619.4;329.4|-619.5;324.4|-619.6;318.5|-619.4;312.5|-619.1;306.5|-618.5;300.5|-617.8;294.6|-616.9;288.7|-615.7;282.8,213|213|213|213|213|213|213|213|214|214|214|214|214|215|215|215|215|215|216|216,0|0|0|0|0|0|0|0|0|0|0|0|0|0|0|0|0|0|0|0,49|49|49|49|49|50|51|55|57|57|58|59|59|59|59|61|62|62|62|62,5|5|5|5|5|5|5|5|5|5|5|5|5|5|5|5|5|5|5|5,0.0087|0.0094|0.0096|0.0115|0.0149|0.0183|0.0195|0.0194|0.0192|0.0194|0.0205|0.0242|0.0253|0.0287|0.0292|0.0277|0.0252|0.0273|0.0292|0.0276,0.007;0.008;-0.000;-0.000|0.007;0.008;-0.000;-0.000|0.007;0.008;-0.000;-0.000|0.007;0.008;-0.000;-0.000|0.006;0.008;-0.000;-0.000|0.006;0.009;-0.000;-0.000|0.006;0.009;-0.000;-0.000|0.007;0.010;-0.000;-0.000|0.008;0.011;-0.000;-0.000|0.008;0.011;-0.000;-0.000|0.008;0.011;-0.000;-0.000|0.008;0.012;-0.000;-0.000|0.008;0.012;-0.000;-0.000|0.009;0.014;-0.000;-0.000|0.009;0.014;-0.000;-0.000|0.009;0.015;-0.000;-0.000|0.009;0.014;-0.000;-0.000|0.010;0.014;-0.000;-0.000|0.009;0.014;-0.000;-0.000|0.009;0.014;-0.000;-0.000,-0.003|0.005|0.004|0.012|0.004|0.012|0.001|0.004|0.002|-0.000|0.011|0.017|0.007|0.018|-0.007|0.001|-0.006|0.000|-0.001|-0.014,0.01|0.01|0.01|0.01|0.00|-0.00|0.00|0.05|0.07|0.08|0.08|0.08|0.07|0.06|0.06|0.09|0.11|0.11|0.11|0.11,0.3.1
AbuDhabi_Race_Mar20_001_L10,11,True,1,1,0.0,0.0,0,0,8.984,0.0,4165.5,216,5,73280,4165.5,216,5,73280,4264.74,223,5,74880,9.2,0.0,4240.27,222,5,74513,1600,0,69,0.0,0.0,0.0,0.8,0,0,0,0,0,0,0,0,0,0,0,False,0,0,0,False,54|60|60|60,54|60|60|60,57|59|62|59,84|88|90|92,58,30,55,50,4164|4170|4175|4180|4185|4191|4196|4201|4206|4211|4217|4222|4227|4232|4238|4243|4248|4253|4259|4264,73280|73363|73446|73546|73630|73713|73796|73880|73980|74063|74146|74213|74330|74413|74497|74563|74647|74730|74797|74880,-615.5;281.8|-614.4;276.9|-613.2;272.0|-611.5;266.2|-610.0;261.4|-608.4;256.6|-606.7;251.9|-604.9;247.2|-602.5;241.6|-600.4;236.9|-598.2;232.3|-595.9;227.8|-593.0;222.4|-590.4;217.9|-587.7;213.5|-585.5;210.1|-582.6;205.8|-579.6;201.6|-577.1;198.3|-573.9;194.2,216|216|216|217|217|218|218|218|219|219|220|220|221|221|222|222|223|223|223|223,0|0|0|0|0|0|0|0|0|0|0|0|0|0|0|0|0|0|0|0,62|62|63|63|63|64|65|66|67|68|68|68|68|69|68|69|68|67|63|40,5|5|5|5|5|5|5|5|5|5|5|5|5|5|5|5|5|5|5|5,0.0270|0.0241|0.0209|0.0210|0.0229|0.0244|0.0243|0.0223|0.0218|0.0223|0.0221|0.0220|0.0241|0.0255|0.0255|0.0243|0.0250|0.0252|0.0271|0.0341,0.009;0.014;-0.000;-0.000|0.010;0.014;-0.000;-0.000|0.010;0.014;-0.000;-0.000|0.010;0.013;-0.000;-0.000|0.010;0.014;-0.000;-0.000|0.010;0.014;-0.000;-0.000|0.010;0.015;-0.000;-0.000|0.010;0.015;-0.000;-0.000|0.011;0.015;-0.000;-0.000|0.011;0.016;-0.000;-0.000|0.011;0.016;-0.000;-0.000|0.011;0.016;-0.000;-0.000|0.011;0.016;-0.000;-0.000|0.011;0.015;-0.000;-0.000|0.010;0.014;-0.000;-0.000|0.010;0.014;-0.000;-0.000|0.010;0.014;-0.000;-0.000|0.009;0.013;-0.000;-0.000|0.008;0.012;-0.000;-0.000|0.003;0.007;-0.000;0.000,-0.017|-0.006|-0.006|-0.011|0.005|0.006|-0.001|-0.004|-0.008|0.002|-0.007|-0.001|0.007|-0.004|-0.009|-0.015|0.013|0.019|0.035|0.049,0.11|0.11|0.13|0.13|0.13|0.14|0.16|0.17|0.19|0.20|0.20|0.20|0.20|0.19|0.18|0.18|0.16|0.15|0.09|-0.21,0.3.1
AbuDhabi_Race_Mar20_001_L10,12,False,1,1,4269.98,221,5,74963,9.2,0.0,4266.86,223,5,74897,4378.96,94,2,77481,4438.31,119,2,79448,9.817,0.0,0.0,0.0,0,0,4551,45,59,0.0,0.0,0.0,0.4,0,0,0,0,0,0,0,0,0,0,0,False,0,0,0,False,57|59|62|59,64|62|65|59,64|60|65|60,84|87|90|91,58,30,55,50,4265|4274|4283|4292|4301|4310|4319|4329|4338|4347|4356|4365|4374|4383|4392|4401|4410|4420|4429|4438,74897|75047|75197|75347|75530|75713|75897|76114|76314|76564|76830|77130|77397|77597|77864|78214|78564|78881|79181|79448,-572.6;192.7|-567.2;186.5|-560.9;180.1|-553.9;173.8|-546.8;168.2|-539.2;162.8|-531.8;158.2|-523.2;153.5|-515.5;149.9|-506.5;146.3|-497.6;143.6|-488.3;142.2|-480.8;142.3|-475.6;143.3|-469.0;145.7|-461.0;150.7|-454.0;157.5|-448.7;165.1|-444.4;173.3|-441.2;181.3,223|218|210|199|188|177|167|157|146|132|119|106|96|94|95|98|102|107|113|119,0|25|38|40|44|40|32|38|41|41|37|29|16|0|0|0|0|0|0|0,35|14|10|10|9|9|8|8|7|7|6|6|8|28|36|41|44|52|56|59,5|5|5|5|5|4|4|3|3|3|2|2|2|2|2|2|2|2|2|2,0.0349|0.0310|0.0302|0.0293|0.0301|0.0264|0.0225|0.0243|0.0290|0.0399|0.0643|0.0958|0.1246|0.1156|0.1061|0.0925|0.0832|0.0669|0.0426|0.0197,0.002;0.006;-0.000;0.000|-0.008;-0.008;-0.007;-0.013|-0.014;-0.017;-0.011;-0.025|-0.015;-0.019;-0.011;-0.027|-0.018;-0.021;-0.011;-0.028|-0.017;-0.019;-0.013;-0.021|-0.017;-0.012;-0.007;-0.018|0.011;0.013;-0.012;-0.024|-0.019;-0.019;-0.014;-0.037|-0.023;-0.023;-0.015;-0.034|-0.018;-0.023;-0.014;-0.047|-0.016;-0.018;-0.011;-0.051|-0.011;-0.005;-0.006;-0.079|0.003;0.017;-0.000;-0.000|0.010;0.050;-0.000;-0.000|0.012;0.033;-0.000;-0.001|0.013;0.035;-0.000;-0.001|0.015;0.037;-0.001;-0.002|0.017;0.031;-0.001;-0.001|0.020;0.025;-0.001;-0.001,0.047|0.010|-0.011|0.001|-0.012|-0.003|-0.005|0.008|-0.045|0.002|-0.020|0.016|-0.005|0.131|-0.044|0.002|-0.007|-0.004|0.013|0.010,-0.31|-1.26|-1.71|-1.75|-1.85|-1.71|-1.36|-0.75|-1.62|-1.63|-1.38|-1.17|-0.90|0.01|0.14|0.29|0.37|0.58|0.65|0.64,0.3.1
AbuDhabi_Race_Mar20_001_L10,13,False,1,1,0.0,0.0,0,0,9.817,0.0,4445.61,124,2,79664,4512.03,108,2,81598,4557.92,126,2,83032,9.866,0.0,0.0,0.0,0,0,3368,0,64,0.0,0.0,0.0,0.3,0,0,0,0,0,0,0,0,0,0,0,False,0,0,0,False,63|59|65|60,64|80|63|67,61|77|63|67,83|86|89|90,58,30,55,50,4445|4451|4456|4462|4468|4474|4480|4486|4492|4498|4504|4510|4516|4522|4528|4534|4539|4545|4551|4557,79664|79831|79998|80148|80314|80481|80631|80798|80981|81165|81348|81548|81748|81965|82165|82348|82532|82698|82865|83032,-438.7;188.2|-436.7;193.7|-434.5;199.2|-432.1;204.1|-429.0;209.2|-425.5;213.9|-421.9;217.6|-417.7;221.2|-412.7;224.5|-407.6;227.2|-402.3;229.2|-396.5;230.6|-390.5;231.2|-383.9;230.9|-377.8;230.0|-372.0;228.8|-366.0;227.4|-360.4;226.0|-354.8;224.2|-349.4;222.1,124|128|130|129|127|124|121|118|115|112|109|108|108|109|113|118|123|126|127|126,0|0|0|0|0|0|0|0|0|0|0|0|0|0|0|0|0|0|0|0,60|60|36|21|13|12|12|12|12|16|27|37|40|47|58|63|64|45|31|24,2|2|2|2|2|2|2|2|2|2|2|2|2|2|2|2|2|2|2|2,-0.0062|-0.0294|-0.0540|-0.0845|-0.1081|-0.1288|-0.1467|-0.1591|-0.1771|-0.1825|-0.1819|-0.1693|-0.1232|-0.0459|-0.0211|-0.0196|-0.0166|-0.0360|-0.0529|-0.0652,0.022;0.021;-0.001;-0.001|0.024;0.017;-0.001;-0.001|0.014;0.006;-0.000;-0.000|0.011;0.001;0.001;-0.000|0.013;-0.001;0.003;0.000|0.016;-0.001;0.004;0.000|0.018;-0.000;0.006;0.001|0.017;0.001;0.007;0.001|0.020;0.001;0.007;0.001|0.024;0.002;0.005;0.001|0.045;0.008;0.004;0.000|0.070;0.015;0.001;-0.000|0.065;0.015;-0.001;-0.000|0.042;0.017;-0.002;-0.000|0.027;0.020;-0.001;-0.001|0.033;0.024;-0.001;-0.001|0.024;0.025;-0.001;-0.001|0.016;0.012;-0.001;-0.001|0.012;0.003;-0.000;-0.000|0.014;0.003;0.001;-0.000,0.027|0.026|0.025|0.024|0.026|0.031|0.020|-0.029|-0.035|-0.032|-0.025|0.031|0.029|0.032|-0.016|-0.021|0.039|-0.030|-0.020|-0.046,0.62|0.56|0.12|-0.19|-0.37|-0.48|-0.50|-0.47|-0.42|-0.40|-0.26|-0.07|0.09|0.43|0.63|0.73|0.71|0.33|0.07|-0.10,0.3.1
AbuDhabi_Race_Mar20_001_L10,14,False,1,1,0.0,0.0,0,0,9.866,0.0,4559.09,126,2,83065,4618.64,117,2,84699,4747.32,199,4,87733,9.633,0.0,4636.04,124,2,85199,4668,0,100,0.0,0.0,0.0,0.2,0,0,0,0,0,0,0,0,0,0,0,False,0,0,0,False,61|77|63|67,60|80|61|69,55|68|64|69,83|86|88|89,58,30,55,50,4558|4568|4578|4588|4598|4608|4618|4627|4637|4647|4657|4667|4677|4687|4697|4707|4716|4726|4736|4747,83065|83348|83632|83949|84182|84399|84699|84982|85266|85516|85799|86049|86299|86532|86749|86966|87166|87349|87549|87733,-348.3;221.6|-339.7;216.7|-331.4;210.4|-324.0;203.1|-319.1;196.8|-315.1;190.0|-311.7;181.3|-309.9;172.2|-309.1;162.6|-309.3;153.0|-310.4;143.0|-312.6;132.6|-315.3;123.2|-318.8;113.6|-322.7;104.6|-327.3;95.4|-332.0;86.8|-336.8;78.7|-342.4;69.7|-347.9;61.2,126|125|124|124|122|120|117|119|125|132|140|147|153|160|166|173|181|187|194|199,0|0|0|0|0|0|0|0|0|0|0|0|0|0|0|0|0|0|0|0,22|23|29|21|17|17|35|51|67|72|74|79|82|87|92|97|99|100|100|100,2|2|2|2|2|2|2|2|2|2|3|3|3|3|3|3|4|4|4|4,-0.0677|-0.0570|-0.0438|-0.0706|-0.0965|-0.1067|-0.0892|-0.0437|-0.0380|-0.0359|-0.0316|-0.0284|-0.0307|-0.0210|-0.0179|-0.0164|-0.0099|-0.0085|-0.0056|0.0022,0.016;0.002;0.000;-0.000|0.011;0.002;0.000;-0.000|0.010;0.004;-0.000;-0.000|0.008;0.001;0.001;-0.000|0.019;0.000;0.002;-0.000|0.027;0.004;0.003;0.000|0.045;0.011;0.000;-0.000|0.027;0.015;-0.001;-0.000|0.038;0.022;-0.001;-0.001|0.039;0.023;-0.002;-0.001|0.050;0.025;-0.002;-0.001|0.040;0.025;-0.001;-0.001|0.043;0.025;-0.001;-0.001|0.042;0.026;-0.001;-0.001|0.032;0.025;-0.001;-0.001|0.036;0.027;-0.001;-0.001|0.040;0.031;-0.001;-0.001|0.033;0.028;-0.001;-0.001|0.030;0.027;-0.001;-0.001|0.027;0.026;-0.001;-0.001,-0.081|0.006|0.001|0.059|-0.016|-0.023|0.001|0.029|-0.008|0.014|0.006|-0.004|0.004|0.009|0.001|0.005|0.002|-0.010|0.014|0.017,-0.12|-0.09|0.02|-0.12|-0.26|-0.25|0.01|0.45|0.71|0.74|0.77|0.78|0.79|0.80|0.85|0.87|1.02|0.97|0.90|0.84,0.3.1
AbuDhabi_Race_Mar20_001_L10,15,True,1,1,0.0,0.0,0,0,9.917,0.0,4779.9,216,5,88300,4886.62,193,5,90100,5005.27,183,5,92317,10.516,0.0,0.0,0.0,0,0,4017,0,52,0.6,0.0,0.0,1.6,0,0,0,0,0,0,0,0,0,0,0,False,0,0,0,False,53|65|64|68,65|63|68|64,65|59|65|60,82|86|88|89,58,30,55,50,4779|4790|4802|4814|4826|4838|4850|4862|4874|4886|4898|4909|4921|4933|4945|4957|4969|4981|4993|5005,88300|88483|88683|88883|89066|89266|89466|89683|89867|90100|90300|90500|90700|90917|91133|91383|91634|91850|92100|92317,-365.3;33.5|-371.0;23.9|-377.1;13.1|-382.9;2.2|-387.7;-7.9|-392.3;-19.0|-396.0;-30.1|-398.7;-42.3|-400.1;-53.4|-400.3;-65.2|-399.2;-75.8|-397.1;-86.0|-394.1;-95.8|-390.0;-105.9|-384.5;-116.4|-377.8;-127.0|-370.4;-137.4|-363.7;-146.3|-356.2;-155.7|-349.2;-164.4,216|221|224|221|217|213|209|204|199|193|189|185|183|182|181|182|184|185|186|183,0|0|0|0|0|0|0|0|0|0|0|0|0|0|0|0|0|0|0|0,100|100|32|8|6|5|5|5|5|6|8|20|32|37|45|51|52|51|27|2,5|5|5|5|5|5|5|5|5|5|5|5|5|5|5|5|5|5|5|5,0.0066|0.0067|0.0109|0.0200|0.0244|0.0352|0.0494|0.0634|0.0665|0.0615|0.0482|0.0493|0.0465|0.0435|0.0322|0.0141|0.0134|0.0055|0.0025|0.0058,0.023;0.026;-0.001;-0.001|0.022;0.025;-0.001;-0.001|0.003;0.004;-0.000;0.000|-0.002;-0.000;0.000;0.000|-0.003;-0.000;0.000;0.000|-0.003;0.001;0.000;0.001|-0.004;0.002;0.000;0.001|-0.004;0.002;0.000;0.002|-0.004;0.003;0.000;0.003|-0.003;0.003;0.000;0.002|-0.003;0.002;0.000;0.001|0.000;0.005;0.000;0.001|0.003;0.008;-0.000;0.000|0.004;0.010;-0.000;0.000|0.008;0.014;-0.000;-0.000|0.009;0.011;-0.000;-0.000|0.010;0.013;-0.000;-0.000|0.010;0.011;-0.000;-0.000|0.003;0.003;-0.000;-0.000|-0.003;-0.002;0.000;0.000,-0.006|-0.000|0.020|-0.013|-0.005|0.006|-0.001|0.016|0.013|0.040|-0.030|-0.152|-0.029|0.016|-0.041|-0.060|0.007|-0.002|0.026|0.017,0.78|0.74|-0.21|-0.48|-0.51|-0.54|-0.59|-0.62|-0.61|-0.60|-0.49|-0.34|-0.18|-0.10|0.04|0.17|0.20|0.18|-0.13|-0.38,0.3.1
AbuDhabi_Race_Mar20_001_L10,16,False,1,1,5011.2,181,5,92417,10.516,0.0,5023.41,168,5,92684,5080.39,88,2,94384,5214.39,153,3,98785,11.134,0.0,5176.84,118,2,97785,6368,52,96,0.1,0.0,0.0,0.6,0,0,0,0,0,0,0,0,0,0,0,False,0,0,0,False,64|58|65|60,61|57|62|58,57|54|63|61,82|85|87|88,58,30,55,50,5023|5033|5043|5053|5063|5073|5083|5093|5103|5113|5123|5133|5143|5153|5163|5173|5183|5194|5204|5214,92684|92917|93167|93434|93734|94117|94518|94918|95334|95701|96001|96301|96635|97035|97385|97702|98002|98268|98552|98785,-337.5;-178.3|-330.6;-186.0|-323.6;-193.4|-316.7;-200.2|-308.9;-207.0|-300.4;-213.3|-291.8;-218.4|-282.2;-222.3|-272.2;-224.9|-262.5;-226.0|-254.1;-225.0|-246.9;-222.6|-238.6;-217.9|-230.1;-210.6|-223.8;-203.0|-218.4;-194.8|-213.6;-186.0|-209.1;-176.8|-204.8;-167.4|-200.8;-158.6,168|152|138|124|110|96|88|90|95|96|96|96|99|103|109|115|124|134|144|153,49|40|44|36|32|28|0|0|0|0|0|0|0|0|0|0|0|0|0|0,0|0|0|0|0|0|20|34|35|19|23|30|37|44|50|62|76|82|88|96,5|5|4|4|3|2|2|2|2|2|2|2|2|2|2|2|2|2|3|3,0.0120|0.0089|0.0174|0.0218|0.0326|0.0361|0.0606|0.0485|0.0562|0.1112|0.1085|0.0935|0.0799|0.0643|0.0476|0.0320|0.0178|0.0075|0.0027|0.0009,-0.022;-0.024;-0.019;-0.025|-0.018;-0.021;-0.015;-0.015|-0.026;-0.027;-0.016;-0.023|-0.023;-0.024;-0.014;-0.019|-0.024;-0.021;-0.012;-0.023|-0.018;-0.016;-0.011;-0.015|0.003;0.008;-0.000;-0.000|0.009;0.015;-0.000;-0.001|0.009;0.015;-0.000;-0.000|0.001;0.014;-0.000;0.000|0.002;0.016;-0.000;-0.000|0.006;0.030;-0.000;-0.000|0.009;0.024;-0.000;-0.000|0.014;0.030;-0.000;-0.001|0.018;0.035;-0.001;-0.001|0.022;0.034;-0.001;-0.001|0.030;0.044;-0.001;-0.001|0.032;0.038;-0.001;-0.001|0.037;0.043;-0.001;-0.001|0.041;0.046;-0.001;-0.001,-0.009|0.114|0.010|0.005|-0.023|-0.014|-0.002|-0.021|-0.015|0.065|0.058|-0.004|-0.001|-0.009|-0.021|-0.009|-0.003|-0.032|-0.028|-0.037,-1.92|-1.68|-1.73|-1.43|-1.28|-1.07|0.05|0.28|0.28|-0.05|-0.02|0.10|0.25|0.40|0.51|0.72|0.90|0.94|1.00|1.12,0.3.1
AbuDhabi_Race_Mar20_001_L11,1,False,1,1,266.58,273,7,3933,12.417,0.0,299.8,239,7,4400,392.83,139,4,6233,516.86,194,5,9033,12.084,0.0,444.85,143,4,7483,5100,62,100,0.9,0.0,0.0,7.1,0,0,0,0,0,0,0,0,0,0,0,False,0,0,0,False,47|47|58|58,53|60|57|62,52|66|63|69,80|83|86|87,58,30,55,50,299|310|322|333|345|356|367|379|390|402|413|425|436|447|459|470|482|493|504|516,4400|4566|4766|4966|5166|5400|5650|5933|6200|6466|6733|6983|7250|7566|7850|8100|8350|8583|8816|9033,-46.6;173.4|-41.5;184.1|-36.6;194.3|-31.4;204.7|-26.3;214.1|-20.0;224.0|-12.9;233.2|-3.8;242.1|4.9;248.1|13.7;252.2|23.6;254.9|33.2;255.9|44.2;255.2|56.4;252.2|66.5;248.2|76.8;243.0|86.7;237.2|96.2;231.2|106.1;224.7|115.6;218.4,239|228|215|201|187|174|160|147|140|139|139|139|140|144|151|159|169|178|186|194,35|45|51|48|43|41|31|19|0|0|0|0|0|0|0|0|0|0|0|0,6|6|6|6|6|6|6|11|30|44|48|53|60|70|84|95|100|100|100|100,7|7|6|6|6|5|5|4|4|4|4|4|4|4|4|4|4|4|4|5,0.0004|-0.0019|-0.0064|-0.0156|-0.0237|-0.0399|-0.0535|-0.0765|-0.0939|-0.0702|-0.1008|-0.0886|-0.0755|-0.0447|-0.0318|-0.0182|-0.0095|-0.0031|-0.0002|0.0015,-0.012;-0.012;-0.010;-0.011|-0.015;-0.015;-0.013;-0.014|0.001;0.000;-0.019;-0.015|-0.018;-0.018;-0.020;-0.015|-0.018;-0.019;-0.026;-0.013|-0.019;-0.020;-0.034;-0.013|-0.016;-0.017;-0.049;-0.010|-0.008;-0.010;-0.040;-0.007|0.020;0.004;0.001;0.000|0.028;0.009;-0.000;-0.000|0.040;0.012;0.000;-0.000|0.050;0.015;-0.001;-0.000|0.047;0.017;-0.002;-0.000|0.039;0.020;-0.001;-0.000|0.046;0.026;-0.001;-0.001|0.050;0.032;-0.001;-0.001|0.044;0.034;-0.001;-0.001|0.035;0.035;-0.001;-0.001|0.030;0.031;-0.001;-0.001|0.027;0.028;-0.001;-0.001,0.011|0.017|0.009|-0.016|-0.040|-0.004|-0.007|0.017|0.013|0.021|-0.001|0.004|0.017|0.006|-0.002|-0.011|-0.001|0.012|0.000|0.031,-1.69|-1.96|-1.30|-2.00|-1.79|-1.72|-1.43|-1.03|-0.24|0.07|0.05|0.14|0.29|0.58|0.82|1.00|1.12|1.01|0.98|0.89,0.3.1
AbuDhabi_Race_Mar20_001_L11,2,True,1,1,0.0,0.0,0,0,12.084,0.0,580.12,224,6,10116,663.81,230,6,11383,716.14,235,6,12183,12.567,0.0,702.09,231,6,11966,2067,0,100,1.4,0.0,0.0,4.3,0,0,0,0,0,0,0,0,0,0,0,False,0,0,0,False,50|61|62|67,57|80|68|79,59|87|70|84,80|83|86|87,58,30,55,50,579|586|594|601|608|615|622|629|636|644|651|658|665|672|679|687|694|701|708|716,10116|10250|10366|10483|10583|10700|10816|10916|11016|11133|11233|11333|11433|11533|11649|11749|11849|11966|12066|12183,168.7;183.9|175.5;179.1|180.6;175.4|186.5;170.7|191.4;166.5|197.6;160.5|202.1;155.7|206.3;150.7|210.8;144.5|214.9;138.1|217.5;133.4|220.4;127.7|222.9;121.8|225.1;115.8|227.4;107.6|228.9;101.5|230.1;95.2|231.1;87.8|231.7;81.4|232.2;73.8,224|227|229|231|233|235|235|235|235|234|232|231|230|229|228|229|230|231|233|235,0|0|0|0|0|0|0|0|0|0|0|0|0|0|0|0|0|0|0|0,100|100|100|100|100|99|92|80|77|71|69|69|69|71|79|88|94|99|100|100,6|6|6|6|6|6|6|6|6|6|6|6|6|6|6|6|6|6|6|6,-0.0130|-0.0202|-0.0271|-0.0309|-0.0376|-0.0467|-0.0479|-0.0496|-0.0572|-0.0688|-0.0702|-0.0688|-0.0578|-0.0461|-0.0452|-0.0435|-0.0390|-0.0300|-0.0241|-0.0162,0.024;0.021;-0.001;-0.001|0.026;0.020;-0.001;-0.001|0.027;0.019;-0.001;-0.001|0.030;0.019;-0.001;-0.000|0.031;0.018;-0.001;-0.000|0.038;0.020;-0.001;-0.000|0.036;0.017;-0.001;-0.000|0.028;0.013;-0.000;-0.000|0.031;0.013;0.000;-0.000|0.027;0.011;0.001;-0.000|0.029;0.012;0.001;-0.000|0.033;0.013;0.001;-0.000|0.029;0.011;0.000;-0.000|0.028;0.012;-0.000;-0.000|0.035;0.017;-0.000;-0.000|0.036;0.019;-0.001;-0.000|0.036;0.020;-0.001;-0.000|0.037;0.021;-0.001;-0.000|0.035;0.021;-0.001;-0.000|0.029;0.020;-0.001;-0.000,0.024|0.008|0.016|0.004|-0.003|-0.030|-0.001|0.005|-0.027|0.001|-0.015|-0.036|-0.025|-0.020|-0.055|-0.014|-0.011|-0.019|-0.026|-0.013,0.66|0.61|0.59|0.54|0.49|0.42|0.30|0.06|-0.01|-0.17|-0.20|-0.21|-0.15|-0.07|0.15|0.26|0.41|0.51|0.55|0.59,0.3.1
AbuDhabi_Race_Mar20_001_L11,3,True,1,1,0.0,0.0,0,0,12.567,0.0,724.92,238,6,12316,909.12,245,6,14983,999.2,262,7,16283,13.0,0.0,838.43,237,6,13983,3967,0,100,0.8,0.0,0.0,2.1,0,0,0,0,0,0,0,0,0,0,0,False,0,0,0,False,58|86|70|83,91|78|88|82,87|73|87|79,80|84|86|87,58,30,55,50,723|738|752|767|781|796|810|825|839|854|868|883|897|912|926|941|955|969|984|999,12316|12549|12733|12966|13166|13383|13583|13799|14016|14216|14433|14616|14833|15049|15266|15466|15683|15883|16066|16283,232.3;65.0|232.2;50.6|232.3;37.0|233.2;22.2|235.3;8.9|238.9;-5.0|244.1;-18.4|250.0;-30.1|257.7;-42.1|266.6;-53.3|275.9;-62.8|286.2;-71.4|298.3;-79.6|310.3;-86.1|324.0;-91.8|337.2;-95.8|351.9;-99.0|365.9;-100.9|380.1;-102.4|394.6;-103.6,238|242|246|244|241|237|236|237|237|238|240|242|243|245|247|249|252|255|259|262,0|0|0|0|0|0|0|0|0|0|0|0|0|0|0|0|0|0|0|0,100|100|88|52|46|62|81|84|87|93|99|100|100|100|100|100|100|100|100|100,6|6|6|6|6|6|6|6|6|6|6|6|6|6|6|6|6|6|6|7,-0.0086|0.0114|0.0258|0.0474|0.0535|0.0524|0.0512|0.0543|0.0478|0.0521|0.0469|0.0522|0.0561|0.0516|0.0392|0.0322|0.0223|0.0107|-0.0003|-0.0013,0.025;0.020;-0.001;-0.000|0.020;0.021;-0.001;-0.000|0.015;0.021;-0.000;-0.000|0.006;0.012;-0.000;0.000|0.005;0.012;-0.000;0.001|0.008;0.017;-0.000;0.000|0.014;0.030;-0.000;-0.000|0.016;0.033;-0.000;-0.000|0.016;0.030;-0.000;-0.001|0.016;0.029;-0.000;-0.000|0.019;0.036;-0.000;-0.001|0.020;0.038;-0.000;-0.001|0.021;0.041;-0.000;-0.001|0.020;0.038;-0.000;-0.001|0.018;0.031;-0.000;-0.001|0.018;0.030;-0.000;-0.001|0.018;0.026;-0.000;-0.001|0.018;0.026;-0.000;-0.001|0.018;0.019;-0.000;-0.000|0.017;0.018;-0.000;-0.000,-0.010|0.002|0.005|0.010|0.000|0.005|0.122|-0.003|-0.017|-0.033|0.011|-0.005|-0.020|-0.022|0.009|-0.012|-0.044|-0.028|-0.016|0.002,0.59|0.58|0.36|-0.29|-0.39|-0.19|0.08|0.18|0.32|0.27|0.40|0.38|0.36|0.37|0.40|0.42|0.46|0.48|0.51|0.48,0.3.1
AbuDhabi_Race_Mar20_001_L11,4,True,1,1,1128.03,282,7,17933,13.0,0.0,1002.92,263,7,16316,1072.98,276,7,17249,1151.66,250,7,18266,13.15,0.0,1035.62,270,7,16749,1950,0,100,2.3,0.0,0.0,0.3,0,0,0,0,0,0,0,0,0,0,0,False,0,0,0,False,87|72|87|79,77|67|79|75,72|64|74|72,81|84|87|88,58,30,55,50,1002|1010|1018|1026|1034|1041|1049|1057|1065|1073|1080|1088|1096|1104|1112|1119|1127|1135|1143|1151,16316|16449|16549|16649|16749|16849|16949|17066|17166|17266|17349|17449|17549|17649|17749|17849|17933|18049|18133|18266,398.2;-103.9|408.0;-104.8|414.1;-105.4|422.7;-106.3|430.2;-107.1|436.4;-107.8|443.9;-108.8|452.6;-110.1|460.2;-111.4|467.7;-112.8|475.2;-114.4|481.5;-115.8|489.1;-117.6|496.6;-119.6|505.4;-122.1|511.6;-124.0|519.1;-126.4|526.5;-128.9|533.6;-131.4|541.4;-134.2,263|265|266|268|270|271|272|274|275|276|277|278|280|281|282|283|282|276|265|250,0|0|0|0|0|0|0|0|0|0|0|0|0|0|0|0|12|58|90|90,100|100|100|100|100|100|100|100|100|100|100|100|100|100|100|88|49|12|5|3,7|7|7|7|7|7|7|7|7|7|7|7|7|7|7|7|7|7|7|7,-0.0015|-0.0034|-0.0051|-0.0052|-0.0063|-0.0091|-0.0121|-0.0117|-0.0117|-0.0108|-0.0099|-0.0111|-0.0102|-0.0092|-0.0085|-0.0089|-0.0075|-0.0064|-0.0057|-0.0059,0.017;0.017;-0.000;-0.000|0.019;0.018;-0.000;-0.000|0.019;0.015;-0.000;-0.000|0.019;0.016;-0.000;-0.000|0.019;0.016;-0.000;-0.000|0.019;0.016;-0.000;-0.000|0.020;0.016;-0.000;-0.000|0.018;0.015;-0.000;-0.000|0.018;0.015;-0.000;-0.000|0.018;0.015;-0.000;-0.000|0.018;0.015;-0.000;-0.000|0.017;0.014;-0.000;-0.000|0.017;0.014;-0.000;-0.000|0.016;0.014;-0.000;-0.000|0.016;0.014;-0.000;-0.000|0.013;0.011;-0.000;-0.000|0.002;0.001;-0.004;-0.003|-0.016;-0.015;-0.016;-0.014|-0.027;-0.025;-0.028;-0.024|-0.031;-0.029;-0.032;-0.026,0.010|-0.043|-0.085|0.040|0.008|0.000|-0.033|0.002|-0.011|0.021|-0.006|0.024|0.019|0.035|0.023|0.001|-0.018|0.010|0.019|0.015,0.47|0.45|0.41|0.45|0.41|0.41|0.39|0.37|0.37|0.37|0.34|0.35|0.33|0.33|0.32|0.17|-0.65|-2.43|-3.52|-3.52,0.3.1
AbuDhabi_Race_Mar20_001_L11,5,False,1,1,1332.85,171,4,22307,13.084,0.0,1313.79,169,4,21907,1472.85,83,2,26457,1581.05,147,3,30057,13.116,0.0,1549.96,122,2,29207,8150,45,79,1.1,0.0,0.0,15.4,0,0,0,0,0,0,0,0,0,0,0,False,0,0,0,False,60|57|64|64,56|62|58|62,52|57|58|60,81|84|86|87,58,30,55,50,1313|1327|1341|1355|1369|1383|1397|1412|1426|1440|1454|1468|1482|1496|1510|1524|1538|1552|1566|1581,21907|22207|22507|22823|23207|23623|24073|24557|25007|25490|25907|26323|26773|27307|27890|28390|28857|29307|29673|30057,689.6;-200.2|702.7;-205.9|715.6;-211.6|728.0;-217.3|741.2;-223.7|753.5;-230.1|765.5;-237.4|776.6;-247.2|784.0;-259.0|787.5;-271.8|787.1;-283.0|783.8;-292.8|777.8;-301.4|768.1;-309.4|754.5;-315.5|741.1;-318.4|727.0;-319.4|712.6;-319.2|698.8;-318.5|684.4;-317.5,169|172|164|146|128|113|111|109|105|100|94|85|83|86|94|104|114|124|135|147,0|0|33|45|30|17|0|0|0|2|9|7|0|0|0|0|0|0|0|0,72|30|11|10|9|10|21|12|7|4|4|4|21|30|50|51|56|66|73|80,4|4|3|3|3|2|2|2|2|2|2|2|2|2|2|2|2|2|2|3,0.0006|-0.0024|-0.0027|-0.0049|-0.0085|-0.0168|-0.0481|-0.0798|-0.0852|-0.0978|-0.1019|-0.0993|-0.0856|-0.0716|-0.0524|-0.0408|-0.0191|-0.0097|-0.0043|-0.0018,0.020;0.020;-0.001;-0.001|0.003;0.003;-0.000;-0.000|-0.013;-0.013;-0.012;-0.012|-0.020;-0.020;-0.019;-0.017|-0.014;-0.014;-0.013;-0.012|-0.058;-0.057;-0.007;-0.005|0.008;0.002;0.000;-0.000|0.010;-0.002;0.000;0.000|0.008;-0.005;0.001;0.000|0.008;-0.007;-0.002;-0.001|0.002;-0.010;-0.011;-0.003|0.003;-0.010;-0.008;-0.003|0.012;0.002;-0.000;-0.000|0.017;0.006;-0.000;-0.000|0.031;0.016;-0.001;-0.000|0.028;0.018;-0.001;-0.001|0.025;0.020;-0.001;-0.001|0.028;0.024;-0.001;-0.001|0.027;0.025;-0.001;-0.001|0.027;0.027;-0.001;-0.001,-0.003|-0.004|0.010|0.005|0.002|-0.009|-0.037|-0.027|-0.028|0.004|-0.005|0.033|-0.016|0.018|0.014|0.004|-0.020|-0.008|-0.010|-0.021,0.62|-0.07|-1.33|-1.67|-1.15|-1.19|-0.01|-0.20|-0.26|-0.36|-0.57|-0.46|0.05|0.19|0.52|0.61|0.61|0.74|0.78|0.88,0.3.1
AbuDhabi_Race_Mar20_001_L11,6,False,1,1,2511.26,227,7,45406,9.017,0.0,2531.24,200,7,45740,2683.29,66,2,50723,2697.41,72,2,51456,8.2,0.0,0.0,0.0,0,0,6050,80,38,1.7,0.0,0.0,31.3,0,0,0,0,0,0,0,0,0,0,0,False,0,0,0,False,43|44|48|48,49|55|52|54,49|55|52|55,77|79|82|83,58,30,55,50,2530|2539|2548|2556|2565|2574|2583|2592|2600|2609|2618|2627|2635|2644|2653|2662|2671|2679|2688|2697,45740|45906|46073|46273|46490|46706|46940|47206|47473|47756|48073|48390|48756|49156|49623|49940|50173|50556|51023|51456,-265.1;-305.8|-274.0;-305.8|-282.1;-305.8|-291.1;-305.9|-300.1;-306.0|-308.6;-306.0|-317.2;-306.0|-326.5;-306.0|-335.1;-305.9|-343.7;-305.9|-352.6;-305.8|-361.1;-305.6|-370.2;-304.7|-378.8;-301.9|-386.5;-296.0|-390.0;-290.7|-391.6;-286.5|-392.4;-279.3|-390.8;-270.7|-387.2;-262.7,200|183|167|156|145|136|128|120|112|105|98|93|85|78|72|70|69|67|68|72,78|80|55|38|33|29|22|24|21|17|16|16|17|4|2|0|0|0|0|0,7|6|6|6|6|6|7|7|10|10|12|12|11|10|10|10|10|10|35|36,7|7|6|6|6|5|5|4|4|3|2|2|2|2|2|2|2|2|2|2,0.0001|0.0016|0.0011|-0.0002|-0.0010|-0.0020|-0.0013|-0.0008|-0.0006|-0.0008|-0.0025|-0.0243|-0.0874|-0.1304|-0.1466|-0.1420|-0.1406|-0.1408|-0.0936|-0.0456,-0.035;-0.034;-0.032;-0.031|-0.042;-0.043;-0.036;-0.037|-0.032;-0.033;-0.022;-0.022|-0.018;-0.017;-0.015;-0.016|-0.004;-0.004;-0.014;-0.013|-0.014;-0.014;-0.013;-0.012|-0.011;-0.011;-0.009;-0.009|-0.012;-0.013;-0.011;-0.010|-0.010;-0.010;-0.009;-0.009|-0.008;-0.009;-0.008;-0.007|-0.058;-0.059;-0.007;-0.006|-0.005;-0.006;-0.009;-0.007|-0.003;-0.008;-0.017;-0.007|0.010;-0.005;-0.005;-0.002|0.014;-0.004;-0.003;-0.001|0.057;0.003;-0.002;0.000|0.015;0.003;-0.000;-0.000|0.011;-0.003;0.000;0.000|0.026;0.007;-0.000;-0.000|0.019;0.009;-0.000;-0.000,0.004|0.003|-0.003|0.010|-0.005|-0.007|0.002|0.001|-0.003|0.004|0.010|-0.012|0.001|0.011|-0.004|-0.208|-0.039|-0.020|0.036|0.025,-2.94|-2.94|-2.22|-1.52|-1.06|-1.18|-0.92|-0.97|-0.81|-0.70|-1.07|-0.55|-0.65|-0.32|-0.29|-0.05|0.10|-0.18|0.19|0.29,0.3.1
AbuDhabi_Race_Mar20_001_L11,7,False,1,1,0.0,0.0,0,0,8.2,0.0,2698.42,73,2,51523,2735.42,75,2,53140,2766.49,98,2,54456,7.5,0.0,0.0,0.0,0,0,2933,0,55,0.0,0.0,0.0,0.1,0,0,0,0,0,0,0,0,0,0,0,False,0,0,0,False,49|55|52|55,52|54|54|55,52|53|55|56,76|79|82|82,58,30,55,50,2698|2701|2705|2709|2712|2716|2719|2723|2727|2730|2734|2737|2741|2744|2748|2752|2755|2759|2762|2766,51523|51706|51856|52023|52223|52390|52540|52690|52823|52940|53073|53256|53423|53590|53756|53906|54040|54206|54323|54456,-386.7;-261.8|-384.9;-258.5|-383.3;-255.4|-381.8;-252.3|-380.5;-248.6|-379.7;-245.2|-379.4;-242.0|-379.5;-238.9|-379.8;-236.1|-380.5;-233.4|-381.4;-230.8|-382.8;-227.6|-384.6;-224.6|-386.7;-221.6|-389.1;-218.6|-391.8;-215.8|-394.1;-213.6|-397.0;-211.1|-399.7;-209.0|-402.6;-206.8,73|74|75|76|76|76|75|75|74|74|75|76|77|80|82|85|88|91|94|98,0|0|0|0|0|0|0|0|0|0|0|0|0|0|0|0|0|0|0|0,33|27|27|22|21|17|15|15|21|22|24|38|43|47|49|52|55|55|55|55,2|2|2|2|2|2|2|2|2|2|2|2|2|2|2|2|2|2|2|2,-0.0380|-0.0041|0.0467|0.1030|0.1395|0.1433|0.1468|0.1470|0.1424|0.1362|0.1279|0.1121|0.0967|0.0821|0.0725|0.0638|0.0547|0.0445|0.0382|0.0302,0.015;0.007;-0.000;-0.000|0.009;0.008;-0.000;-0.000|0.006;0.010;-0.000;-0.000|0.002;0.014;-0.000;0.000|0.002;0.023;-0.000;0.000|0.000;0.022;-0.000;0.000|-0.001;0.025;0.000;0.000|-0.001;0.021;0.000;0.000|0.002;0.033;-0.000;-0.000|0.003;0.038;-0.000;-0.000|0.004;0.024;-0.000;-0.000|0.009;0.026;-0.000;-0.001|0.011;0.024;-0.000;-0.001|0.013;0.033;-0.000;-0.001|0.015;0.033;-0.000;-0.001|0.017;0.049;-0.001;-0.001|0.019;0.051;-0.001;-0.001|0.020;0.038;-0.001;-0.001|0.021;0.031;-0.001;-0.001|0.023;0.027;-0.001;-0.001,0.003|-0.014|-0.018|-0.016|-0.009|-0.009|-0.031|-0.057|-0.036|0.005|0.007|0.051|0.039|0.022|0.011|-0.011|-0.022|-0.001|0.009|0.052,0.23|0.18|0.16|0.03|-0.04|-0.09|-0.14|-0.15|-0.04|-0.02|0.03|0.25|0.33|0.41|0.48|0.53|0.62|0.64|0.63|0.66,0.3.1
AbuDhabi_Race_Mar20_001_L11,8,True,1,1,0.0,0.0,0,0,7.5,0.0,2792.39,117,2,55323,2902.91,157,3,58156,3092.07,217,5,61806,5.483,0.0,2989.34,183,4,59956,6483,0,92,0.0,0.0,0.0,0.3,0,0,0,0,0,0,0,0,0,0,0,False,0,0,0,False,51|52|55|56,48|50|53|54,45|46|52|54,75|78|81|81,58,30,55,50,2791|2807|2822|2838|2854|2870|2886|2901|2917|2933|2949|2964|2980|2996|3012|3028|3043|3059|3075|3092,55323|55790|56223|56606|57023|57406|57773|58139|58489|58839|59156|59489|59789|60089|60406|60689|60989|61239|61523|61806,-424.3;-192.5|-437.0;-184.2|-449.9;-175.5|-462.2;-166.6|-474.6;-156.7|-486.4;-146.4|-497.4;-135.8|-508.2;-124.2|-518.1;-112.2|-527.6;-99.4|-536.0;-87.0|-544.6;-73.2|-552.1;-60.3|-559.7;-46.0|-566.6;-32.0|-572.9;-18.2|-579.5;-3.2|-585.2;10.7|-591.2;26.0|-596.9;40.9,117|125|133|139|145|148|152|157|162|168|172|177|181|185|189|194|200|205|212|217,0|0|0|0|0|0|0|0|0|0|0|0|0|0|0|0|0|0|0|0,52|52|52|55|51|44|58|60|61|61|62|64|64|66|70|75|80|86|89|92,2|2|3|3|3|3|3|3|3|4|4|4|4|4|4|4|5|5|5|5,-0.0025|-0.0031|-0.0083|-0.0117|-0.0110|-0.0124|-0.0149|-0.0136|-0.0127|-0.0109|-0.0094|-0.0083|-0.0082|-0.0090|-0.0071|-0.0040|-0.0062|-0.0043|-0.0028|-0.0023,0.019;0.018;-0.001;-0.001|0.017;0.016;-0.000;-0.000|0.016;0.015;-0.000;-0.000|0.017;0.015;-0.001;-0.000|0.014;0.012;-0.000;-0.000|0.010;0.008;-0.000;-0.000|0.016;0.013;-0.000;-0.000|0.016;0.013;-0.000;-0.000|0.015;0.013;-0.000;-0.000|0.017;0.014;-0.000;-0.000|0.016;0.014;-0.000;-0.000|0.016;0.014;-0.000;-0.000|0.015;0.013;-0.000;-0.000|0.015;0.013;-0.000;-0.000|0.016;0.014;-0.000;-0.000|0.017;0.016;-0.000;-0.000|0.020;0.018;-0.001;-0.000|0.021;0.020;-0.001;-0.001|0.021;0.020;-0.001;-0.001|0.021;0.020;-0.001;-0.001,-0.001|-0.001|0.014|0.010|-0.003|0.008|-0.001|-0.001|0.003|-0.000|0.004|0.009|-0.004|-0.007|-0.001|0.014|0.005|0.003|-0.003|-0.001,0.53|0.47|0.43|0.43|0.35|0.20|0.39|0.39|0.36|0.41|0.40|0.41|0.38|0.37|0.41|0.46|0.55|0.61|0.62|0.63,0.3.1
AbuDhabi_Race_Mar20_001_L11,9,False,1,1,3527.18,246,7,68174,3.95,0.0,3576.9,199,7,68994,3757.49,104,3,74278,3950.6,142,2,80196,0.534,0.0,3939.07,136,2,79896,12022,100,74,1.9,0.0,0.0,4.0,1,0,0,0,1,0,0,0,0,0,0,False,0,0,0,False,43|44|51|52,50|54|52|54,48|51|50|53,74|76|79|80,58,30,55,50,3576|3596|3615|3635|3655|3674|3694|3714|3733|3753|3773|3792|3812|3832|3851|3871|3891|3910|3930|3950,68994|69394|69894|70478|71111|71711|72328|72928|73528|74162|74812|75445|76095|76712|77329|77946|78546|79129|79663|80196,-719.1;508.4|-721.0;528.3|-722.8;547.7|-723.2;567.9|-719.4;587.1|-711.0;604.2|-699.0;618.2|-684.3;628.6|-667.5;635.3|-649.6;638.1|-630.8;636.3|-613.3;629.8|-597.3;618.7|-584.6;604.7|-575.0;588.0|-568.9;568.6|-567.1;549.4|-568.6;529.4|-572.4;509.8|-578.0;491.0,199|157|130|115|113|109|108|108|107|105|105|107|109|111|114|117|121|127|133|142,39|85|25|5|3|4|0|0|1|0|0|0|0|0|0|0|0|0|0|0,17|8|6|17|23|16|28|21|18|17|28|28|30|28|31|32|40|45|45|76,7|7|6|5|4|4|4|3|3|3|3|3|3|2|2|2|2|2|2|2,0.0017|0.0022|-0.0112|-0.0433|-0.0519|-0.0484|-0.0503|-0.0474|-0.0461|-0.0489|-0.0510|-0.0495|-0.0461|-0.0392|-0.0413|-0.0411|-0.0306|-0.0203|-0.0207|-0.0036,-0.012;-0.012;-0.013;-0.013|-0.146;-0.137;-0.283;-0.381|-0.011;-0.011;-0.012;-0.010|0.001;-0.002;-0.004;-0.002|0.005;-0.000;-0.003;-0.001|0.002;-0.002;-0.003;-0.002|0.009;0.003;-0.000;-0.000|0.007;0.002;-0.000;-0.000|0.004;-0.000;-0.001;-0.000|0.005;0.000;0.000;-0.000|0.010;0.004;-0.000;-0.000|0.010;0.004;-0.000;-0.000|0.010;0.004;-0.000;-0.000|0.010;0.005;-0.000;-0.000|0.011;0.006;-0.000;-0.000|0.012;0.006;-0.000;-0.000|0.015;0.009;-0.000;-0.000|0.015;0.011;-0.000;-0.000|0.014;0.010;-0.000;-0.000|0.026;0.023;-0.001;-0.001,-0.006|0.028|0.005|-0.032|-0.014|-0.007|-0.002|0.022|0.003|-0.002|0.002|-0.000|-0.014|-0.002|-0.025|-0.015|-0.013|-0.022|-0.013|-0.011,-1.50|-2.92|-0.76|-0.30|-0.15|-0.23|0.04|-0.02|-0.11|-0.08|0.06|0.06|0.09|0.10|0.13|0.14|0.27|0.33|0.27|0.69,0.3.1
AbuDhabi_Race_Mar20_001_L11,10,True,1,1,4110.4,207,5,83297,0.433,0.0,4052.99,206,5,82313,4129.72,187,5,83647,4164.44,160,5,84381,0.4,0.0,0.0,0.0,0,0,2068,42,0,0.1,0.0,0.0,2.7,0,0,0,0,0,0,0,0,0,0,0,False,0,0,0,False,45|48|54|56,47|48|54|53,47|48|54|52,72|75|77|78,58,30,55,50,4052|4058|4064|4070|4076|4082|4087|4093|4099|4105|4111|4117|4122|4128|4134|4140|4146|4152|4157|4164,82313|82430|82514|82630|82730|82830|82930|83030|83130|83197|83314|83414|83530|83630|83747|83864|83997|84114|84247|84381,-608.6;393.1|-610.3;386.6|-611.7;380.9|-612.9;375.3|-614.1;369.6|-615.2;363.8|-616.2;358.1|-617.1;352.3|-617.8;346.6|-618.4;341.7|-618.9;336.0|-619.2;330.3|-619.3;323.9|-619.3;318.6|-619.1;312.6|-618.7;306.8|-618.0;300.3|-617.4;294.9|-616.5;288.8|-615.5;282.9,206|208|208|209|209|209|209|210|209|209|207|201|194|188|182|177|171|167|163|160,0|0|0|0|0|0|0|0|0|0|21|41|36|34|30|23|21|20|11|3,88|58|54|54|54|54|53|51|39|26|13|7|5|5|3|3|1|0|0|0,5|5|5|5|5|5|5|5|5|5|5|5|5|5|5|5|5|5|5|5,0.0094|0.0109|0.0133|0.0142|0.0150|0.0150|0.0150|0.0161|0.0194|0.0232|0.0279|0.0253|0.0230|0.0234|0.0225|0.0213|0.0174|0.0154|0.0134|0.0114,0.026;0.030;-0.001;-0.001|0.010;0.011;-0.000;-0.000|0.009;0.010;-0.000;-0.000|0.008;0.010;-0.000;-0.000|0.008;0.010;-0.000;-0.000|0.008;0.010;-0.000;-0.000|0.008;0.009;-0.000;-0.000|0.007;0.009;-0.000;-0.000|0.004;0.006;-0.000;-0.000|0.001;0.003;-0.000;0.000|-0.007;-0.006;-0.006;-0.010|-0.015;-0.015;-0.011;-0.019|-0.015;-0.015;-0.010;-0.016|-0.015;-0.015;-0.010;-0.016|-0.014;-0.014;-0.009;-0.015|-0.011;-0.011;-0.007;-0.010|-0.011;-0.010;-0.006;-0.009|-0.011;-0.010;-0.006;-0.008|-0.008;-0.007;-0.004;-0.005|-0.005;-0.004;-0.001;-0.001,-0.005|0.008|0.009|0.009|-0.003|0.002|-0.006|0.008|0.013|0.016|0.010|-0.002|-0.008|0.003|-0.009|-0.004|-0.011|-0.006|-0.008|-0.009,1.10|0.18|0.09|0.09|0.08|0.08|0.08|0.05|-0.11|-0.26|-1.04|-1.77|-1.62|-1.56|-1.42|-1.15|-1.06|-1.02|-0.74|-0.47,0.3.1
AbuDhabi_Race_Mar20_001_L11,11,True,1,1,0.0,0.0,0,0,0.4,0.0,4165.18,160,5,84397,4233.65,159,3,85964,4251.71,156,3,86348,0.416,0.0,0.0,0.0,0,0,1951,3,24,0.0,0.0,0.0,0.4,0,0,0,0,0,0,0,0,0,0,0,False,0,0,0,False,47|48|54|52,48|48|53|51,49|48|53|51,72|75|77|78,58,30,55,50,4164|4170|4175|4180|4185|4191|4196|4201|4206|4211|4217|4222|4227|4232|4238|4243|4248|4253|4259|4251,84397|84514|84631|84764|84881|84997|85114|85231|85331|85464|85581|85714|85831|85964|86081|86198|86298|86348,-615.3;282.2|-614.4;277.1|-613.4;272.1|-612.1;266.4|-610.9;261.4|-609.6;256.5|-608.1;251.6|-606.5;246.7|-604.8;241.8|-603.0;237.0|-600.6;231.6|-598.3;226.9|-595.8;222.4|-592.8;217.3|-590.0;213.0|-587.0;208.8|-583.8;204.8|-582.4;203.1,160|158|157|157|157|157|158|158|159|159|159|160|159|159|158|157|157|156,3|0|0|0|0|0|0|0|0|0|0|0|0|0|0|0|1|10,0|0|15|26|28|35|41|42|43|43|41|37|35|30|24|23|22|19,5|5|5|5|4|4|4|4|4|4|3|3|3|3|3|3|3|3,0.0114|0.0122|0.0146|0.0192|0.0202|0.0185|0.0211|0.0255|0.0320|0.0354|0.0376|0.0386|0.0364|0.0342|0.0335|0.0334|0.0318|0.0306,-0.005;-0.004;-0.001;-0.001|-0.003;-0.002;0.000;0.000|0.000;0.001;-0.000;0.000|0.009;0.011;-0.000;-0.000|0.003;0.005;-0.000;-0.000|0.005;0.007;-0.000;-0.000|0.007;0.010;-0.000;-0.000|0.007;0.011;-0.000;-0.000|0.007;0.012;-0.000;-0.000|0.007;0.013;-0.000;-0.000|0.012;0.016;-0.000;0.000|0.004;0.009;-0.000;-0.000|0.003;0.008;-0.000;-0.000|0.002;0.005;-0.000;0.000|0.000;0.003;-0.000;0.000|0.000;0.003;-0.000;0.000|-0.000;0.002;-0.001;-0.001|-0.004;-0.002;-0.003;-0.005,-0.011|0.002|0.008|0.003|0.004|-0.001|0.000|0.014|0.006|0.001|-0.007|-0.006|0.005|-0.009|-0.004|-0.003|0.005|0.006,-0.45|-0.33|-0.18|0.10|-0.06|0.04|0.13|0.14|0.13|0.12|-0.27|-0.03|-0.05|-0.11|-0.17|-0.19|-0.23|-0.51,0.3.1
AbuDhabi_Race_Mar20_001_L11,12,False,1,1,4252.47,156,3,86381,0.416,0.0,4265.71,145,3,86664,4355.96,87,2,89365,4438.47,96,2,92532,0.483,0.0,0.0,0.0,0,0,6151,40,32,0.0,0.0,0.0,0.1,0,0,0,0,0,0,0,0,0,0,0,False,0,0,0,False,49|48|53|51,48|48|51|49,51|49|52|50,71|74|76|77,58,30,55,50,4265|4274|4283|4292|4301|4310|4319|4329|4338|4347|4356|4365|4374|4383|4392|4401|4410|4420|4429|4438,86664|86914|87131|87381|87615|87865|88115|88381|88681|89015|89415|89798|90148|90399|90682|91082|91449|91832|92166|92532,-573.5;193.3|-566.8;186.9|-559.9;180.9|-552.9;175.3|-545.9;169.8|-538.5;164.4|-530.7;158.9|-523.3;154.0|-515.5;149.4|-507.5;145.4|-498.6;142.0|-489.5;140.2|-480.6;140.6|-474.7;142.2|-468.5;145.2|-461.3;150.9|-455.2;158.0|-450.4;165.8|-446.7;174.0|-443.6;182.7,145|141|139|137|135|130|124|115|101|92|87|87|87|87|87|87|88|91|93|96,19|0|2|3|11|12|24|38|38|17|6|0|0|0|0|0|0|0|0|0,12|16|17|17|17|17|17|16|16|16|16|20|21|18|19|19|28|28|28|32,3|3|3|3|3|3|3|3|3|2|2|2|2|2|2|2|2|2|2|2,0.0246|0.0202|0.0160|0.0115|0.0088|0.0104|0.0158|0.0207|0.0278|0.0406|0.0777|0.1080|0.1243|0.1200|0.1126|0.0886|0.0685|0.0548|0.0387|0.0058,-0.009;-0.008;-0.006;-0.009|-0.000;0.001;-0.000;-0.000|-0.001;0.000;-0.001;-0.001|-0.001;-0.001;-0.001;-0.002|-0.004;-0.003;-0.005;-0.005|-0.004;-0.004;-0.005;-0.005|-0.008;-0.008;-0.010;-0.011|-0.016;-0.015;-0.016;-0.022|-0.003;-0.001;-0.017;-0.025|-0.005;-0.003;-0.007;-0.010|-0.002;0.005;-0.003;-0.004|0.002;0.015;-0.000;-0.000|0.002;0.018;-0.000;-0.000|0.000;0.014;-0.000;-0.000|0.001;0.017;0.000;-0.000|0.002;0.011;-0.000;-0.000|0.006;0.014;-0.000;-0.000|0.006;0.012;-0.000;-0.000|0.007;0.010;-0.000;-0.000|0.010;0.010;-0.000;-0.000,0.021|0.016|0.003|-0.000|0.009|-0.001|-0.003|0.019|0.004|0.001|-0.014|0.007|-0.001|0.060|0.005|0.001|0.001|-0.004|-0.004|0.017,-0.89|-0.20|-0.23|-0.26|-0.49|-0.50|-0.83|-1.23|-0.97|-0.52|-0.21|0.00|-0.01|-0.06|-0.04|0.01|0.17|0.18|0.21|0.26,0.3.1
AbuDhabi_Race_Mar20_001_L11,13,False,1,1,4524.79,95,2,95583,0.483,0.0,4445.18,98,2,92782,4540.96,90,2,96233,4557.81,92,2,96917,0.5,0.0,0.0,0.0,0,0,4135,0,28,0.0,0.0,0.0,0.2,0,0,0,0,0,0,0,0,0,0,0,False,0,0,0,False,51|48|52|50,49|51|51|51,49|51|50|51,71|73|75|76,58,30,55,50,4445|4451|4456|4462|4468|4474|4480|4486|4492|4498|4504|4510|4516|4522|4528|4534|4539|4545|4551|4557,92782|92982|93199|93416|93616|93816|94033|94233|94416|94633|94833|95050|95266|95483|95733|95966|96200|96433|96683|96917,-441.3;189.0|-439.0;194.6|-436.3;200.0|-433.4;204.8|-429.7;209.7|-426.0;213.9|-421.8;217.5|-417.3;220.7|-412.5;223.4|-407.5;225.5|-401.9;227.3|-396.6;228.5|-390.4;229.4|-384.6;229.8|-378.4;229.7|-372.0;229.1|-366.1;228.0|-360.4;226.6|-354.8;224.7|-349.3;222.6,98|100|101|101|101|100|99|99|98|97|97|97|96|96|94|91|91|90|91|92,0|0|0|0|0|0|0|0|0|0|0|0|0|0|9|4|0|0|0|0,34|30|22|18|16|15|15|15|15|15|15|15|13|13|13|13|13|13|21|28,2|2|2|2|2|2|2|2|2|2|2|2|2|2|2|2|2|2|2|2,-0.0327|-0.0474|-0.0522|-0.0576|-0.0676|-0.0740|-0.0758|-0.0765|-0.0723|-0.0642|-0.0532|-0.0492|-0.0468|-0.0458|-0.0490|-0.0479|-0.0504|-0.0421|-0.0247|-0.0212,0.013;0.009;-0.000;-0.000|0.013;0.006;-0.000;-0.000|0.010;0.003;-0.000;-0.000|0.008;0.002;-0.000;-0.000|0.008;0.000;0.000;-0.000|0.009;-0.000;0.000;-0.000|0.009;-0.000;0.000;-0.000|0.009;-0.000;0.000;0.000|0.011;0.000;0.000;0.000|0.009;0.000;0.000;0.000|0.007;0.000;-0.000;-0.000|0.005;0.000;-0.000;-0.000|0.004;-0.000;-0.000;-0.000|0.004;-0.000;0.000;-0.000|-0.001;-0.004;-0.006;-0.004|0.002;-0.002;-0.003;-0.002|0.003;-0.000;0.000;-0.000|0.003;0.001;-0.000;0.000|0.008;0.003;-0.000;-0.000|0.009;0.008;-0.000;-0.000,0.010|0.008|0.008|0.009|0.025|0.017|0.015|-0.037|-0.026|-0.035|-0.032|0.015|0.018|0.021|-0.010|0.002|-0.024|0.009|-0.028|-0.006,0.26|0.19|0.06|-0.01|-0.08|-0.11|-0.12|-0.11|-0.08|-0.06|-0.04|-0.03|-0.05|-0.05|-0.35|-0.18|-0.05|-0.03|0.14|0.19,0.3.1
AbuDhabi_Race_Mar20_001_L11,14,False,1,1,4628.97,99,2,99450,0.5,0.0,4559.1,92,2,96967,4643.25,86,2,100017,4746.9,161,3,103085,0.584,0.0,4669.88,105,2,101067,6118,0,83,0.0,0.0,0.0,0.1,0,0,0,0,0,0,0,0,0,0,0,False,0,0,0,False,49|51|50|51,48|52|50|51,46|49|53|54,70|72|74|75,58,30,55,50,4558|4568|4578|4588|4598|4608|4618|4627|4637|4647|4657|4667|4677|4687|4697|4707|4716|4726|4736|4746,96967|97350|97733|98117|98434|98734|99084|99417|99801|100217|100601|100984|101301|101618|101918|102168|102401|102634|102868|103085,-348.1;222.1|-338.9;218.0|-330.4;212.3|-323.2;205.0|-318.2;197.5|-314.6;190.2|-311.5;181.6|-309.1;172.6|-307.6;162.6|-307.5;152.4|-308.7;142.4|-311.2;132.2|-314.3;123.1|-318.2;113.4|-322.5;104.3|-327.0;95.8|-332.0;87.0|-337.2;78.6|-342.9;70.0|-348.4;62.0,92|95|96|97|97|98|99|99|90|87|94|103|113|124|132|141|149|156|161|161,0|0|0|0|0|0|0|7|24|0|0|0|0|0|0|0|0|0|0|0,30|27|22|22|22|21|21|17|17|35|56|62|71|75|77|79|80|81|60|33,2|2|2|2|2|2|2|2|2|2|2|2|2|2|2|3|3|3|3|3,-0.0216|-0.0590|-0.0834|-0.0717|-0.0527|-0.0478|-0.0310|-0.0405|-0.0490|-0.0502|-0.0424|-0.0290|-0.0237|-0.0184|-0.0162|-0.0121|-0.0112|-0.0103|-0.0072|-0.0008,0.010;0.010;-0.000;-0.001|0.017;0.006;-0.000;-0.000|0.016;0.003;-0.000;-0.000|0.015;0.003;-0.000;-0.000|0.010;0.004;-0.000;-0.000|0.011;0.004;-0.000;-0.000|0.007;0.004;-0.000;-0.000|0.003;-0.000;-0.005;-0.003|-0.005;-0.007;-0.017;-0.010|0.016;0.009;-0.000;-0.000|0.032;0.020;-0.001;-0.001|0.039;0.027;-0.001;-0.001|0.042;0.034;-0.002;-0.001|0.044;0.037;-0.001;-0.001|0.035;0.030;-0.001;-0.001|0.039;0.033;-0.001;-0.001|0.033;0.027;-0.001;-0.001|0.029;0.024;-0.001;-0.001|0.015;0.013;-0.000;-0.000|0.004;0.004;-0.000;-0.000,0.006|0.031|0.004|0.024|-0.018|0.028|0.010|0.006|-0.015|-0.003|0.001|0.000|0.024|0.022|-0.009|-0.012|-0.006|-0.005|0.012|0.013,0.19|0.18|0.03|0.03|0.06|0.08|0.09|-0.18|-0.72|0.27|0.65|0.78|0.92|0.90|0.84|0.89|0.83|0.81|0.39|-0.05,0.3.1
AbuDhabi_Race_Mar20_001_L11,15,True,1,1,4880.34,140,3,106252,0.45,0.0,4779.27,158,3,103835,4912.16,129,3,107019,5005.62,141,3,109519,0.4,0.0,0.0,0.0,0,0,5684,12,43,0.0,0.0,0.0,1.7,0,0,0,0,0,0,0,0,0,0,0,False,0,0,0,False,45|48|51|52,47|47|50|49,46|46|49|48,69|71|73|74,58,30,55,50,4779|4790|4802|4814|4826|4838|4850|4862|4874|4886|4898|4909|4921|4933|4945|4957|4969|4981|4993|5005,103835|104118|104368|104668|104952|105235|105502|105818|106119|106402|106685|106969|107269|107586|107919|108252|108586|108902|109219|109519,-366.6;34.9|-373.4;24.5|-379.3;14.6|-385.0;3.8|-389.8;-7.2|-393.9;-18.4|-397.0;-29.8|-399.3;-41.9|-400.5;-53.9|-400.6;-64.9|-399.8;-76.2|-398.1;-85.8|-395.3;-96.2|-391.4;-106.9|-386.4;-117.9|-380.3;-128.5|-373.4;-138.7|-366.0;-148.0|-358.0;-157.1|-350.1;-165.7,158|156|155|153|152|150|149|146|142|138|133|130|129|129|131|132|133|136|138|141,0|0|0|0|0|0|0|5|6|12|8|2|0|0|0|0|0|0|0|0,23|23|24|24|23|22|21|20|20|20|20|20|27|35|35|35|40|42|43|43,3|3|3|3|3|3|3|3|3|3|3|3|3|3|3|3|3|3|3|3,0.0051|0.0123|0.0216|0.0257|0.0251|0.0292|0.0303|0.0333|0.0314|0.0341|0.0394|0.0370|0.0318|0.0318|0.0318|0.0280|0.0242|0.0186|0.0069|0.0023,0.001;0.002;-0.000;0.000|0.001;0.002;-0.000;0.000|0.001;0.003;-0.000;0.000|0.001;0.003;-0.000;0.000|0.001;0.003;-0.000;0.000|0.001;0.003;-0.000;0.000|0.000;0.003;-0.000;0.000|-0.002;0.001;-0.002;-0.003|-0.002;0.000;-0.002;-0.004|-0.004;-0.002;-0.004;-0.007|-0.002;0.000;-0.003;-0.005|-0.000;0.003;-0.001;-0.002|0.003;0.006;-0.000;-0.000|0.006;0.010;-0.000;-0.000|0.007;0.010;-0.000;-0.000|0.005;0.009;-0.000;-0.000|0.009;0.012;-0.000;-0.000|0.009;0.012;-0.000;-0.000|0.010;0.011;-0.000;-0.000|0.010;0.010;-0.000;-0.000,-0.002|0.005|0.010|-0.042|-0.022|-0.011|-0.004|0.005|0.008|0.020|-0.021|-0.036|0.002|-0.003|-0.051|0.059|-0.001|-0.005|0.013|-0.000,-0.15|-0.15|-0.15|-0.14|-0.15|-0.16|-0.17|-0.33|-0.36|-0.52|-0.40|-0.19|-0.01|0.11|0.11|0.10|0.19|0.23|0.23|0.23,0.3.1
AbuDhabi_Race_Mar20_001_L11,16,False,1,1,5034.19,142,3,110236,0.417,0.0,5023.53,144,3,109953,5103.79,93,2,112470,5214.3,120,2,116387,0.484,0.0,0.0,0.0,0,0,6434,33,56,0.0,0.0,0.0,0.3,0,0,0,0,0,0,0,0,0,0,0,False,0,0,0,False,45|45|49|47,48|46|49|47,48|46|49|48,68|70|72|73,58,30,55,50,5023|5033|5043|5053|5063|5073|5083|5093|5103|5113|5123|5133|5143|5153|5163|5173|5183|5194|5204|5214,109953|110219|110486|110753|111036|111370|111720|112086|112470|112870|113220|113537|113904|114304|114704|115070|115404|115771|116087|116387,-337.9;-178.8|-331.0;-186.0|-323.8;-193.5|-316.7;-200.7|-309.4;-207.5|-301.2;-214.3|-292.5;-220.3|-283.1;-224.9|-273.3;-227.4|-262.9;-227.7|-254.0;-226.1|-246.2;-223.3|-237.9;-218.4|-229.8;-211.7|-222.9;-203.5|-217.6;-195.1|-213.0;-186.5|-208.4;-177.3|-203.9;-168.1|-199.6;-159.3,144|142|138|131|121|112|105|98|93|93|93|94|94|95|96|98|102|107|114|120,0|9|14|27|32|19|14|15|3|0|0|0|0|0|0|0|0|0|0|0,36|23|21|20|18|17|17|17|17|17|21|21|21|21|27|32|38|46|52|56,3|3|3|3|3|2|2|2|2|2|2|2|2|2|2|2|2|2|2|2,0.0018|0.0027|0.0068|0.0150|0.0261|0.0332|0.0563|0.0877|0.0915|0.0873|0.0822|0.0803|0.0682|0.0709|0.0562|0.0280|0.0139|-0.0008|0.0025|0.0189,0.006;0.007;-0.000;-0.000|-0.001;-0.001;-0.004;-0.004|-0.003;-0.003;-0.006;-0.007|-0.009;-0.009;-0.011;-0.013|-0.012;-0.011;-0.012;-0.023|-0.005;-0.004;-0.008;-0.012|-0.004;-0.000;-0.006;-0.012|-0.005;0.002;-0.007;-0.017|-0.001;0.008;-0.001;-0.006|0.001;0.010;-0.000;-0.000|0.002;0.011;-0.000;-0.000|0.003;0.012;-0.000;-0.000|0.002;0.012;-0.000;-0.000|0.003;0.011;-0.000;-0.000|0.006;0.014;-0.000;-0.000|0.008;0.011;-0.000;-0.000|0.011;0.016;-0.001;-0.001|0.023;0.014;-0.000;-0.000|0.019;0.022;-0.001;-0.001|0.019;0.024;-0.001;-0.001,0.007|0.101|0.003|0.009|-0.028|-0.001|-0.009|-0.006|-0.038|0.059|0.053|0.004|0.015|-0.031|-0.031|-0.028|0.009|-0.034|-0.017|-0.034,0.09|-0.38|-0.54|-0.92|-1.07|-0.63|-0.47|-0.53|-0.16|-0.02|0.03|0.03|0.02|0.03|0.13|0.24|0.40|0.41|0.55|0.59,0.3.1
AbuDhabi_Race_Mar20_001_L12,1,False,1,1,267.98,192,4,5550,0.383,0.0,299.79,150,4,6233,327.05,120,3,6950,516.64,144,3,12066,0.466,0.0,0.0,0.0,0,0,6516,56,49,0.0,0.0,0.0,4.2,0,0,0,0,0,0,0,0,0,0,0,False,0,0,0,False,50|50|53|52,49|49|51|51,47|53|49|53,67|68|70|71,58,30,55,50,299|310|322|333|345|356|367|379|390|402|413|425|436|447|459|470|482|493|504|516,6233|6500|6816|7166|7500|7800|8133|8466|8783|9066|9333|9600|9933|10266|10583|10900|11200|11483|11783|12066,-45.6;172.9|-41.1;183.2|-36.1;193.5|-30.9;203.6|-25.4;213.7|-19.6;223.3|-12.3;233.0|-4.1;240.9|5.3;247.4|14.4;251.6|23.3;254.1|33.0;255.0|44.0;254.4|55.6;251.9|66.5;248.0|77.0;242.7|86.8;236.8|96.0;231.0|105.9;224.6|115.4;218.4,150|136|123|122|126|130|130|129|128|126|124|123|126|130|133|135|137|140|142|144,44|35|25|0|0|0|0|0|0|0|0|0|0|0|0|0|0|0|0|0,11|11|11|42|48|43|27|27|25|24|25|41|49|49|46|41|42|46|43|35,4|3|3|3|3|3|3|3|3|3|3|3|3|3|3|3|3|3|3|3,-0.0112|-0.0092|-0.0093|-0.0073|-0.0116|-0.0366|-0.0605|-0.0580|-0.0667|-0.0817|-0.0756|-0.0523|-0.0535|-0.0455|-0.0443|-0.0214|-0.0059|-0.0027|-0.0002|0.0010,-0.021;-0.019;-0.021;-0.016|-0.017;-0.016;-0.016;-0.014|-0.012;-0.011;-0.011;-0.010|0.012;0.011;-0.000;-0.000|0.016;0.014;-0.000;-0.000|0.016;0.009;-0.000;-0.000|0.011;0.002;0.000;-0.000|0.011;0.002;0.000;-0.000|0.010;0.001;0.000;-0.000|0.023;0.002;0.000;0.000|0.028;0.005;0.001;0.000|0.019;0.009;-0.000;-0.000|0.025;0.012;-0.001;-0.000|0.022;0.012;-0.001;-0.000|0.019;0.010;-0.000;-0.000|0.012;0.008;-0.000;-0.000|0.010;0.009;-0.000;-0.000|0.012;0.011;-0.000;-0.000|0.010;0.010;-0.000;-0.000|0.006;0.006;-0.000;-0.000,-0.003|-0.001|-0.004|0.000|0.003|-0.001|-0.003|0.005|0.017|0.051|-0.011|0.004|0.016|0.001|-0.008|-0.012|0.002|0.007|0.001|0.021,-1.66|-1.34|-0.98|0.29|0.39|0.24|-0.07|-0.07|-0.11|-0.18|-0.19|0.16|0.32|0.31|0.25|0.20|0.21|0.28|0.20|0.07,0.3.1
AbuDhabi_Race_Mar20_001_L12,2,True,1,1,0.0,0.0,0,0,0.467,0.0,580.08,147,3,13633,660.11,148,3,15533,715.96,144,3,16866,0.466,0.0,0.0,0.0,0,0,3233,0,32,0.0,0.0,0.0,0.0,0,0,0,0,0,0,0,0,0,0,0,False,0,0,0,False,45|50|47|50,45|50|47|50,45|49|46|50,66|68|69|70,58,30,55,50,579|586|594|601|608|615|622|629|636|644|651|658|665|672|679|687|694|701|708|715,13633|13799|13983|14149|14333|14499|14683|14849|15016|15183|15349|15499|15666|15816|15983|16166|16333|16516|16683|16866,169.1;184.6|174.8;180.8|180.9;176.4|186.4;172.2|192.1;167.2|197.1;162.3|202.2;156.7|206.5;151.2|210.4;145.5|214.0;139.6|217.3;133.5|219.8;127.9|222.3;121.5|224.2;115.7|226.0;109.2|227.5;101.9|228.6;95.3|229.5;87.9|230.0;81.2|230.2;73.9,147|148|148|149|149|149|150|150|149|149|148|148|147|146|146|145|145|144|144|144,0|0|0|0|0|0|0|0|0|0|0|0|0|0|0|0|0|0|0|0,40|40|40|40|40|40|40|36|33|33|31|30|30|30|30|30|30|30|30|33,3|3|3|3|3|3|3|3|3|3|3|3|3|3|3|3|3|3|3|3,-0.0088|-0.0179|-0.0229|-0.0297|-0.0351|-0.0362|-0.0359|-0.0323|-0.0351|-0.0362|-0.0353|-0.0341|-0.0351|-0.0316|-0.0300|-0.0273|-0.0242|-0.0230|-0.0216|-0.0177,0.008;0.007;-0.000;-0.000|0.009;0.007;-0.000;-0.000|0.009;0.006;-0.000;-0.000|0.010;0.006;-0.000;-0.000|0.012;0.006;-0.000;-0.000|0.012;0.006;-0.000;-0.000|0.011;0.006;-0.000;-0.000|0.010;0.005;-0.000;-0.000|0.008;0.003;-0.000;-0.000|0.009;0.003;0.000;-0.000|0.007;0.003;0.000;-0.000|0.007;0.003;-0.000;-0.000|0.008;0.003;0.000;-0.000|0.007;0.003;0.000;-0.000|0.008;0.003;-0.000;-0.000|0.007;0.003;-0.000;-0.000|0.006;0.003;-0.000;-0.000|0.006;0.003;-0.000;-0.000|0.006;0.003;-0.000;-0.000|0.007;0.004;-0.000;-0.000,0.034|0.008|0.000|0.020|-0.006|-0.023|0.009|0.001|-0.000|-0.009|-0.016|-0.092|0.076|-0.038|-0.029|-0.021|0.002|-0.020|-0.034|-0.026,0.11|0.09|0.08|0.07|0.05|0.04|0.03|-0.01|-0.06|-0.07|-0.10|-0.09|-0.11|-0.10|-0.08|-0.07|-0.06|-0.05|-0.05|-0.01,0.3.1
AbuDhabi_Race_Mar20_001_L12,3,True,1,1,0.0,0.0,0,0,0.466,0.0,723.99,144,3,17066,805.45,155,3,18999,998.94,159,3,23499,0.433,0.0,0.0,0.0,0,0,6433,0,61,0.0,0.0,0.0,0.0,0,0,0,0,0,0,0,0,0,0,0,False,0,0,0,False,45|49|46|50,46|48|47|48,46|45|47|46,65|67|68|69,58,30,55,50,723|738|752|767|781|796|810|825|839|854|868|883|897|912|926|941|955|969|984|998,17066|17433|17783|18133|18466|18799|19133|19449|19783|20099|20433|20766|21099|21433|21783|22133|22483|22833|23183|23499,230.2;65.9|229.7;51.1|229.5;36.8|230.3;22.3|232.4;8.3|236.1;-5.5|241.4;-18.9|247.9;-31.0|255.9;-43.0|264.7;-53.4|274.9;-63.3|285.9;-72.2|297.5;-79.9|309.7;-86.6|323.1;-92.3|336.8;-96.9|351.0;-100.2|365.5;-102.4|380.4;-103.6|394.3;-104.2,144|145|148|151|153|155|156|156|155|154|152|151|150|149|149|149|150|152|155|159,0|0|0|0|0|0|0|0|0|0|0|0|0|0|0|0|0|0|0|0,35|43|50|51|50|45|42|37|31|30|28|28|28|28|32|37|39|48|54|61,3|3|3|3|3|3|3|3|3|3|3|3|3|3|3|3|3|3|3|3,-0.0137|0.0085|0.0242|0.0305|0.0369|0.0400|0.0333|0.0340|0.0347|0.0322|0.0301|0.0277|0.0285|0.0279|0.0272|0.0279|0.0249|0.0207|0.0107|-0.0022,0.008;0.005;-0.000;-0.000|0.009;0.010;-0.000;-0.000|0.011;0.014;-0.000;-0.000|0.011;0.016;-0.000;-0.000|0.009;0.016;-0.000;-0.000|0.007;0.013;-0.000;-0.000|0.006;0.011;-0.000;-0.000|0.005;0.009;-0.000;-0.000|0.003;0.006;-0.000;0.000|0.002;0.005;-0.000;-0.000|0.002;0.005;-0.000;0.000|0.002;0.005;-0.000;0.000|0.002;0.005;-0.000;0.000|0.002;0.005;-0.000;-0.000|0.003;0.006;-0.000;-0.000|0.005;0.009;-0.000;-0.000|0.006;0.009;-0.000;-0.000|0.010;0.013;-0.000;-0.000|0.011;0.014;-0.000;-0.000|0.017;0.015;-0.000;-0.000,-0.024|-0.007|-0.003|-0.004|-0.002|0.003|-0.007|-0.012|-0.014|-0.002|0.003|-0.000|-0.012|-0.011|0.006|-0.008|-0.031|-0.036|-0.007|-0.004,0.04|0.17|0.24|0.25|0.20|0.10|0.06|0.01|-0.08|-0.09|-0.10|-0.09|-0.08|-0.07|-0.02|0.06|0.09|0.23|0.32|0.41,0.3.1
AbuDhabi_Race_Mar20_001_L12,4,True,1,1,0.0,0.0,0,0,0.45,0.0,1003.48,161,3,23599,1056.76,182,4,24699,1151.25,215,5,26383,0.383,0.0,1035.84,174,4,24283,2784,0,89,0.0,0.0,0.0,0.0,0,0,0,0,0,0,0,0,0,0,0,False,0,0,0,False,45|45|47|46,44|44|48|47,43|43|48|48,64|66|68|68,58,30,55,50,1002|1010|1018|1026|1034|1041|1049|1057|1065|1073|1080|1088|1096|1104|1112|1119|1127|1135|1143|1151,23599|23766|23933|24099|24249|24416|24566|24716|24866|25016|25166|25316|25433|25599|25733|25849|25999|26133|26266|26383,398.7;-104.4|406.3;-104.7|413.9;-105.2|421.7;-105.7|428.9;-106.3|436.9;-107.2|444.3;-108.1|451.7;-109.2|459.3;-110.5|466.9;-111.9|474.7;-113.6|482.5;-115.3|489.5;-117.1|497.5;-119.2|504.7;-121.3|511.9;-123.4|519.2;-125.7|526.5;-128.1|533.9;-130.7|541.4;-133.4,161|163|167|170|173|176|179|182|185|188|190|193|197|199|202|205|207|210|212|215,0|0|0|0|0|0|0|0|0|0|0|0|0|0|0|0|0|0|0|0,63|64|65|66|68|72|73|74|75|75|75|76|77|78|79|80|81|81|84|89,3|3|4|4|4|4|4|4|4|4|4|4|5|5|5|5|5|5|5|5,-0.0050|-0.0061|-0.0074|-0.0071|-0.0105|-0.0123|-0.0121|-0.0098|-0.0087|-0.0092|-0.0100|-0.0100|-0.0088|-0.0082|-0.0073|-0.0074|-0.0070|-0.0070|-0.0065|-0.0067,0.018;0.015;-0.000;-0.000|0.017;0.016;-0.000;-0.000|0.045;0.037;-0.001;-0.001|0.018;0.016;-0.001;-0.000|0.019;0.017;-0.001;-0.000|0.021;0.017;-0.001;-0.001|0.022;0.018;-0.001;-0.000|0.020;0.017;-0.001;-0.000|0.020;0.018;-0.001;-0.001|0.019;0.017;-0.001;-0.000|0.019;0.017;-0.001;-0.000|0.018;0.016;-0.001;-0.000|0.019;0.017;-0.001;-0.000|0.019;0.017;-0.001;-0.000|0.019;0.017;-0.001;-0.000|0.019;0.017;-0.001;-0.000|0.020;0.018;-0.001;-0.000|0.019;0.017;-0.001;-0.000|0.019;0.018;-0.001;-0.000|0.021;0.019;-0.001;-0.001,0.012|-0.026|-0.004|0.008|0.009|-0.008|-0.005|-0.000|-0.011|0.017|0.005|0.017|0.015|0.025|0.013|-0.001|-0.001|0.017|0.021|0.012,0.43|0.43|1.16|0.51|0.52|0.56|0.55|0.55|0.55|0.54|0.51|0.51|0.55|0.54|0.53|0.54|0.54|0.53|0.55|0.61,0.3.1
AbuDhabi_Race_Mar20_001_L12,5,False,1,1,1264.57,228,6,28118,0.367,0.0,1313.81,165,5,29052,1421.86,79,2,32352,1580.84,134,3,37935,0.55,0.0,1571.25,125,2,37668,9817,67,72,0.8,0.0,0.0,0.8,0,0,0,0,0,0,0,0,0,0,0,False,0,0,0,False,42|42|49|49,45|46|46|48,44|47|48|49,64|66|67|68,58,30,55,50,1313|1327|1341|1355|1369|1383|1397|1412|1426|1440|1454|1468|1482|1496|1510|1524|1538|1552|1566|1580,29052|29368|29718|30085|30485|30902|31368|31918|32552|33152|33652|34068|34518|35052|35618|36152|36618|37102|37535|37935,690.0;-199.3|702.7;-205.3|715.7;-211.5|728.3;-217.5|741.1;-223.6|753.8;-229.8|766.2;-236.6|777.4;-245.7|785.3;-257.9|788.7;-271.3|788.2;-283.4|785.0;-293.2|778.8;-302.7|768.5;-311.2|755.2;-316.8|741.0;-319.2|727.1;-319.5|712.9;-318.7|698.8;-317.1|684.7;-315.2,165|153|142|132|122|113|104|90|80|86|89|90|90|91|94|100|106|113|122|134,32|25|25|23|19|19|20|27|0|0|0|0|0|0|0|0|0|0|0|0,21|22|22|22|22|22|21|19|31|33|24|22|21|21|33|38|39|47|61|72,5|5|4|4|3|3|2|2|2|2|2|2|2|2|2|2|2|2|2|3,-0.0011|-0.0012|-0.0002|0.0007|-0.0011|-0.0098|-0.0484|-0.0794|-0.0842|-0.0811|-0.0904|-0.0939|-0.0935|-0.0764|-0.0609|-0.0362|-0.0210|-0.0130|-0.0074|0.0069,-0.010;-0.010;-0.012;-0.012|-0.007;-0.007;-0.010;-0.010|-0.007;-0.007;-0.010;-0.010|-0.006;-0.006;-0.010;-0.010|-0.004;-0.005;-0.009;-0.008|0.009;0.008;-0.010;-0.009|-0.000;-0.004;-0.016;-0.009|-0.004;-0.008;-0.027;-0.012|0.019;0.006;-0.000;-0.000|0.020;0.007;-0.000;-0.000|0.015;0.003;-0.000;-0.000|0.014;0.002;-0.000;-0.000|0.017;0.002;-0.000;-0.000|0.014;0.002;-0.000;-0.000|0.018;0.008;-0.001;-0.000|0.017;0.011;-0.001;-0.000|0.015;0.012;-0.000;-0.000|0.018;0.016;-0.001;-0.000|0.024;0.022;-0.001;-0.001|0.026;0.028;-0.001;-0.001,0.000|0.013|0.012|0.007|0.005|0.003|-0.034|-0.033|-0.022|-0.012|0.002|0.028|-0.019|0.019|0.017|-0.003|-0.018|-0.004|-0.006|-0.016,-1.19|-0.94|-0.89|-0.81|-0.65|-0.35|-0.58|-0.82|0.20|0.23|0.08|0.02|0.01|0.02|0.25|0.36|0.35|0.47|0.68|0.82,0.3.1
AbuDhabi_Race_Mar20_001_L12,6,False,1,1,2517.96,216,8,53368,0.517,0.0,2530.64,202,8,53585,2661.45,62,2,57701,2697.64,75,2,59451,0.616,0.0,0.0,0.0,0,0,6083,73,40,4.2,0.0,0.0,4.2,0,0,0,0,0,0,0,0,0,0,0,False,0,0,0,False,43|44|49|50,47|51|48|50,46|51|48|50,64|66|68|69,58,30,55,50,2530|2539|2548|2556|2565|2574|2583|2592|2600|2609|2618|2627|2635|2644|2653|2662|2671|2679|2688|2697,53585|53751|53918|54118|54318|54518|54768|55001|55301|55568|55901|56201|56501|56885|57318|57735|58085|58568|59018|59451,-264.5;-305.8|-273.5;-305.8|-282.7;-305.9|-291.2;-306.0|-299.9;-306.1|-308.6;-306.2|-317.3;-306.2|-326.0;-306.1|-335.1;-306.1|-343.6;-306.1|-352.7;-306.0|-361.3;-305.8|-370.0;-305.1|-379.0;-303.1|-387.1;-298.7|-391.9;-292.8|-394.1;-286.8|-394.3;-278.4|-392.0;-270.2|-387.6;-262.2,202|187|173|161|150|139|130|120|111|105|102|101|96|83|71|62|63|66|70|75,72|61|56|50|40|37|32|29|25|14|6|12|31|28|19|4|0|0|0|0,17|16|16|16|17|17|17|17|18|25|34|36|24|14|12|15|33|35|39|40,8|8|8|7|7|6|6|6|5|5|4|3|3|2|2|2|2|2|2|2,0.0028|0.0052|0.0013|-0.0009|-0.0029|-0.0025|-0.0009|-0.0008|-0.0014|-0.0015|-0.0030|-0.0182|-0.0659|-0.1134|-0.1685|-0.1727|-0.1472|-0.1299|-0.1002|-0.0442,-0.027;-0.028;-0.028;-0.029|-0.024;-0.025;-0.022;-0.025|-0.023;-0.024;-0.022;-0.023|-0.021;-0.020;-0.020;-0.021|-0.017;-0.016;-0.017;-0.016|-0.013;-0.013;-0.017;-0.017|-0.013;-0.013;-0.014;-0.014|-0.012;-0.012;-0.013;-0.013|-0.010;-0.010;-0.012;-0.011|-0.003;-0.003;-0.007;-0.006|0.004;0.004;-0.003;-0.003|-0.036;-0.034;-0.005;-0.004|-0.007;-0.010;-0.034;-0.014|-0.009;-0.012;-0.062;-0.014|0.002;-0.011;-0.043;-0.011|0.015;-0.004;-0.004;-0.002|0.032;0.004;-0.000;-0.000|0.029;0.006;-0.000;-0.000|0.036;0.008;-0.000;-0.000|0.023;0.012;-0.001;-0.000,0.006|0.001|0.001|0.011|0.002|-0.016|0.002|0.001|-0.002|0.000|-0.005|0.010|-0.002|0.016|0.003|-0.036|-0.024|-0.026|0.014|-0.006,-2.67|-2.28|-2.07|-1.83|-1.48|-1.08|-1.15|-1.05|-0.88|-0.47|-0.08|-0.96|-0.92|-1.01|-0.82|-0.30|0.12|0.16|0.23|0.34,0.3.1
AbuDhabi_Race_Mar20_001_L12,7,False,1,1,0.0,0.0,0,0,0.616,0.0,2698.67,76,2,59518,2729.34,79,2,60818,2766.74,93,2,62335,0.534,0.0,0.0,0.0,0,0,2817,0,41,0.0,0.0,0.0,0.0,0,0,0,0,0,0,0,0,0,0,0,False,0,0,0,False,46|51|48|50,49|51|50|50,49|49|50|50,64|66|67|68,58,30,55,50,2698|2701|2705|2709|2712|2716|2719|2723|2727|2730|2734|2737|2741|2744|2748|2752|2755|2759|2762|2766,59518|59685|59851|60018|60185|60351|60501|60651|60751|60868|60985|61118|61285|61451|61585|61768|61918|62068|62201|62335,-387.1;-261.4|-385.1;-258.4|-383.3;-255.3|-381.9;-252.0|-380.9;-248.5|-380.4;-245.0|-380.4;-241.8|-380.7;-238.5|-381.1;-236.4|-381.7;-233.9|-382.5;-231.5|-383.7;-228.7|-385.4;-225.4|-387.3;-222.1|-389.4;-219.3|-391.9;-216.3|-394.4;-213.6|-397.0;-211.0|-399.5;-208.8|-402.5;-206.4,76|77|78|77|77|77|77|78|78|79|79|80|81|82|84|86|88|90|91|93,0|0|0|0|0|0|0|0|0|0|0|0|0|0|0|0|0|0|0|0,39|29|23|20|20|28|30|30|30|28|27|27|29|38|40|41|41|41|41|41,2|2|2|2|2|2|2|2|2|2|2|2|2|2|2|2|2|2|2|2,-0.0282|0.0562|0.1345|0.1662|0.1640|0.1454|0.1211|0.1083|0.1064|0.1068|0.1088|0.1005|0.0911|0.0839|0.0721|0.0639|0.0556|0.0537|0.0500|0.0435,0.019;0.011;-0.001;-0.000|0.007;0.013;-0.001;-0.000|0.002;0.018;-0.000;0.000|0.001;0.030;-0.000;0.000|0.002;0.037;0.000;0.000|0.007;0.055;-0.000;-0.000|0.007;0.046;-0.000;-0.000|0.007;0.047;-0.000;-0.000|0.008;0.047;-0.000;-0.000|0.006;0.023;-0.000;-0.001|0.004;0.015;-0.000;-0.000|0.005;0.016;-0.000;-0.001|0.006;0.016;-0.000;-0.000|0.010;0.023;-0.000;-0.001|0.011;0.024;-0.000;-0.001|0.011;0.027;-0.000;-0.000|0.012;0.033;-0.000;-0.000|0.012;0.024;-0.000;-0.001|0.013;0.021;-0.000;-0.001|0.014;0.017;-0.000;-0.001,-0.000|-0.015|-0.020|-0.005|0.015|-0.005|-0.070|-0.074|-0.026|0.024|0.054|0.043|0.054|0.028|0.010|-0.015|-0.040|0.001|0.014|0.065,0.34|0.17|-0.01|-0.11|-0.10|0.01|0.11|0.13|0.19|0.15|0.08|0.12|0.13|0.26|0.32|0.34|0.37|0.38|0.38|0.39,0.3.1
AbuDhabi_Race_Mar20_001_L12,8,True,1,1,0.0,0.0,0,0,0.534,0.0,2791.73,107,2,63251,3040.49,193,4,68652,3091.44,201,4,69586,0.384,0.0,2838.23,140,2,64585,6335,0,72,0.0,0.0,0.0,0.0,0,0,0,0,0,0,0,0,0,0,0,False,0,0,0,False,48|48|49|50,45|48|50|52,44|47|49|51,63|65|67|68,58,30,55,50,2791|2807|2822|2838|2854|2870|2886|2901|2917|2933|2949|2964|2980|2996|3012|3028|3043|3059|3075|3091,63251|63751|64201|64601|64985|65335|65685|66035|66368|66685|66968|67285|67552|67869|68135|68452|68719|69036|69319|69586,-423.6;-192.7|-436.8;-184.2|-449.6;-175.0|-462.1;-166.5|-475.0;-156.7|-486.1;-146.5|-497.7;-135.8|-508.6;-124.8|-518.6;-112.3|-527.8;-99.5|-536.8;-87.1|-545.4;-73.8|-552.3;-60.4|-559.3;-45.7|-566.8;-32.4|-574.6;-18.2|-580.6;-4.2|-586.0;11.1|-591.7;25.5|-598.0;39.9,107|119|131|141|151|158|165|170|175|182|187|191|193|194|194|194|193|195|198|201,0|0|0|0|0|0|0|0|0|0|0|0|0|0|0|0|0|0|0|0,51|66|70|71|71|71|71|71|71|71|71|71|58|46|46|46|55|61|67|72,2|2|2|2|3|3|3|3|3|4|4|4|4|4|4|4|4|4|4|4,-0.0073|-0.0189|0.0183|-0.0169|-0.0218|0.0072|-0.0154|-0.0337|-0.0085|0.0040|-0.0173|-0.0358|-0.0008|0.0300|-0.0110|-0.0379|-0.0125|0.0189|0.0086|-0.0230,0.021;0.019;-0.001;-0.001|0.032;0.025;-0.001;-0.001|0.025;0.031;-0.001;-0.001|0.026;0.021;-0.001;-0.001|0.036;0.021;-0.002;-0.000|0.019;0.020;-0.001;-0.001|0.020;0.017;-0.000;-0.001|0.024;0.015;-0.001;-0.000|0.017;0.015;-0.001;-0.000|0.017;0.018;-0.000;-0.001|0.019;0.015;-0.000;-0.000|0.024;0.014;-0.001;-0.000|0.011;0.010;-0.000;-0.000|0.005;0.009;-0.000;-0.000|0.007;0.006;-0.000;-0.000|0.012;0.006;0.000;-0.000|0.012;0.009;-0.000;-0.000|0.010;0.013;-0.000;-0.000|0.013;0.015;-0.000;-0.000|0.018;0.013;-0.000;-0.000,-0.002|-0.007|0.003|0.023|0.025|-0.011|0.020|0.002|-0.020|0.001|0.021|0.021|-0.066|-0.014|0.060|0.022|-0.032|-0.022|0.024|0.030,0.56|0.76|0.74|0.64|0.73|0.58|0.51|0.42|0.43|0.49|0.45|0.36|0.21|-0.03|0.01|-0.06|0.12|0.20|0.30|0.33,0.3.1
AbuDhabi_Race_Mar20_001_L12,9,False,1,1,3526.88,192,7,76137,0.467,0.0,3576.86,166,7,77194,3729.91,71,3,82412,3950.85,159,4,89380,0.716,0.0,3731.0,71,2,82462,13243,57,100,1.7,0.0,0.0,1.7,0,0,0,0,0,0,0,0,0,0,0,False,0,0,0,False,43|44|48|50,43|45|46|48,43|46|48|49,63|65|67|68,58,30,55,50,3576|3596|3615|3635|3655|3674|3694|3714|3733|3753|3773|3792|3812|3832|3851|3871|3891|3910|3930|3950,77194|77628|78161|78811|79528|80245|80962|81745|82596|83362|84096|84813|85496|86146|86763|87347|87897|88430|88930|89380,-719.2;508.4|-721.1;527.6|-722.6;547.3|-722.1;567.1|-717.8;587.0|-709.6;603.9|-698.2;617.1|-684.1;627.0|-667.9;633.3|-650.0;635.7|-631.7;633.9|-614.1;627.6|-598.7;617.3|-586.0;603.7|-576.4;587.3|-570.4;568.9|-568.3;549.8|-569.7;529.9|-573.5;510.2|-578.6;490.9,166|149|119|105|98|91|82|76|75|88|92|95|100|107|115|122|130|139|149|159,0|52|26|0|0|0|0|0|0|0|0|0|0|0|0|0|0|0|0|0,0|0|0|0|0|0|0|0|67|23|29|25|27|20|64|75|75|90|100|20,7|7|6|5|4|3|3|3|2|2|2|2|2|2|2|2|3|3|3|4,-0.0001|-0.0042|-0.0172|-0.0315|-0.0465|-0.0541|-0.0486|-0.0486|-0.0482|-0.0443|-0.0490|-0.0474|-0.0458|-0.0443|-0.0433|-0.0421|-0.0350|-0.0217|-0.0135|-0.0056,-0.002;-0.002;0.000;0.000|-0.031;-0.028;-0.023;-0.023|-0.016;-0.016;-0.013;-0.011|-0.001;-0.004;0.000;0.000|-0.001;-0.006;0.000;0.000|-0.001;-0.007;0.000;0.000|-0.002;-0.007;0.000;0.000|-0.002;-0.006;0.000;0.000|0.044;0.026;-0.001;-0.001|0.009;0.005;-0.000;-0.000|0.013;0.007;-0.000;-0.000|0.010;0.005;-0.000;-0.000|0.011;0.005;-0.000;-0.000|0.012;0.005;-0.000;-0.000|0.021;0.012;-0.001;-0.000|0.021;0.012;-0.001;-0.000|0.022;0.013;-0.001;-0.000|0.025;0.017;-0.001;-0.001|0.025;0.020;-0.001;-0.001|0.010;0.007;-0.001;-0.000,-0.002|0.025|0.003|-0.015|-0.007|-0.004|0.002|0.015|0.009|0.002|0.003|-0.004|-0.013|0.003|-0.035|-0.021|-0.014|-0.020|-0.013|-0.012,-0.31|-1.99|-1.09|-0.21|-0.23|-0.24|-0.22|-0.22|0.83|0.11|0.18|0.10|0.13|0.24|0.36|0.34|0.36|0.54|0.59|0.57,0.3.1
AbuDhabi_Race_Mar20_001_L12,10,True,1,1,0.0,0.0,0,0,0.75,0.0,4053.59,152,4,91664,4127.15,136,3,93481,4163.86,125,3,94498,0.85,0.0,0.0,0.0,0,0,2834,0,0,0.0,0.0,0.0,0.0,0,0,0,0,0,0,0,0,0,0,0,False,0,0,0,False,41|43|45|46,41|43|45|45,41|42|44|44,62|64|65|67,58,30,55,50,4052|4058|4064|4070|4076|4082|4087|4093|4099|4105|4111|4117|4122|4128|4134|4140|4146|4152|4157|4163,91664|91814|91931|92098|92214|92364|92514|92664|92798|92948|93065|93231|93365|93531|93681|93831|94015|94148|94331|94498,-607.7;392.2|-609.0;386.8|-610.2;381.3|-611.6;375.2|-612.8;369.8|-614.0;363.8|-615.0;358.4|-616.0;352.5|-616.8;347.1|-617.5;341.2|-617.8;335.9|-618.1;330.1|-618.1;324.3|-618.0;318.6|-617.6;313.0|-617.1;306.9|-616.3;300.9|-615.6;295.5|-614.8;289.7|-613.8;283.9,152|150|150|149|149|147|146|145|144|143|141|139|137|135|134|132|130|128|126|125,0|0|0|0|0|0|0|0|0|0|0|0|0|0|0|0|0|0|0|0,0|0|17|18|0|0|20|18|24|0|0|0|0|0|0|0|0|0|0|0,4|4|4|4|3|3|3|3|3|3|3|3|3|3|3|3|3|3|3|3,0.0058|0.0061|0.0061|0.0062|0.0065|0.0095|0.0149|0.0224|0.0254|0.0264|0.0262|0.0251|0.0271|0.0259|0.0220|0.0162|0.0102|0.0104|0.0094|0.0072,-0.004;-0.004;0.000;0.000|-0.004;-0.004;0.000;0.000|0.001;0.001;0.000;0.000|0.001;0.002;-0.000;0.000|-0.004;-0.003;0.000;0.000|-0.005;-0.005;0.000;0.000|0.000;0.001;-0.000;0.000|-0.000;0.001;-0.000;0.000|0.002;0.004;-0.000;-0.000|-0.006;-0.004;0.000;0.000|-0.006;-0.004;0.000;0.000|-0.006;-0.004;0.000;0.000|-0.006;-0.003;0.000;0.000|-0.006;-0.004;0.000;0.000|-0.006;-0.004;0.000;0.000|-0.006;-0.005;0.000;0.000|-0.005;-0.005;0.000;0.000|-0.005;-0.005;0.000;0.000|-0.005;-0.005;0.000;0.000|-0.005;-0.005;0.000;0.000,-0.004|0.003|-0.000|0.003|0.002|0.006|0.007|0.009|-0.003|-0.001|0.005|0.008|-0.002|-0.000|-0.009|-0.008|-0.004|-0.001|-0.002|-0.004,-0.34|-0.34|-0.14|-0.13|-0.21|-0.36|-0.18|-0.19|-0.08|-0.38|-0.37|-0.37|-0.33|-0.36|-0.35|-0.34|-0.33|-0.33|-0.32|-0.31,0.3.1
AbuDhabi_Race_Mar20_001_L12,11,True,1,1,0.0,0.0,0,0,0.85,0.0,4165.02,124,3,94532,4236.35,107,3,96799,4264.75,102,3,97766,0.6,0.0,4243.25,106,3,97015,3234,0,77,0.0,0.0,0.0,0.0,0,0,0,0,0,0,0,0,0,0,0,False,0,0,0,False,41|42|44|44,41|42|44|44,42|42|44|44,61|63|65|66,58,30,55,50,4164|4170|4175|4180|4185|4191|4196|4201|4206|4211|4217|4222|4227|4232|4238|4243|4248|4253|4259|4264,94532|94665|94848|94998|95165|95315|95482|95648|95798|95965|96165|96332|96499|96699|96849|97032|97199|97399|97582|97766,-613.6;282.8|-612.7;277.7|-611.7;272.1|-610.7;267.2|-609.6;261.8|-608.5;257.0|-607.3;251.8|-606.0;246.7|-604.6;241.7|-603.1;236.8|-601.2;231.6|-599.2;226.9|-596.9;221.9|-594.4;217.0|-591.9;212.6|-589.0;208.0|-586.3;204.0|-583.1;199.7|-579.8;195.5|-576.3;191.6,124|123|121|119|117|116|114|113|111|109|109|109|108|107|107|106|105|104|103|102,0|0|0|0|0|0|0|0|0|0|0|0|0|0|0|0|0|0|0|0,0|0|0|0|0|0|0|0|0|0|0|0|0|0|0|0|0|55|0|0,3|3|3|3|3|3|3|3|3|3|3|3|3|3|3|3|3|3|3|3,0.0070|0.0075|0.0088|0.0094|0.0103|0.0112|0.0128|0.0165|0.0258|0.0324|0.0342|0.0343|0.0328|0.0322|0.0319|0.0305|0.0303|0.0303|0.0322|0.0329,-0.005;-0.005;0.000;0.000|-0.005;-0.005;0.000;0.000|-0.005;-0.005;0.000;0.000|-0.005;-0.005;0.000;0.000|-0.005;-0.005;0.000;0.000|-0.005;-0.005;0.000;0.000|-0.005;-0.004;0.000;0.000|-0.005;-0.004;0.000;0.000|-0.006;-0.004;0.000;0.000|-0.006;-0.003;0.000;0.000|-0.006;-0.003;0.000;0.000|-0.006;-0.002;0.000;0.000|0.005;0.014;-0.000;-0.001|-0.006;-0.003;0.000;0.000|-0.006;-0.003;0.000;0.000|0.003;0.007;-0.000;-0.000|-0.006;-0.003;0.000;0.000|0.011;0.014;-0.000;-0.000|-0.006;-0.003;0.000;0.000|-0.006;-0.003;0.000;0.000,-0.004|-0.002|0.000|-0.001|-0.000|0.001|-0.000|0.008|0.005|-0.001|-0.009|-0.006|0.013|-0.008|-0.005|0.004|-0.000|0.014|0.007|0.006,-0.31|-0.31|-0.30|-0.30|-0.29|-0.29|-0.28|-0.28|-0.28|-0.28|-0.28|-0.18|0.46|-0.27|-0.26|0.36|-0.26|0.03|-0.26|-0.27,0.3.1
AbuDhabi_Race_Mar20_001_L12,12,False,1,1,0.0,0.0,0,0,0.6,0.0,4265.68,102,3,97782,4387.42,96,2,102183,4438.45,93,2,104100,0.633,0.0,0.0,0.0,0,0,6318,0,63,0.0,0.0,0.0,0.0,0,0,0,0,0,0,0,0,0,0,0,False,0,0,0,False,42|42|44|44,46|43|46|45,47|43|47|45,61|63|64|65,58,30,55,50,4265|4274|4283|4292|4301|4310|4319|4329|4338|4347|4356|4365|4374|4383|4392|4401|4410|4420|4429|4438,97782|98116|98449|98799|99132|99466|99816|100183|100533|100916|101250|101600|101900|102100|102367|102700|103067|103433|103767|104100,-575.7;190.9|-569.0;184.2|-562.1;178.2|-554.8;172.7|-547.1;167.5|-539.5;162.9|-531.5;158.2|-523.6;153.9|-515.4;149.6|-507.0;145.9|-498.0;143.0|-488.6;141.5|-480.6;142.0|-475.4;143.2|-469.1;145.6|-461.2;150.6|-454.1;157.4|-448.8;165.0|-444.8;172.9|-441.4;181.5,102|100|98|96|95|95|94|91|89|94|97|96|96|96|96|96|96|95|95|93,0|0|0|0|0|0|0|0|0|0|0|0|0|0|0|0|0|0|0|0,0|0|0|0|0|0|0|0|0|54|0|31|0|0|0|39|39|50|62|0,3|3|3|3|3|3|2|2|2|2|2|2|2|2|2|2|2|2|2|2,0.0329|0.0321|0.0299|0.0265|0.0182|0.0124|0.0053|0.0088|0.0287|0.0430|0.0697|0.1149|0.1154|0.0992|0.0944|0.0943|0.0839|0.0661|0.0407|0.0196,-0.006;-0.003;0.000;0.000|-0.006;-0.003;0.000;0.000|-0.006;-0.004;0.000;0.000|-0.005;-0.004;0.000;0.000|-0.008;-0.003;-0.000;0.000|-0.004;-0.004;0.001;-0.000|-0.003;-0.005;0.000;0.000|-0.004;-0.004;0.000;0.000|-0.005;-0.003;0.000;0.000|0.021;0.031;-0.001;-0.001|-0.007;-0.000;0.000;0.000|0.005;0.025;-0.000;0.000|0.000;0.014;0.000;-0.001|-0.000;0.009;0.000;-0.000|0.002;0.025;-0.000;-0.001|0.010;0.029;-0.000;-0.001|0.010;0.026;-0.000;-0.000|0.016;0.031;-0.000;-0.001|0.014;0.020;-0.000;-0.000|-0.005;-0.004;0.000;0.000,0.006|0.003|-0.010|0.028|0.001|0.008|-0.004|-0.003|-0.014|0.004|-0.023|0.016|0.005|0.097|-0.007|0.017|0.008|0.008|0.013|0.008,-0.26|-0.26|-0.25|-0.23|-0.16|-0.18|-0.26|-0.20|-0.21|0.64|-0.27|0.00|0.00|0.07|0.10|0.20|0.17|0.40|0.11|-0.21,0.3.1
AbuDhabi_Race_Mar20_001_L12,13,False,1,1,0.0,0.0,0,0,0.633,0.0,4445.27,91,2,104367,4500.43,95,2,106317,4557.98,95,2,108601,1.05,0.0,4553.62,92,2,108434,4234,0,67,0.0,0.0,0.0,0.0,0,0,0,0,0,0,0,0,0,0,0,False,0,0,0,False,47|43|47|45,46|47|48|48,45|46|47|47,60|62|63|64,58,30,55,50,4445|4451|4456|4462|4468|4474|4480|4486|4492|4498|4504|4510|4516|4522|4528|4534|4539|4545|4551|4557,104367|104600|104834|105067|105267|105467|105667|105867|106067|106267|106467|106667|106884|107101|107351|107618|107868|108134|108368|108601,-439.1;188.0|-437.0;193.5|-434.6;198.8|-431.7;203.8|-428.2;208.5|-424.6;212.5|-420.6;216.0|-416.2;219.1|-411.5;221.6|-406.5;223.5|-401.4;224.8|-396.4;225.6|-390.9;226.0|-385.5;226.0|-379.5;225.8|-373.1;225.3|-367.3;224.6|-361.1;223.6|-355.5;222.5|-349.7;221.0,91|90|92|97|96|96|96|96|96|95|93|91|90|88|86|84|83|86|90|95,0|0|0|0|0|0|0|0|0|0|0|0|0|0|0|0|0|0|0|0,0|0|65|0|0|0|0|0|0|0|0|0|0|0|0|0|19|42|61|57,2|2|2|2|2|2|2|2|2|2|2|2|2|2|2|2|2|2|2|2,-0.0071|-0.0427|-0.0638|-0.0696|-0.0700|-0.0762|-0.0861|-0.0871|-0.0869|-0.0843|-0.0697|-0.0576|-0.0421|-0.0302|-0.0232|-0.0213|-0.0238|-0.0241|-0.0285|-0.0447,-0.004;-0.004;0.000;0.000|-0.002;-0.006;0.000;0.000|0.066;0.028;-0.002;-0.001|0.003;-0.006;0.000;0.000|0.001;-0.007;0.000;0.000|0.044;0.007;-0.001;-0.000|0.004;-0.008;0.001;0.000|0.004;-0.008;0.001;0.000|0.055;0.007;-0.001;-0.000|0.004;-0.008;0.001;0.000|0.001;-0.008;0.000;0.000|-0.000;-0.007;0.000;0.000|-0.002;-0.006;0.000;0.000|-0.003;-0.005;0.000;0.000|-0.003;-0.005;0.000;0.000|-0.004;-0.005;0.000;0.000|0.006;0.004;-0.000;-0.000|0.017;0.013;-0.001;-0.000|0.033;0.025;-0.001;-0.001|0.046;0.026;-0.001;-0.001,0.008|0.013|0.024|0.012|0.007|0.033|0.008|-0.034|-0.029|-0.039|-0.041|0.012|0.018|0.018|-0.008|-0.013|0.001|0.001|0.001|0.013,-0.20|-0.23|0.79|-0.18|-0.31|0.42|-0.35|-0.28|0.20|-0.33|-0.26|-0.23|-0.21|-0.21|-0.20|-0.19|0.08|0.38|0.71|0.75,0.3.1
AbuDhabi_Race_Mar20_001_L12,14,False,1,1,0.0,0.0,0,0,1.05,0.0,4558.87,96,2,108651,4588.44,110,2,109701,4746.84,125,3,113952,1.116,0.0,4640.15,127,2,111152,5301,0,86,0.0,0.0,0.0,0.0,0,0,0,0,0,0,0,0,0,0,0,False,0,0,0,False,45|46|47|47,45|51|49|51,43|49|48|51,60|61|63|64,58,30,55,50,4558|4568|4578|4588|4598|4608|4618|4627|4637|4647|4657|4667|4677|4687|4697|4707|4716|4726|4736|4746,108651|109001|109351|109701|109985|110252|110518|110802|111085|111352|111635|111869|112119|112352|112619|112885|113135|113402|113669|113952,-348.8;220.8|-339.3;217.1|-330.6;211.7|-323.4;204.7|-318.2;197.6|-314.3;190.1|-311.3;181.4|-309.6;172.2|-309.0;162.5|-309.4;152.9|-310.8;142.9|-313.1;133.1|-316.0;123.2|-319.3;114.3|-323.5;104.6|-327.8;95.8|-332.6;87.0|-337.7;78.5|-343.0;70.4|-348.5;62.1,96|102|107|110|113|115|117|120|126|133|140|147|148|145|141|138|134|131|128|125,0|0|0|0|0|0|0|0|0|0|0|0|0|0|0|0|0|0|0|0,46|57|45|45|43|44|44|55|64|68|76|86|1|0|0|0|0|0|0|0,2|2|2|2|2|2|2|2|2|3|3|3|3|3|3|3|3|3|3|3,-0.0469|-0.0797|-0.0959|-0.0630|-0.0751|-0.0861|-0.0634|-0.0474|-0.0436|-0.0383|-0.0286|-0.0256|-0.0222|-0.0211|-0.0181|-0.0178|-0.0172|-0.0120|-0.0042|0.0018,0.032;0.018;-0.001;-0.001|0.060;0.022;-0.001;-0.001|0.068;0.018;-0.001;-0.000|0.050;0.017;-0.001;-0.000|0.034;0.013;-0.001;-0.000|0.063;0.018;-0.001;-0.000|0.050;0.016;-0.002;-0.000|0.031;0.018;-0.001;-0.000|0.041;0.022;-0.001;-0.001|0.092;0.046;-0.003;-0.001|0.045;0.027;-0.002;-0.001|0.050;0.031;-0.001;-0.001|-0.003;-0.005;0.000;0.000|-0.004;-0.006;0.000;0.000|-0.004;-0.006;0.000;0.000|-0.004;-0.006;0.000;0.000|-0.005;-0.006;0.000;0.000|-0.005;-0.005;0.000;0.000|-0.005;-0.005;0.000;0.000|-0.005;-0.005;0.000;0.000,-0.004|-0.004|0.008|0.020|-0.012|-0.027|0.000|0.025|0.002|0.031|0.008|-0.003|0.010|-0.001|0.006|0.005|-0.002|-0.000|0.010|0.004,0.61|0.53|0.28|0.36|0.27|0.23|0.28|0.51|0.64|1.10|0.81|0.90|-0.35|-0.37|-0.36|-0.36|-0.35|-0.34|-0.32|-0.31,0.3.1
AbuDhabi_Race_Mar20_001_L12,15,True,1,1,0.0,0.0,0,0,1.283,0.0,4779.61,124,3,114936,4884.57,166,4,117536,5005.7,152,4,120070,1.233,0.0,4921.03,172,4,118203,5134,0,68,0.0,0.0,0.0,0.0,0,0,0,0,0,0,0,0,0,0,0,False,0,0,0,False,42|47|47|49,45|46|50|50,46|44|49|47,59|61|62|63,58,30,55,50,4779|4790|4802|4814|4826|4838|4850|4862|4874|4886|4898|4909|4921|4933|4945|4957|4969|4981|4993|5005,114936|115253|115603|115903|116203|116520|116786|117070|117303|117570|117820|118020|118220|118470|118737|118987|119237|119520|119770|120070,-366.7;34.6|-373.0;24.7|-379.2;14.5|-385.0;4.2|-390.2;-6.6|-394.7;-18.3|-397.9;-29.5|-400.2;-41.9|-401.2;-53.2|-400.9;-65.5|-399.6;-76.3|-397.5;-86.3|-394.8;-95.4|-390.7;-106.0|-385.0;-117.4|-378.8;-127.4|-371.9;-137.4|-364.8;-147.0|-357.6;-156.3|-350.0;-165.7,124|127|130|139|147|154|158|161|164|166|168|170|172|175|170|166|163|159|156|152,0|0|0|0|0|0|0|0|0|0|0|0|0|0|0|0|0|0|0|0,38|41|46|77|77|71|65|59|55|55|57|61|65|0|0|0|0|0|0|0,3|3|3|3|3|3|3|3|4|4|4|4|4|4|4|4|4|4|4|4,0.0042|0.0055|0.0133|0.0221|0.0296|0.0392|0.0350|0.0433|0.0470|0.0385|0.0410|0.0399|0.0403|0.0404|0.0323|0.0181|0.0107|0.0056|0.0074|0.0142,0.010;0.010;-0.000;-0.000|0.011;0.011;-0.000;-0.000|0.012;0.014;-0.000;-0.000|0.029;0.035;-0.001;-0.001|0.024;0.035;-0.001;-0.001|0.019;0.032;-0.001;-0.001|0.015;0.023;-0.000;-0.001|0.012;0.022;-0.000;-0.000|0.013;0.026;-0.000;-0.001|0.011;0.020;-0.000;-0.000|0.011;0.018;-0.000;-0.000|0.014;0.026;-0.000;-0.000|0.015;0.025;-0.000;-0.001|-0.005;-0.001;0.000;0.000|-0.006;-0.003;0.000;0.001|-0.004;-0.003;0.000;0.000|-0.005;-0.004;0.000;0.000|-0.004;-0.004;0.000;0.000|-0.004;-0.004;0.000;0.000|-0.005;-0.004;0.000;0.000,-0.002|0.003|0.008|-0.057|-0.024|-0.009|-0.008|0.015|0.000|0.015|0.033|-0.137|-0.026|-0.007|-0.027|-0.064|-0.009|0.004|0.004|0.004,0.27|0.26|0.33|0.85|0.78|0.56|0.41|0.26|0.24|0.25|0.26|0.27|0.35|-0.39|-0.44|-0.40|-0.39|-0.37|-0.36|-0.35,0.3.1
AbuDhabi_Race_Mar20_001_L12,16,False,1,1,5045.11,140,4,121037,1.233,0.0,5023.77,147,4,120487,5091.05,97,2,122537,5214.54,141,3,126438,0.884,0.0,5193.66,125,2,125888,5951,36,81,0.0,0.0,0.0,0.0,0,0,0,0,0,0,0,0,0,0,0,False,0,0,0,False,46|44|48|47,45|44|47|45,48|43|51|48,58|60|62|63,58,30,55,50,5023|5033|5043|5053|5063|5073|5083|5093|5103|5113|5123|5133|5143|5153|5163|5173|5183|5194|5204|5214,120487|120754|121004|121271|121571|121887|122271|122638|123021|123354|123654|123921|124271|124638|124971|125305|125588|125905|126172|126438,-338.1;-179.3|-331.1;-186.6|-324.1;-193.7|-316.9;-200.8|-309.1;-207.7|-300.9;-213.9|-291.9;-219.4|-282.6;-223.2|-272.4;-225.6|-262.5;-226.2|-254.3;-225.5|-246.1;-223.3|-236.9;-219.0|-227.9;-212.3|-221.0;-204.6|-215.4;-196.0|-210.9;-187.4|-206.8;-178.1|-202.9;-168.7|-199.1;-159.3,147|144|141|131|117|107|100|97|99|103|106|108|110|111|110|113|118|125|133|141,0|0|6|36|27|19|14|2|0|0|0|0|0|0|0|0|0|0|0|0,0|0|0|0|0|0|24|25|36|38|38|38|37|26|26|45|58|66|76|81,4|4|4|3|3|2|2|2|2|2|2|2|2|2|2|2|2|2|2|3,0.0087|0.0057|0.0098|0.0193|0.0286|0.0405|0.0646|0.0654|0.0665|0.0786|0.0833|0.0841|0.0888|0.0844|0.0529|0.0426|0.0264|0.0095|-0.0012|-0.0039,-0.004;-0.004;0.000;0.000|-0.004;-0.004;0.000;0.000|-0.007;-0.006;-0.002;-0.003|-0.024;-0.025;-0.014;-0.019|-0.020;-0.017;-0.010;-0.020|-0.014;-0.012;-0.007;-0.012|-0.001;0.004;-0.006;-0.012|0.003;0.010;-0.001;-0.003|0.009;0.020;-0.000;-0.000|0.009;0.021;-0.000;-0.001|0.008;0.022;-0.000;-0.000|0.010;0.032;-0.000;-0.001|0.010;0.031;-0.000;-0.001|0.005;0.019;-0.000;-0.000|0.010;0.036;-0.000;-0.000|0.010;0.027;-0.000;-0.002|0.022;0.032;-0.001;-0.001|0.031;0.031;-0.002;-0.003|0.031;0.038;-0.001;-0.001|0.116;0.108;-0.002;-0.001,-0.017|0.063|0.003|0.007|-0.037|-0.009|-0.006|-0.028|-0.022|0.083|0.064|-0.002|0.002|-0.020|0.025|0.142|-0.070|-0.002|-0.047|-0.013,-0.33|-0.31|-0.48|-1.44|-1.14|-0.83|-0.37|0.01|0.26|0.28|0.22|0.23|0.18|-0.00|0.14|0.42|0.55|0.98|0.70|1.24,0.3.1
AbuDhabi_Race_Mar20_001_L13,1,False,1,1,285.25,291,7,4033,0.45,0.0,299.73,275,7,4216,414.86,136,3,6416,517.01,197,4,8716,0.666,0.0,436.21,139,3,6933,4683,91,100,16.7,16.4,0.0,6.0,1,0,1,0,0,0,0,0,0,0,0,False,0,0,0,False,39|38|53|53,55|66|54|64,50|62|60|68,59|60|63|63,58,30,55,50,299|310|322|333|345|356|367|379|390|402|413|425|436|447|459|470|482|493|504|517,4216|4383|4550|4716|4933|5133|5366|5616|5900|6150|6383|6650|6950|7250|7516|7783|8050|8300|8500|8716,-46.6;173.3|-41.4;184.4|-36.5;194.7|-31.7;204.1|-25.8;214.3|-19.2;224.0|-11.8;232.9|-3.6;240.7|5.5;247.3|14.3;251.7|23.5;254.4|32.9;255.7|44.3;255.2|55.9;252.7|66.9;248.9|77.5;244.4|87.8;239.4|98.7;233.9|108.5;228.6|118.6;222.8,275|254|237|220|203|186|171|157|146|139|137|136|139|144|151|160|170|179|189|197,85|84|74|65|58|48|39|26|14|0|0|0|0|0|0|0|0|0|0|0,10|8|8|8|7|7|7|7|8|34|45|55|65|71|84|95|100|100|100|100,7|6|6|6|5|5|4|4|3|3|3|3|3|3|3|3|3|4|4|4,0.0004|-0.0065|-0.0189|-0.0226|-0.0360|-0.0541|-0.0519|-0.0664|-0.0979|-0.1160|-0.1037|-0.1008|-0.0620|-0.0381|-0.0213|-0.0093|-0.0062|-0.0067|-0.0054|-0.0049,-0.026;-0.026;-0.026;-0.027|-0.015;-0.014;-0.029;-0.030|-0.029;-0.026;-0.037;-0.026|-0.026;-0.026;-0.044;-0.018|-0.029;-0.024;-0.082;-0.019|-0.027;-0.025;-0.124;-0.017|-0.022;-0.020;-0.156;-0.014|-0.012;-0.016;-0.042;-0.009|-0.003;-0.011;-0.037;-0.006|0.039;0.006;0.003;0.001|0.069;0.026;0.002;-0.000|0.058;0.020;-0.001;-0.000|0.052;0.021;-0.002;-0.000|0.039;0.021;-0.001;-0.001|0.047;0.027;-0.001;-0.001|0.041;0.032;-0.002;-0.001|0.076;0.043;-0.001;-0.001|0.105;0.092;-0.001;-0.001|0.061;0.048;-0.001;-0.001|0.048;0.039;-0.001;-0.001,0.009|0.072|0.045|-0.023|-0.019|-0.016|-0.007|0.016|0.015|0.057|-0.045|0.009|0.017|0.008|-0.066|-0.056|0.055|0.024|-0.004|0.025,-3.37|-3.09|-3.08|-2.60|-2.39|-2.04|-1.77|-1.32|-1.00|-0.31|0.04|0.17|0.46|0.60|0.82|1.36|1.16|1.31|1.15|1.07,0.3.1
AbuDhabi_Race_Mar20_001_L13,2,True,1,1,0.0,0.0,0,0,0.633,0.0,580.02,232,5,9783,662.89,251,6,10983,716.04,259,6,11733,0.684,0.0,700.5,256,6,11516,1950,0,100,15.3,15.3,0.0,3.4,0,0,0,0,0,0,0,0,0,0,0,False,0,0,0,False,48|57|62|68,53|71|68|79,56|80|72|87,59|62|64|65,58,30,55,50,579|586|594|601|608|615|622|629|636|644|651|658|665|672|679|687|694|701|708|716,9783|9900|10000|10100|10216|10333|10433|10550|10666|10750|10850|10950|11050|11133|11233|11333|11433|11533|11633|11733,171.3;188.4|177.2;183.6|183.0;178.6|187.9;174.0|193.3;168.5|197.8;163.5|202.9;157.4|206.9;151.9|211.4;145.2|214.9;139.2|217.5;134.1|220.5;127.7|223.1;121.3|225.0;115.8|227.0;109.0|228.7;102.2|230.1;95.2|231.3;88.2|232.1;81.1|232.6;73.9,232|235|237|239|241|243|245|247|248|249|250|251|252|252|253|254|255|257|258|259,0|0|0|0|0|0|0|0|0|0|0|0|0|0|0|0|0|0|0|0,100|100|100|100|100|100|100|100|100|100|100|100|100|100|100|100|100|100|100|100,5|5|5|5|5|5|6|6|6|6|6|6|6|6|6|6|6|6|6|6,-0.0222|-0.0252|-0.0272|-0.0332|-0.0332|-0.0347|-0.0332|-0.0364|-0.0409|-0.0447|-0.0446|-0.0438|-0.0393|-0.0360|-0.0385|-0.0400|-0.0364|-0.0327|-0.0272|-0.0197,0.040;0.028;-0.001;-0.001|0.039;0.026;-0.001;-0.001|0.041;0.021;-0.001;-0.001|0.055;0.052;-0.000;-0.001|0.043;0.026;-0.000;-0.001|0.038;0.022;-0.001;-0.001|0.053;0.030;-0.001;-0.001|0.036;0.020;-0.001;-0.001|0.043;0.023;-0.001;-0.001|0.040;0.021;-0.001;-0.000|0.046;0.024;-0.001;-0.000|0.051;0.025;-0.001;-0.000|0.045;0.022;-0.001;-0.000|0.043;0.023;-0.001;-0.000|0.055;0.028;-0.001;-0.001|0.048;0.026;-0.001;-0.000|0.045;0.025;-0.001;-0.000|0.040;0.023;-0.001;-0.000|0.038;0.023;-0.001;-0.000|0.033;0.021;-0.001;-0.000,0.021|-0.008|-0.013|0.282|-0.107|-0.013|0.013|0.009|-0.020|-0.005|-0.018|-0.046|-0.035|-0.041|-0.076|-0.024|-0.014|-0.025|-0.041|-0.026,0.75|0.69|0.68|0.56|0.47|0.59|0.81|0.54|0.49|0.43|0.42|0.39|0.42|0.40|0.40|0.43|0.48|0.46|0.48|0.53,0.3.1
AbuDhabi_Race_Mar20_001_L13,3,True,1,1,0.0,0.0,0,0,0.684,0.0,724.5,261,6,11849,847.25,261,7,13466,998.99,269,7,15566,0.933,0.0,838.48,262,7,13349,3717,0,100,3.2,1.9,0.0,0.0,0,0,0,0,0,0,0,0,0,0,0,False,0,0,0,False,56|79|72|87,91|78|90|86,110|75|100|85,60|63|65|66,58,30,55,50,723|738|752|767|781|796|810|825|839|854|868|883|897|912|926|941|955|969|984|998,11849|12033|12249|12433|12599|12783|12983|13183|13366|13549|13766|13949|14149|14366|14566|14766|14983|15183|15383|15566,233.0;65.5|233.0;50.8|233.2;36.1|233.9;22.4|235.7;8.9|238.8;-4.4|243.7;-18.3|249.4;-30.5|256.2;-42.0|264.9;-53.7|274.8;-64.2|285.7;-73.6|296.4;-81.0|310.0;-88.4|323.1;-93.9|336.7;-98.0|351.9;-100.8|366.2;-102.3|380.8;-103.2|394.3;-104.1,261|264|267|268|267|266|265|263|262|260|259|257|256|256|256|256|257|260|265|269,0|0|0|0|0|0|0|0|0|0|0|0|0|0|0|0|0|0|0|0,100|100|100|100|100|100|100|100|100|100|100|100|100|100|100|100|100|100|100|100,6|6|6|6|6|7|7|7|7|7|7|7|7|7|7|7|7|7|7|7,-0.0099|0.0087|0.0201|0.0546|0.0602|0.0589|0.0781|0.0846|0.0844|0.0800|0.0768|0.0787|0.0807|0.0730|0.0610|0.0548|0.0287|0.0047|-0.0013|-0.0042,0.029;0.021;-0.001;-0.000|0.017;0.018;-0.000;-0.000|0.016;0.020;-0.000;-0.000|0.015;0.027;-0.000;-0.000|0.018;0.036;-0.000;0.000|0.018;0.037;-0.000;0.000|0.020;0.039;-0.000;0.000|0.022;0.045;-0.000;0.001|0.020;0.041;-0.000;0.000|0.019;0.039;-0.000;0.000|0.021;0.044;-0.000;0.000|0.021;0.043;-0.000;0.000|0.022;0.043;-0.000;-0.000|0.020;0.039;-0.000;-0.000|0.018;0.035;-0.000;-0.000|0.019;0.036;-0.000;-0.000|0.019;0.031;-0.000;-0.001|0.021;0.028;-0.000;-0.001|0.021;0.022;-0.001;-0.001|0.021;0.020;-0.001;-0.001,-0.001|-0.001|-0.006|0.027|0.010|0.023|-0.001|-0.020|-0.036|-0.004|0.009|-0.014|-0.023|-0.023|0.003|-0.012|-0.051|-0.037|-0.015|-0.001,0.55|0.39|0.34|0.15|0.03|0.04|0.01|-0.00|0.01|0.01|0.03|0.06|0.11|0.14|0.18|0.21|0.34|0.63|0.62|0.60,0.3.1
AbuDhabi_Race_Mar20_001_L13,4,True,1,1,0.0,0.0,0,0,0.934,0.0,1004.07,270,7,15633,1081.88,287,7,16616,1151.66,297,8,17449,0.933,0.0,1036.45,278,7,16049,1816,0,100,6.4,4.7,0.0,0.0,0,0,0,0,0,0,0,0,0,0,0,False,0,0,0,False,108|74|99|84,92|67|88|79,81|62|80|75,63|64|67|68,58,30,55,50,1002|1010|1018|1026|1034|1041|1049|1057|1065|1073|1080|1088|1096|1104|1112|1119|1127|1135|1143|1151,15633|15733|15833|15933|16033|16133|16199|16299|16399|16516|16616|16683|16783|16899|16999|17066|17166|17266|17366|17449,399.3;-104.4|406.8;-105.0|414.4;-105.6|422.0;-106.4|429.6;-107.3|437.3;-108.3|443.7;-109.3|451.5;-110.5|459.2;-111.9|467.0;-113.4|474.8;-115.1|481.3;-116.6|489.1;-118.6|496.9;-120.7|504.7;-123.0|511.2;-125.0|519.0;-127.5|526.8;-130.1|533.2;-132.4|541.0;-135.1,270|272|274|276|278|279|281|283|284|286|287|288|290|291|293|294|295|296|296|297,0|0|0|0|0|0|0|0|0|0|0|0|0|0|0|0|0|0|0|0,100|100|100|100|100|100|100|100|100|100|100|100|100|100|100|100|100|100|100|100,7|7|7|7|7|7|7|7|7|7|7|7|7|7|7|7|8|8|8|8,-0.0072|-0.0089|-0.0100|-0.0112|-0.0069|-0.0065|-0.0080|-0.0107|-0.0117|-0.0127|-0.0113|-0.0098|-0.0093|-0.0087|-0.0080|-0.0072|-0.0057|-0.0061|-0.0055|-0.0038,0.024;0.019;-0.001;-0.001|0.023;0.020;-0.001;-0.001|0.023;0.018;-0.001;-0.000|0.023;0.019;-0.001;-0.001|0.023;0.018;-0.001;-0.000|0.022;0.018;-0.001;-0.001|0.023;0.019;-0.001;-0.001|0.020;0.017;-0.000;-0.001|0.020;0.017;-0.001;-0.000|0.022;0.018;-0.000;-0.000|0.020;0.017;-0.000;-0.000|0.020;0.017;-0.001;-0.000|0.019;0.016;-0.000;-0.000|0.018;0.016;-0.000;-0.000|0.018;0.016;-0.000;-0.000|0.018;0.016;-0.000;-0.000|0.021;0.019;-0.001;-0.000|0.015;0.013;-0.000;-0.000|0.014;0.013;-0.000;-0.000|0.014;0.013;-0.000;-0.000,0.012|-0.063|-0.149|0.060|0.003|0.010|-0.040|-0.037|-0.011|0.036|-0.009|0.023|0.019|0.034|0.027|0.009|0.010|0.023|0.034|0.019,0.58|0.57|0.47|0.57|0.51|0.52|0.50|0.48|0.47|0.45|0.42|0.43|0.42|0.41|0.39|0.39|0.49|0.21|0.21|0.20,0.3.1
AbuDhabi_Race_Mar20_001_L13,5,False,1,1,1307.21,306,8,19306,0.983,0.0,1314.25,300,8,19406,1468.93,104,2,22756,1580.64,182,4,25772,1.367,0.0,1512.21,116,2,24106,6466,100,100,7.5,5.4,0.0,7.1,1,0,0,0,1,0,0,0,0,0,0,False,0,0,0,False,63|52|66|64,70|78|61|68,58|69|65|71,65|66|70|70,58,30,55,50,1313|1327|1341|1355|1369|1383|1397|1412|1426|1440|1454|1468|1482|1496|1510|1524|1538|1552|1566|1580,19406|19572|19756|19989|20206|20506|20822|21189|21622|22006|22389|22739|23122|23572|24039|24489|24856|25206|25489|25772,690.5;-199.4|703.8;-205.5|716.0;-211.1|728.8;-217.1|741.0;-223.1|753.5;-230.2|764.9;-238.3|775.6;-248.3|783.2;-259.9|786.9;-271.6|787.1;-283.0|784.4;-292.9|778.5;-302.4|768.8;-310.9|755.1;-316.8|740.7;-319.3|726.8;-320.0|712.2;-319.7|698.6;-318.8|684.8;-317.6,300|275|250|222|196|171|148|127|114|109|106|105|106|109|114|129|144|156|170|182,73|100|100|100|75|65|46|22|6|3|0|0|0|0|0|0|0|0|0|0,18|7|7|6|5|4|4|4|11|26|30|36|45|46|60|88|100|100|100|100,8|8|7|7|6|5|4|4|3|2|2|2|2|2|2|2|2|3|3|4,-0.0019|0.0004|-0.0026|-0.0068|-0.0187|-0.0347|-0.0714|-0.1038|-0.1103|-0.1258|-0.1531|-0.1504|-0.1304|-0.1040|-0.0518|-0.0267|-0.0145|-0.0080|-0.0032|0.0013,-0.018;-0.018;-0.020;-0.019|-0.029;-0.028;-0.030;-0.029|-0.034;-0.034;-0.036;-0.034|-0.046;-0.042;-0.057;-0.038|-0.035;-0.031;-0.045;-0.024|-0.032;-0.027;-0.070;-0.021|-0.044;-0.035;-0.414;-0.024|-0.014;-0.017;-0.108;-0.012|0.009;-0.008;-0.022;-0.003|0.029;0.005;-0.010;-0.002|0.033;0.006;0.002;-0.000|0.040;0.010;0.000;-0.000|0.072;0.018;-0.001;-0.000|0.076;0.021;-0.002;-0.000|0.062;0.024;-0.002;-0.000|0.069;0.040;-0.002;-0.001|0.056;0.039;-0.001;-0.001|0.096;0.075;-0.002;-0.001|0.046;0.042;-0.001;-0.001|0.047;0.046;-0.001;-0.001,-0.013|0.027|0.016|0.002|-0.016|0.005|-0.029|-0.041|-0.025|-0.019|-0.016|0.035|-0.010|0.029|0.016|-0.000|-0.026|-0.005|-0.015|-0.040,-2.95|-3.95|-3.87|-3.70|-2.83|-2.46|-1.90|-1.22|-0.62|-0.23|-0.15|0.01|0.20|0.26|0.61|1.15|1.11|1.54|1.26|1.48,0.3.1
AbuDhabi_Race_Mar20_001_L13,6,False,1,1,2510.59,319,8,37339,1.583,0.0,2531.91,290,8,37589,2680.06,68,1,41272,2697.59,77,1,42205,1.767,0.0,0.0,0.0,0,0,4866,100,47,30.9,26.4,0.0,11.8,0,0,0,0,0,0,0,0,0,0,0,False,0,0,0,False,40|40|51|51,57|71|53|62,56|71|54|62,69|70|74|75,58,30,55,50,2530|2539|2548|2556|2565|2574|2583|2592|2600|2609|2618|2627|2635|2644|2653|2662|2671|2679|2688|2697,37589|37689|37806|37956|38072|38206|38372|38522|38705|38872|39072|39322|39539|39822|40139|40422|40772|41255|41739|42205,-265.8;-304.9|-273.6;-304.9|-282.3;-304.9|-291.6;-305.0|-300.3;-305.1|-308.5;-305.2|-317.2;-305.3|-326.3;-305.4|-334.9;-305.5|-343.7;-305.7|-352.4;-305.8|-361.6;-305.5|-369.8;-304.6|-378.8;-302.2|-387.2;-298.1|-392.9;-293.3|-397.5;-286.9|-399.8;-277.0|-397.6;-268.1|-392.7;-260.2,290|276|259|242|227|214|203|191|180|165|149|134|123|112|100|90|80|69|70|77,100|100|100|93|75|69|50|52|55|68|67|41|29|21|16|11|7|0|0|0,4|4|4|4|4|4|4|4|4|4|4|3|2|2|2|2|2|17|28|47,8|8|8|7|7|7|6|6|5|4|4|3|2|2|1|1|1|1|1|1,-0.0002|0.0025|0.0020|0.0017|0.0013|0.0002|0.0005|0.0016|0.0003|-0.0025|-0.0178|-0.0452|-0.0739|-0.1217|-0.1786|-0.2374|-0.2823|-0.2411|-0.1061|-0.0450,-0.030;-0.029;-0.029;-0.029|-0.032;-0.032;-0.031;-0.032|-0.034;-0.035;-0.033;-0.035|-0.034;-0.035;-0.033;-0.036|-0.027;-0.028;-0.025;-0.026|-0.027;-0.027;-0.024;-0.023|-0.019;-0.019;-0.016;-0.016|-0.021;-0.022;-0.018;-0.019|-0.024;-0.025;-0.020;-0.020|-0.014;-0.015;-0.031;-0.029|-0.047;-0.040;-0.045;-0.026|-0.020;-0.021;-0.047;-0.014|-0.068;-0.064;-0.050;-0.010|-0.009;-0.017;-0.079;-0.012|0.002;-0.008;-0.098;-0.014|0.011;-0.005;-0.051;-0.012|0.042;-0.003;-0.023;-0.010|0.138;0.011;-0.000;-0.000|0.114;0.018;-0.004;0.000|0.083;0.157;-0.002;-0.001,0.004|0.001|0.002|0.004|0.004|-0.003|0.012|0.004|-0.002|0.005|0.001|0.004|-0.008|0.012|-0.009|-0.004|0.015|-0.022|0.139|0.310,-4.04|-3.97|-3.89|-3.64|-2.96|-2.72|-2.06|-2.06|-2.10|-2.33|-2.36|-1.58|-1.48|-1.09|-0.94|-0.96|-0.91|-0.30|0.36|0.42,0.3.1
AbuDhabi_Race_Mar20_001_L13,7,False,1,1,0.0,0.0,0,0,1.767,0.0,2698.64,80,1,42239,2733.7,77,2,43572,2766.77,105,2,44955,1.867,0.0,2757.22,94,2,44589,2716,0,75,0.0,0.0,0.0,0.9,0,0,0,0,0,0,0,0,0,0,0,False,0,0,0,False,56|71|54|62,61|67|58|61,60|63|60|62,69|70|74|75,58,30,55,50,2698|2701|2705|2709|2712|2716|2719|2723|2727|2730|2734|2737|2741|2744|2748|2752|2755|2759|2762|2766,42239|42405|42572|42705|42855|43005|43155|43272|43372|43472|43605|43739|43922|44072|44255|44389|44555|44689|44822|44955,-392.1;-259.4|-390.0;-256.6|-387.6;-253.4|-385.6;-250.4|-384.0;-247.2|-382.9;-244.3|-382.1;-241.0|-381.8;-238.4|-381.8;-236.2|-382.0;-234.0|-382.5;-231.2|-383.4;-228.2|-384.9;-224.9|-386.8;-221.6|-389.0;-218.4|-391.2;-215.6|-393.8;-212.8|-396.3;-210.4|-399.1;-208.1|-402.1;-205.7,80|84|86|86|85|83|81|79|78|77|77|77|79|81|85|88|92|96|100|105,0|0|0|0|0|0|0|0|0|0|0|0|0|0|0|0|0|0|0|0,48|46|25|16|10|10|13|14|17|21|24|37|48|56|59|61|64|66|68|76,1|2|2|2|2|2|2|2|2|2|2|2|2|2|2|2|2|2|2|2,-0.0389|0.0042|0.0755|0.1459|0.1984|0.2013|0.1719|0.1564|0.1500|0.1472|0.1381|0.1155|0.0966|0.0915|0.0804|0.0673|0.0646|0.0544|0.0413|0.0314,0.074;0.024;-0.032;-0.001|0.018;0.021;-0.001;-0.000|0.005;0.011;-0.000;0.000|-0.000;0.016;-0.000;0.001|-0.002;0.023;0.000;0.002|-0.001;0.042;0.000;0.002|0.002;0.065;0.000;0.001|0.003;0.088;0.001;0.001|0.009;0.108;0.001;0.001|0.014;0.089;0.000;0.001|0.010;0.059;0.000;0.001|0.012;0.043;-0.000;-0.003|0.014;0.029;-0.000;-0.001|0.018;0.052;-0.001;-0.001|0.022;0.078;-0.001;-0.001|0.031;0.126;-0.001;-0.001|0.038;0.111;-0.001;-0.002|0.039;0.086;-0.001;-0.003|0.035;0.075;-0.002;-0.001|0.051;0.087;-0.001;-0.001,0.009|-0.045|0.008|-0.001|-0.001|-0.023|-0.027|-0.016|-0.032|0.110|0.011|0.008|0.020|0.018|-0.024|-0.048|0.000|0.001|0.021|-0.016,1.78|0.48|0.11|-0.17|-0.37|-0.43|-0.31|-0.34|-0.25|-0.07|-0.07|0.18|0.40|0.53|0.58|0.66|0.84|0.90|0.89|0.97,0.3.1
AbuDhabi_Race_Mar20_001_L13,8,True,1,1,0.0,0.0,0,0,1.867,0.0,2791.75,137,3,45705,2910.43,228,6,47955,3092.18,284,7,50455,1.533,0.0,2838.35,182,4,46739,4750,0,100,1.4,1.4,0.0,2.0,0,0,0,0,0,0,0,0,0,0,0,False,0,0,0,False,58|60|63|66,51|53|69|70,47|49|63|66,69|71|74|75,58,30,55,50,2791|2807|2822|2838|2854|2870|2886|2901|2917|2933|2949|2964|2980|2996|3012|3028|3043|3059|3075|3092,45705|46072|46422|46755|47055|47322|47572|47822|48089|48305|48555|48772|48989|49205|49439|49639|49839|50039|50255|50455,-423.2;-192.0|-436.2;-183.7|-449.2;-174.8|-461.5;-165.3|-473.5;-155.0|-484.3;-144.8|-495.5;-133.8|-506.0;-122.8|-516.4;-110.8|-525.7;-98.8|-534.8;-86.1|-543.6;-72.6|-551.3;-59.4|-558.5;-45.7|-565.4;-31.5|-572.1;-16.8|-578.1;-3.0|-584.0;11.2|-590.2;26.7|-596.0;41.3,137|154|169|183|195|206|215|224|231|238|244|250|255|260|265|269|273|277|280|284,0|0|0|0|0|0|0|0|0|0|0|0|0|0|0|0|0|0|0|0,97|100|100|100|100|100|100|100|100|100|100|100|100|100|100|100|100|100|100|100,3|3|4|4|5|5|5|5|6|6|6|6|6|7|7|7|7|7|7|7,-0.0060|-0.0070|-0.0093|-0.0105|-0.0107|-0.0014|-0.0122|-0.0185|-0.0107|-0.0120|-0.0131|-0.0125|-0.0118|-0.0095|-0.0060|-0.0055|-0.0029|-0.0028|-0.0008|-0.0011,0.073;0.050;-0.001;-0.001|0.049;0.054;-0.001;-0.001|0.093;0.059;-0.002;-0.001|0.066;0.044;-0.001;-0.001|0.059;0.039;-0.001;-0.001|0.038;0.033;-0.001;-0.001|0.040;0.029;-0.001;-0.001|0.037;0.026;-0.001;-0.001|0.034;0.025;-0.001;-0.001|0.032;0.024;-0.001;-0.001|0.032;0.023;-0.001;-0.001|0.031;0.022;-0.001;-0.001|0.024;0.020;-0.001;-0.001|0.025;0.022;-0.001;-0.001|0.021;0.019;-0.001;-0.001|0.021;0.019;-0.001;-0.001|0.020;0.018;-0.001;-0.000|0.020;0.019;-0.001;-0.000|0.019;0.019;-0.000;-0.000|0.019;0.018;-0.000;-0.000,-0.002|-0.081|0.021|0.020|0.016|-0.002|-0.004|-0.003|-0.023|-0.007|-0.005|0.005|-0.014|-0.014|0.005|0.014|-0.003|0.003|-0.004|-0.001,1.16|1.03|1.35|1.20|1.25|1.06|0.87|0.90|0.85|0.81|0.76|0.71|0.67|0.56|0.59|0.56|0.54|0.52|0.49|0.46,0.3.1
AbuDhabi_Race_Mar20_001_L13,9,False,1,1,3569.25,314,8,56097,1.783,0.0,3577.9,307,8,56214,3701.21,143,4,58380,3950.8,218,5,63364,1.783,0.0,3730.22,145,4,59030,7267,100,100,23.4,18.6,0.0,6.1,1,0,0,1,0,0,0,0,0,0,0,False,0,0,0,False,42|43|52|56,70|88|57|70,59|89|67|81,70|73|77|79,58,30,55,50,3576|3596|3615|3635|3655|3674|3694|3714|3733|3753|3773|3792|3812|3832|3851|3871|3891|3910|3930|3950,56214|56447|56697|57030|57414|57797|58230|58664|59130|59580|59980|60380|60780|61164|61547|61930|62297|62680|63014|63364,-719.3;509.4|-721.2;528.2|-722.2;547.2|-721.3;567.8|-717.6;587.2|-710.4;604.5|-699.3;618.8|-685.3;628.8|-667.6;634.6|-649.5;635.8|-631.4;633.1|-614.6;626.4|-599.9;616.2|-587.4;602.9|-578.0;586.8|-572.0;568.8|-569.6;549.3|-569.9;529.5|-572.5;509.8|-576.8;490.5,307|275|240|207|181|159|144|143|147|154|161|165|170|173|176|181|188|199|209|218,67|100|86|53|30|22|0|0|0|0|0|0|0|0|0|0|0|0|0|0,16|8|8|5|3|3|45|56|67|72|72|72|72|74|75|78|98|100|100|100,8|8|7|6|5|4|4|4|4|4|4|4|4|4|4|4|4|5|5|5,-0.0029|-0.0135|-0.0332|-0.0639|-0.1021|-0.1354|-0.1558|-0.1119|-0.0507|-0.0524|-0.0751|-0.0627|-0.0733|-0.0751|-0.0662|-0.0479|-0.0283|-0.0260|-0.0173|-0.0132,-0.016;-0.016;-0.017;-0.017|-0.033;-0.030;-0.039;-0.030|-0.044;-0.033;-0.145;-0.026|-0.024;-0.022;-0.250;-0.020|-0.016;-0.017;-0.219;-0.013|-0.013;-0.016;-0.141;-0.013|0.036;0.011;0.002;-0.000|0.047;0.015;-0.001;-0.000|0.035;0.017;-0.002;-0.000|0.038;0.019;-0.001;-0.001|0.052;0.020;-0.001;-0.000|0.049;0.020;-0.002;-0.000|0.049;0.020;-0.001;-0.000|0.049;0.020;-0.002;-0.001|0.047;0.020;-0.002;-0.000|0.039;0.019;-0.002;-0.000|0.045;0.026;-0.001;-0.001|0.033;0.019;-0.001;-0.000|0.034;0.024;-0.001;-0.001|0.030;0.023;-0.001;-0.001,0.008|0.058|0.011|-0.016|-0.023|-0.026|0.000|-0.014|0.029|0.007|-0.007|0.014|-0.005|-0.055|-0.005|-0.030|-0.027|-0.029|-0.023|-0.024,-2.83|-3.96|-3.40|-2.29|-1.81|-1.51|-0.22|0.08|0.53|0.56|0.40|0.43|0.39|0.31|0.39|0.48|0.84|0.68|0.79|0.78,0.3.1
AbuDhabi_Race_Mar20_001_L13,10,True,1,1,0.0,0.0,0,0,1.8,0.0,4054.02,254,6,64914,4162.91,269,7,66397,4164.16,269,7,66414,1.733,0.0,4162.91,269,7,66397,1500,0,100,3.4,0.0,0.0,7.6,0,0,0,0,0,0,0,0,0,0,0,False,0,0,0,False,53|73|64|72,63|70|72|71,64|70|72|72,71|76|78|81,58,30,55,50,4052|4058|4064|4070|4076|4082|4087|4093|4099|4105|4111|4117|4122|4128|4134|4140|4146|4152|4157|4164,64914|65014|65064|65147|65247|65314|65397|65497|65547|65647|65731|65781|65881|65947|66031|66114|66181|66264|66347|66414,-607.8;391.8|-609.2;386.1|-610.4;381.5|-611.7;375.7|-613.0;369.8|-614.3;364.0|-615.4;358.0|-616.3;352.0|-617.0;347.2|-617.8;341.1|-618.4;335.0|-618.7;330.1|-619.0;323.9|-619.2;317.7|-619.1;311.5|-618.9;306.5|-618.5;300.3|-617.8;294.1|-616.8;288.0|-615.9;283.1,254|255|256|258|259|260|261|263|263|264|265|266|267|267|268|268|268|268|268|269,0|0|0|0|0|0|0|0|0|0|0|0|0|0|0|0|0|0|0|0,100|100|100|100|100|100|100|100|100|100|100|100|100|100|100|100|100|100|100|100,6|6|6|6|6|7|7|7|7|7|7|7|7|7|7|7|7|7|7|7,0.0081|0.0089|0.0111|0.0124|0.0141|0.0178|0.0200|0.0195|0.0202|0.0195|0.0190|0.0218|0.0310|0.0359|0.0377|0.0434|0.0458|0.0444|0.0446|0.0453,0.018;0.020;-0.000;-0.001|0.017;0.020;-0.000;-0.000|0.017;0.020;-0.000;-0.000|0.017;0.020;-0.000;-0.000|0.016;0.019;-0.000;-0.000|0.011;0.015;-0.000;-0.000|0.015;0.019;-0.000;-0.000|0.015;0.020;-0.000;-0.000|0.015;0.021;-0.000;-0.000|0.015;0.021;-0.000;-0.000|0.015;0.019;-0.000;-0.000|0.015;0.020;-0.000;-0.000|0.015;0.021;-0.000;-0.000|0.016;0.026;-0.000;-0.000|0.016;0.026;-0.000;-0.000|0.016;0.029;-0.000;-0.000|0.016;0.029;-0.000;-0.000|0.016;0.030;-0.000;-0.000|0.016;0.030;-0.000;-0.000|0.016;0.029;-0.000;-0.000,-0.006|0.005|0.018|0.008|0.008|0.015|0.009|0.006|0.010|0.000|0.007|0.016|0.019|0.034|-0.004|0.026|-0.003|0.002|-0.010|-0.010,0.53|0.50|0.47|0.47|0.45|0.25|0.42|0.39|0.38|0.37|0.38|0.35|0.30|0.26|0.23|0.21|0.18|0.18|0.17|0.18,0.3.1
AbuDhabi_Race_Mar20_001_L13,11,True,1,1,0.0,0.0,0,0,1.733,0.0,4165.4,269,7,66431,4165.4,269,7,66431,4239.34,273,7,67414,1.7,0.0,0.0,0.0,0,0,983,6,0,1.0,0.0,0.0,0.1,0,0,0,0,0,0,0,0,0,0,0,False,0,0,0,False,64|70|72|72,64|70|72|72,71|69|77|72,71|76|78|81,58,30,55,50,4164|4170|4175|4180|4185|4191|4196|4201|4206|4211|4217|4222|4227|4232|4238|4243|4248|4253|4259|4239,66431|66514|66581|66647|66714|66781|66848|66931|66998|67081|67131|67214|67281|67348|67414,-615.6;281.9|-614.5;277.0|-613.2;272.2|-611.3;266.3|-609.7;261.5|-608.0;256.9|-606.1;252.2|-603.6;246.5|-601.5;241.9|-599.3;237.3|-597.1;232.8|-594.2;227.1|-591.8;222.7|-589.2;218.3|-586.5;213.9,269|269|269|269|269|270|270|271|272|273|273|274|274|275|273,0|0|0|0|0|0|0|0|0|0|0|0|0|0|12,100|100|100|100|100|100|100|100|100|100|100|100|100|93|51,7|7|7|7|7|7|7|7|7|7|7|7|7|7|7,0.0452|0.0438|0.0419|0.0365|0.0295|0.0233|0.0183|0.0104|0.0094|0.0138|0.0201|0.0344|0.0428|0.0400|0.0384,0.016;0.029;-0.000;-0.000|0.016;0.029;-0.000;-0.000|0.016;0.029;-0.000;-0.000|0.016;0.028;-0.000;-0.000|0.016;0.027;-0.000;-0.001|0.016;0.024;-0.000;-0.001|0.016;0.022;-0.000;-0.001|0.016;0.020;-0.000;-0.000|0.015;0.018;-0.000;-0.000|0.016;0.019;-0.000;-0.000|0.015;0.020;-0.000;-0.000|0.015;0.022;-0.000;-0.000|0.015;0.025;-0.000;-0.000|0.014;0.025;-0.000;-0.000|0.001;0.005;-0.003;-0.005,-0.013|-0.012|0.005|-0.021|-0.018|-0.019|-0.032|-0.029|-0.014|0.006|0.015|0.053|0.021|0.015|0.040,0.18|0.18|0.19|0.22|0.25|0.29|0.32|0.35|0.37|0.35|0.34|0.27|0.21|0.14|-0.78,0.3.1
AbuDhabi_Race_Mar20_001_L13,12,False,1,1,4240.7,273,7,67431,1.7,0.0,4265.73,239,7,67748,4366.68,94,2,70115,4438.7,135,3,72299,1.417,0.0,4413.84,111,2,71565,4868,83,82,0.0,0.0,0.0,8.3,0,0,0,0,0,0,0,0,0,0,0,False,0,0,0,False,71|69|78|72,72|70|74|66,69|63|71|66,72|77|79|81,58,30,55,50,4265|4274|4283|4292|4301|4310|4319|4329|4338|4347|4356|4365|4374|4383|4392|4401|4410|4420|4429|4438,67748|67881|68064|68198|68398|68565|68748|68965|69181|69448|69731|70082|70382|70598|70832|71148|71482|71765|72049|72299,-572.1;194.8|-566.4;188.4|-559.3;181.3|-553.1;175.5|-545.6;169.2|-538.2;163.8|-531.1;158.9|-523.1;153.9|-515.6;149.8|-507.0;145.7|-498.4;142.7|-488.7;141.1|-480.9;141.8|-475.3;143.4|-469.7;146.2|-462.6;151.4|-456.0;158.6|-451.1;165.9|-446.6;174.3|-443.0;182.6,239|225|210|198|185|174|163|149|135|122|109|95|94|96|98|101|108|116|125|135,77|71|56|51|47|42|52|48|43|39|34|6|0|0|0|0|0|0|0|0,5|4|3|3|3|3|3|3|3|3|3|9|36|38|40|51|64|69|80|82,7|7|6|6|5|5|4|4|3|3|2|2|2|2|2|2|2|2|2|3,0.0252|0.0227|0.0243|0.0313|0.0218|0.0160|0.0192|0.0258|0.0267|0.0464|0.0861|0.1517|0.1412|0.1237|0.0989|0.0860|0.0665|0.0471|0.0334|0.0053,-0.023;-0.025;-0.020;-0.036|-0.028;-0.033;-0.020;-0.044|-0.002;0.000;-0.018;-0.040|-0.024;-0.026;-0.015;-0.038|-0.027;-0.034;-0.013;-0.026|-0.019;-0.020;-0.014;-0.020|-0.004;-0.006;-0.018;-0.026|-0.026;-0.027;-0.017;-0.032|-0.053;-0.057;-0.015;-0.030|-0.025;-0.025;-0.015;-0.031|-0.015;-0.018;-0.016;-0.121|-0.009;0.011;-0.003;-0.019|0.011;0.036;-0.000;-0.002|0.008;0.026;-0.000;-0.001|0.012;0.050;-0.000;-0.001|0.018;0.052;-0.000;-0.002|0.027;0.067;-0.001;-0.002|0.029;0.060;-0.001;-0.002|0.034;0.060;-0.001;-0.002|0.096;0.111;-0.001;-0.002,0.020|0.018|0.027|-0.013|0.004|-0.009|-0.000|-0.003|-0.050|0.004|-0.028|0.014|0.005|0.106|0.020|0.009|-0.003|-0.002|0.002|0.039,-3.18|-2.88|-1.50|-2.15|-2.04|-1.74|-1.82|-1.85|-1.84|-1.54|-1.17|-0.65|0.14|0.17|0.27|0.49|0.73|0.84|0.99|1.38,0.3.1
AbuDhabi_Race_Mar20_001_L13,13,False,1,1,0.0,0.0,0,0,1.417,0.0,4445.75,142,3,72482,4507.88,127,3,74032,4558.27,138,3,75449,1.45,0.0,0.0,0.0,0,0,2967,0,59,0.0,0.0,0.0,4.0,0,0,0,0,0,0,0,0,0,0,0,False,0,0,0,False,68|63|71|66,67|84|68|71,64|88|67|73,73|77|79|81,58,30,55,50,4445|4451|4456|4462|4468|4474|4480|4486|4492|4498|4504|4510|4516|4522|4528|4534|4539|4545|4551|4558,72482|72615|72765|72916|73049|73199|73332|73482|73632|73782|73949|74132|74282|74466|74633|74816|74966|75133|75299|75449,-440.3;189.2|-438.2;194.0|-435.4;199.4|-432.2;204.6|-429.0;208.8|-425.0;213.2|-421.3;216.6|-416.8;220.0|-412.1;223.0|-407.3;225.5|-401.9;227.8|-395.7;229.7|-390.4;230.7|-383.9;231.3|-377.9;231.1|-371.3;230.2|-365.9;229.0|-359.9;227.1|-354.1;224.8|-348.9;222.3,142|145|146|144|142|139|136|133|131|128|127|127|128|128|130|132|133|135|137|138,0|0|0|0|0|0|0|0|0|0|0|0|0|0|0|0|0|0|0|0,79|64|38|28|25|23|21|20|21|36|45|53|56|59|59|58|55|48|49|56,3|3|3|3|3|3|3|3|3|3|3|3|3|3|3|3|3|3|3|3,-0.0264|-0.0558|-0.0885|-0.1133|-0.1315|-0.1437|-0.1513|-0.1606|-0.1695|-0.1712|-0.1672|-0.1422|-0.1208|-0.1113|-0.1072|-0.0878|-0.0595|-0.0524|-0.0392|-0.0422,0.039;0.027;-0.001;-0.001|0.034;0.017;-0.001;-0.001|0.021;0.006;0.001;-0.000|0.020;0.003;0.003;0.000|0.022;0.003;0.005;0.001|0.020;0.003;0.005;0.000|0.018;0.002;0.005;0.001|0.017;0.002;0.006;0.001|0.022;0.004;0.007;0.001|0.039;0.009;0.004;0.000|0.062;0.017;0.002;-0.000|0.079;0.023;0.000;-0.000|0.073;0.022;-0.002;-0.000|0.076;0.024;-0.002;-0.000|0.055;0.023;-0.009;-0.000|0.041;0.014;-0.033;-0.001|0.048;0.012;-0.001;-0.000|0.023;0.012;-0.001;-0.000|0.022;0.010;-0.001;-0.000|0.032;0.016;-0.001;-0.001,0.038|0.037|0.016|0.009|0.003|0.035|0.016|-0.035|-0.050|-0.049|-0.031|0.044|0.028|0.031|0.035|-0.052|0.035|-0.028|0.039|-0.065,0.88|0.50|-0.07|-0.31|-0.40|-0.51|-0.49|-0.44|-0.38|-0.23|-0.06|0.10|0.18|0.26|0.33|0.49|0.28|0.27|0.25|0.38,0.3.1
AbuDhabi_Race_Mar20_001_L13,14,False,1,1,0.0,0.0,0,0,1.45,0.0,4558.91,139,3,75466,4625.58,137,3,77066,4746.71,209,5,79700,1.45,0.0,4632.54,139,3,77250,4234,0,100,0.0,0.0,0.0,1.3,0,0,0,0,0,0,0,0,0,0,0,False,0,0,0,False,64|88|67|73,62|96|65|75,56|80|68|75,73|78|79|81,58,30,55,50,4558|4568|4578|4588|4598|4608|4618|4627|4637|4647|4657|4667|4677|4687|4697|4707|4716|4726|4736|4746,75466|75733|75983|76250|76466|76650|76883|77133|77400|77650|77900|78133|78367|78583|78783|78983|79167|79350|79534|79700,-348.3;222.0|-339.3;216.7|-331.4;210.7|-323.7;203.1|-318.8;196.7|-314.8;189.9|-311.0;181.7|-308.2;172.5|-306.8;162.3|-306.9;152.4|-308.2;142.1|-310.4;132.3|-313.4;122.2|-317.2;112.8|-321.5;103.9|-326.4;95.0|-331.4;86.7|-336.9;78.4|-342.7;70.0|-348.2;62.1,139|142|145|145|143|141|138|137|141|145|152|159|165|172|180|187|192|198|204|209,0|0|0|0|0|0|0|0|0|0|0|0|0|0|0|0|0|0|0|0,57|59|57|41|29|28|37|60|70|76|82|90|94|100|100|100|100|100|100|100,3|3|3|3|3|3|3|3|3|3|3|3|3|4|4|4|4|4|5|5,-0.0426|-0.0469|-0.0658|-0.0864|-0.1057|-0.1322|-0.1442|-0.1059|-0.0602|-0.0450|-0.0327|-0.0424|-0.0346|-0.0263|-0.0123|-0.0160|-0.0130|-0.0062|-0.0026|0.0048,0.034;0.018;-0.000;-0.000|0.026;0.014;-0.001;-0.000|0.035;0.014;-0.001;-0.000|0.028;0.008;0.001;-0.000|0.024;0.005;0.002;0.001|0.036;0.007;0.005;0.000|0.035;0.009;0.004;0.000|0.055;0.020;-0.003;-0.000|0.070;0.028;-0.002;-0.000|0.060;0.027;-0.003;-0.001|0.049;0.027;-0.002;-0.001|0.042;0.033;-0.002;-0.001|0.052;0.034;-0.002;-0.001|0.092;0.070;-0.002;-0.001|0.046;0.033;-0.001;-0.001|0.045;0.032;-0.001;-0.001|0.043;0.030;-0.001;-0.001|0.028;0.025;-0.001;-0.001|0.048;0.045;-0.001;-0.001|0.026;0.027;-0.001;-0.001,-0.078|-0.008|-0.002|0.010|0.022|-0.005|-0.042|0.057|0.024|0.013|0.018|0.096|0.045|0.022|-0.016|-0.083|-0.102|0.004|0.008|0.014,0.32|0.37|0.28|-0.07|-0.22|-0.32|-0.24|0.30|0.53|0.70|0.84|0.81|0.86|1.07|1.02|0.95|0.92|0.85|1.32|0.83,0.3.1
AbuDhabi_Race_Mar20_001_L13,15,True,1,1,0.0,0.0,0,0,1.466,0.0,4779.66,224,5,80250,4899.1,246,6,82051,5005.56,255,7,83551,1.484,0.0,4892.91,247,6,81951,3301,0,100,2.2,0.0,0.0,1.1,0,0,0,0,0,0,0,0,0,0,0,False,0,0,0,False,54|75|67|73,78|73|81|76,94|72|91|79,73|79|79|82,58,30,55,50,4779|4790|4802|4814|4826|4838|4850|4862|4874|4886|4898|4909|4921|4933|4945|4957|4969|4981|4993|5005,80250|80434|80617|80801|80984|81167|81367|81534|81701|81867|82051|82184|82334|82501|82684|82884|83034|83218|83384|83551,-366.8;34.6|-373.0;24.8|-379.1;14.7|-384.8;4.2|-389.9;-6.8|-394.2;-18.3|-397.6;-30.2|-399.7;-41.4|-401.1;-53.8|-401.5;-65.3|-400.7;-76.7|-399.0;-86.8|-396.5;-96.8|-392.7;-107.5|-387.5;-119.0|-381.3;-129.9|-374.7;-139.2|-366.6;-149.0|-358.7;-157.6|-350.6;-166.1,224|229|233|237|239|242|244|245|246|247|246|246|246|246|246|247|248|250|252|255,0|0|0|0|0|0|0|0|0|0|0|0|0|0|0|0|0|0|0|0,100|100|100|100|100|100|100|100|100|100|100|100|100|100|100|100|100|100|100|100,5|5|6|6|6|6|6|6|6|6|6|6|6|7|7|7|7|7|7|7,0.0064|0.0079|0.0233|0.0341|0.0358|0.0400|0.0424|0.0533|0.0701|0.0788|0.0704|0.0662|0.0712|0.0703|0.0703|0.0513|0.0353|0.0138|0.0083|0.0043,0.022;0.024;-0.001;-0.001|0.021;0.023;-0.001;-0.001|0.021;0.028;-0.001;-0.001|0.020;0.033;-0.001;-0.000|0.020;0.034;-0.000;-0.001|0.020;0.035;-0.000;-0.001|0.018;0.032;-0.000;-0.001|0.020;0.037;-0.000;-0.001|0.023;0.046;-0.000;-0.001|0.022;0.047;-0.000;-0.000|0.019;0.040;-0.000;-0.000|0.020;0.042;-0.000;-0.001|0.022;0.045;-0.000;-0.001|0.021;0.044;-0.000;-0.001|0.024;0.043;-0.000;-0.001|0.017;0.033;-0.000;-0.001|0.020;0.035;-0.000;-0.001|0.020;0.023;-0.000;-0.001|0.017;0.019;-0.000;-0.001|0.017;0.019;-0.000;-0.001,-0.008|0.004|0.018|0.099|-0.004|0.011|-0.003|0.016|0.027|0.035|-0.026|-0.012|-0.029|0.027|-0.074|0.037|-0.068|-0.014|-0.013|-0.028,0.71|0.67|0.86|0.52|0.50|0.44|0.41|0.34|0.29|0.22|0.19|0.17|0.19|0.25|0.19|0.26|0.32|0.43|0.46|0.47,0.3.1
AbuDhabi_Race_Mar20_001_L13,16,False,1,1,5010.31,256,7,83618,1.484,0.0,5024.19,240,7,83818,5123.44,117,3,85968,5214.66,159,3,88469,1.516,0.0,5181.65,133,3,87652,4851,86,92,1.8,0.0,0.0,0.3,0,0,0,0,0,0,0,0,0,0,0,False,0,0,0,False,93|71|91|78,89|70|82|70,77|63|76|67,75|79|81|82,58,30,55,50,5023|5033|5043|5053|5063|5073|5083|5093|5103|5113|5123|5133|5143|5153|5163|5173|5183|5194|5204|5214,83818|83985|84135|84335|84518|84751|84951|85218|85452|85735|85985|86218|86518|86868|87152|87469|87719|87985|88235|88469,-337.4;-179.2|-330.5;-186.0|-323.3;-192.8|-315.7;-199.6|-307.6;-206.0|-299.1;-212.0|-290.7;-216.8|-281.2;-221.1|-272.1;-223.8|-262.3;-225.2|-254.1;-224.6|-246.8;-222.7|-237.9;-218.5|-229.1;-211.9|-222.0;-204.4|-215.7;-195.9|-210.7;-187.5|-205.8;-178.5|-201.3;-169.3|-197.0;-160.2,240|223|207|192|180|166|155|143|132|120|118|117|118|121|125|129|134|142|151|159,81|81|64|48|44|40|32|31|25|4|0|0|0|0|0|0|0|0|0|0,7|6|4|2|2|2|2|2|2|15|37|40|46|53|54|54|71|81|90|92,7|7|6|6|5|5|4|4|3|3|3|3|3|3|3|3|3|3|3|3,0.0049|0.0083|0.0174|0.0259|0.0306|0.0419|0.0489|0.0737|0.1002|0.1230|0.1161|0.1050|0.0847|0.0705|0.0596|0.0264|0.0219|0.0103|0.0086|0.0042,-0.029;-0.032;-0.028;-0.028|-0.033;-0.038;-0.024;-0.026|-0.025;-0.027;-0.020;-0.035|-0.022;-0.023;-0.014;-0.027|-0.019;-0.020;-0.014;-0.065|-0.021;-0.020;-0.012;-0.037|-0.016;-0.015;-0.011;-0.038|-0.020;-0.016;-0.011;-0.118|-0.019;-0.016;-0.011;-0.175|-0.005;0.010;-0.001;-0.010|0.013;0.031;0.000;-0.000|0.008;0.044;-0.000;0.000|0.014;0.050;-0.000;-0.001|0.015;0.039;-0.000;-0.001|0.024;0.073;-0.000;-0.003|0.010;0.032;-0.000;-0.002|0.025;0.026;-0.001;-0.002|0.031;0.045;-0.001;-0.001|0.043;0.046;-0.001;-0.001|0.037;0.039;-0.001;-0.000,0.003|0.122|-0.032|-0.009|-0.092|-0.015|0.019|-0.021|-0.049|0.110|0.052|-0.001|0.017|-0.017|0.045|0.142|-0.031|-0.016|-0.007|-0.100,-3.15|-3.33|-2.49|-2.01|-1.81|-1.72|-1.33|-1.47|-1.29|-0.61|0.21|0.00|0.20|0.36|0.52|0.52|0.79|0.82|0.99|0.99,0.3.1
AbuDhabi_Race_Mar20_001_L14,1,False,1,1,278.33,287,7,3866,1.35,0.0,299.99,258,7,4149,426.89,148,3,6583,517.01,204,4,8533,1.366,0.0,437.16,149,3,6816,4667,100,100,11.2,9.5,0.0,5.9,0,0,0,0,0,0,0,0,0,0,0,False,0,0,0,False,50|48|62|60,58|79|62|73,55|74|69|78,76|79|82|83,58,30,55,50,299|310|322|333|345|356|367|379|390|402|413|425|436|447|459|470|482|493|504|517,4149|4333|4500|4683|4900|5116|5350|5600|5866|6066|6300|6533|6800|7100|7383|7633|7883|8116|8316|8533,-46.8;173.7|-41.6;185.1|-37.1;194.6|-32.0;204.2|-25.8;214.6|-19.3;223.9|-12.0;232.9|-3.5;240.9|5.7;247.2|14.2;251.2|23.7;254.2|33.3;255.7|44.3;255.7|56.6;253.6|67.6;250.1|78.8;245.4|89.0;240.6|99.4;235.0|108.6;229.6|118.9;223.3,258|236|219|206|194|183|174|163|157|154|151|149|149|152|159|169|178|188|196|204,100|78|56|43|31|27|23|9|0|0|0|0|0|0|0|0|0|0|0|0,4|3|2|3|3|3|5|16|38|42|41|46|64|76|90|98|100|100|100|100,7|6|6|6|5|5|4|4|4|4|3|3|3|3|3|3|4|4|4|4,-0.0002|-0.0086|-0.0187|-0.0219|-0.0196|-0.0314|-0.0587|-0.0913|-0.1046|-0.1130|-0.1150|-0.1129|-0.0946|-0.0416|-0.0249|-0.0138|-0.0047|-0.0011|-0.0026|-0.0034,-0.037;-0.036;-0.034;-0.042|-0.024;-0.021;-0.037;-0.040|-0.023;-0.023;-0.021;-0.014|-0.007;-0.007;-0.030;-0.013|-0.014;-0.014;-0.018;-0.009|-0.012;-0.013;-0.016;-0.008|-0.010;-0.014;-0.029;-0.008|0.002;-0.005;-0.028;-0.004|0.026;0.007;0.002;0.000|0.073;0.013;0.002;0.001|0.044;0.016;0.005;0.000|0.030;0.010;0.001;-0.000|0.055;0.019;-0.001;-0.000|0.055;0.025;-0.003;-0.000|0.104;0.039;-0.002;-0.001|0.039;0.035;-0.003;-0.001|0.115;0.079;-0.002;-0.001|0.066;0.050;-0.002;-0.001|0.043;0.040;-0.001;-0.001|0.037;0.035;-0.001;-0.001,0.073|0.083|0.062|-0.087|-0.070|-0.005|-0.003|0.019|0.051|0.043|-0.080|-0.016|0.014|0.011|0.189|-0.120|-0.002|0.013|-0.005|0.020,-3.91|-2.54|-2.43|-1.65|-1.47|-1.31|-1.26|-0.86|-0.29|-0.28|-0.21|-0.10|0.23|0.60|1.07|1.32|1.32|1.19|1.09|1.01,0.3.1
AbuDhabi_Race_Mar20_001_L14,2,True,1,1,0.0,0.0,0,0,1.483,0.0,580.59,236,5,9550,680.92,252,6,10966,716.18,255,6,11483,1.417,0.0,700.87,253,6,11250,1933,0,100,12.9,12.2,0.0,2.8,0,0,0,0,0,0,0,0,0,0,0,False,0,0,0,False,53|68|70|77,60|85|76|91,61|91|77|94,76|80|82|84,58,30,55,50,579|586|594|601|608|615|622|629|636|644|651|658|665|672|679|687|694|701|708|716,9550|9650|9783|9866|9983|10083|10200|10300|10400|10516|10583|10683|10766|10866|10966|11083|11183|11266|11383|11483,171.4;187.4|176.4;183.1|182.2;177.8|187.0;173.1|192.5;167.4|197.1;162.2|202.3;156.0|206.5;150.5|210.6;144.7|214.3;138.7|217.2;133.5|220.3;127.2|222.7;121.8|225.1;115.2|227.2;108.5|228.9;101.7|230.4;94.8|231.5;87.9|232.3;80.8|232.8;73.8,236|239|241|244|247|249|251|253|254|255|255|254|254|253|252|252|253|253|254|255,0|0|0|0|0|0|0|0|0|0|0|0|0|0|0|0|0|0|0|0,100|100|100|100|100|100|100|100|100|100|100|100|100|100|100|100|100|100|100|100,5|5|6|6|6|6|6|6|6|6|6|6|6|6|6|6|6|6|6|6,-0.0227|-0.0229|-0.0169|-0.0179|-0.0194|-0.0236|-0.0299|-0.0336|-0.0437|-0.0480|-0.0486|-0.0546|-0.0577|-0.0480|-0.0510|-0.0457|-0.0409|-0.0347|-0.0255|-0.0189,0.038;0.026;-0.001;-0.001|0.045;0.025;-0.000;-0.001|0.060;0.043;-0.001;-0.001|0.032;0.023;-0.001;-0.001|0.028;0.020;-0.001;-0.001|0.030;0.021;-0.001;-0.001|0.031;0.020;-0.001;-0.001|0.032;0.019;-0.001;-0.000|0.039;0.020;-0.000;-0.001|0.036;0.017;-0.000;-0.000|0.042;0.018;0.000;-0.000|0.060;0.026;0.000;-0.000|0.044;0.018;-0.000;-0.000|0.049;0.023;-0.000;-0.000|0.058;0.027;0.000;-0.000|0.046;0.024;-0.001;-0.000|0.038;0.021;-0.001;-0.000|0.033;0.019;-0.001;-0.000|0.031;0.018;-0.001;-0.000|0.026;0.017;-0.001;-0.000,0.024|-0.030|0.268|0.010|0.027|-0.024|0.000|-0.016|-0.043|-0.033|-0.196|0.152|-0.040|-0.073|-0.083|-0.013|-0.003|-0.020|-0.040|-0.021,0.71|0.48|0.84|0.64|0.67|0.64|0.59|0.51|0.42|0.30|0.10|0.14|0.05|0.09|0.14|0.20|0.30|0.32|0.36|0.40,0.3.1
AbuDhabi_Race_Mar20_001_L14,3,True,1,1,0.0,0.0,0,0,1.417,0.0,724.51,257,6,11599,843.41,260,7,13166,999.17,270,7,15316,1.55,0.0,838.43,260,7,13099,3717,0,100,3.7,2.3,0.0,0.0,0,0,0,0,0,0,0,0,0,0,0,False,0,0,0,False,61|90|77|94,97|87|95|94,110|80|102|89,77|81|83|85,58,30,55,50,723|738|752|767|781|796|810|825|839|854|868|883|897|912|926|941|955|969|984|999,11599|11783|11999|12183|12366|12549|12766|12949|13133|13333|13516|13716|13933|14116|14333|14516|14733|14933|15133|15316,233.1;65.5|233.2;51.1|233.1;36.6|233.8;21.9|235.5;8.4|238.6;-4.8|243.5;-18.6|249.2;-30.7|256.7;-43.1|264.7;-53.6|274.6;-64.0|285.5;-73.1|297.3;-80.9|309.8;-87.5|323.0;-92.8|336.6;-96.8|351.9;-99.9|366.2;-101.7|380.9;-103.1|394.5;-104.1,257|260|263|265|266|265|263|261|260|258|256|255|254|255|255|256|258|262|267|270,0|0|0|0|0|0|0|0|0|0|0|0|0|0|0|0|0|0|0|0,100|100|100|100|100|100|100|100|100|100|100|100|100|100|100|100|100|100|100|100,6|6|6|6|6|6|7|7|7|7|7|7|7|7|7|7|7|7|7|7,-0.0124|0.0058|0.0258|0.0467|0.0624|0.0721|0.0849|0.0926|0.0901|0.0876|0.0831|0.0758|0.0730|0.0599|0.0458|0.0357|0.0194|0.0040|0.0041|0.0021,0.024;0.017;-0.001;-0.000|0.018;0.018;-0.001;-0.000|0.018;0.024;-0.001;-0.000|0.019;0.034;-0.000;-0.000|0.021;0.040;-0.000;-0.000|0.018;0.038;-0.000;0.000|0.021;0.045;-0.000;0.001|0.023;0.046;-0.000;0.001|0.020;0.041;-0.000;0.000|0.019;0.040;-0.000;0.000|0.021;0.046;-0.000;0.000|0.021;0.043;-0.000;-0.000|0.021;0.040;-0.000;-0.000|0.019;0.037;-0.000;-0.001|0.017;0.031;-0.000;-0.001|0.017;0.029;-0.000;-0.001|0.017;0.025;-0.000;-0.001|0.021;0.026;-0.000;-0.001|0.020;0.022;-0.001;-0.001|0.021;0.020;-0.001;-0.001,-0.011|0.017|0.021|0.007|-0.010|-0.002|-0.018|-0.024|-0.020|-0.001|0.007|-0.008|-0.021|-0.024|0.001|-0.016|-0.048|-0.034|-0.015|-0.002,0.41|0.44|0.43|0.37|0.23|-0.04|-0.06|-0.02|0.02|-0.00|0.01|0.09|0.15|0.22|0.27|0.32|0.40|0.62|0.61|0.56,0.3.1
AbuDhabi_Race_Mar20_001_L14,4,True,1,1,0.0,0.0,0,0,1.55,0.0,1003.01,271,7,15383,1076.95,287,7,16316,1152.16,297,7,17216,1.55,0.0,1036.88,280,7,15799,1833,0,100,6.5,4.7,0.0,0.0,0,0,0,0,0,0,0,0,0,0,0,False,0,0,0,False,109|80|101|89,95|74|92|84,84|69|84|80,79|82|85|86,58,30,55,50,1002|1010|1018|1026|1034|1041|1049|1057|1065|1073|1080|1088|1096|1104|1112|1119|1127|1135|1143|1152,15383|15483|15583|15683|15766|15883|15983|16083|16183|16283|16349|16449|16566|16649|16733|16833|16949|17016|17133|17216,398.3;-104.4|405.8;-105.0|413.4;-105.5|421.1;-106.1|428.8;-106.7|436.6;-107.4|444.4;-108.3|452.2;-109.3|460.0;-110.6|467.8;-112.1|474.3;-113.6|482.1;-115.5|489.8;-117.7|497.6;-120.1|504.0;-122.2|511.7;-124.9|519.4;-127.7|525.8;-130.1|533.5;-133.0|541.2;-135.9,271|274|276|277|279|281|283|284|285|287|288|289|290|291|292|294|295|295|296|297,0|0|0|0|0|0|0|0|0|0|0|0|0|0|0|0|0|0|0|0,100|100|100|100|100|100|100|100|100|100|100|100|100|100|100|100|100|100|100|100,7|7|7|7|7|7|7|7|7|7|7|7|7|7|7|7|7|7|7|7,0.0016|-0.0001|-0.0041|-0.0061|-0.0084|-0.0126|-0.0156|-0.0183|-0.0209|-0.0182|-0.0162|-0.0148|-0.0120|-0.0103|-0.0070|-0.0017|-0.0033|-0.0038|-0.0029|-0.0036,0.022;0.021;-0.001;-0.001|0.021;0.020;-0.001;-0.001|0.019;0.018;-0.001;-0.001|0.020;0.018;-0.001;-0.001|0.023;0.018;-0.001;-0.000|0.020;0.017;-0.000;-0.001|0.022;0.017;-0.000;-0.000|0.021;0.016;-0.000;-0.000|0.024;0.017;-0.000;-0.000|0.023;0.017;-0.001;-0.000|0.022;0.016;-0.000;-0.000|0.021;0.016;-0.000;-0.000|0.020;0.016;-0.000;-0.000|0.019;0.016;-0.000;-0.000|0.018;0.016;-0.000;-0.000|0.017;0.016;-0.000;-0.000|0.015;0.014;-0.000;-0.000|0.014;0.013;-0.000;-0.000|0.014;0.013;-0.000;-0.000|0.014;0.013;-0.000;-0.000,0.002|0.008|-0.146|0.052|-0.002|-0.013|-0.023|-0.004|-0.017|0.013|-0.003|0.017|0.021|0.035|0.028|0.014|0.004|0.026|0.031|0.016,0.58|0.57|0.53|0.57|0.50|0.50|0.46|0.43|0.40|0.40|0.39|0.40|0.40|0.40|0.40|0.40|0.23|0.23|0.21|0.20,0.3.1
AbuDhabi_Race_Mar20_001_L14,5,False,1,1,1297.84,306,8,18940,1.567,0.0,1314.41,286,8,19140,1470.5,92,2,22424,1580.7,182,4,25624,1.984,0.0,1519.33,120,2,24124,6684,100,100,7.1,5.1,0.0,7.3,0,0,0,0,0,0,0,0,0,0,0,False,0,0,0,False,67|59|71|70,71|86|64|74,61|73|70|76,81|83|86|87,58,30,55,50,1313|1327|1341|1355|1369|1383|1397|1412|1426|1440|1454|1468|1482|1496|1510|1524|1538|1552|1566|1580,19140|19324|19524|19774|19990|20274|20540|20874|21207|21574|21957|22357|22840|23357|23840|24307|24674|25024|25357|25624,690.9;-198.9|703.6;-204.7|716.0;-210.6|729.2;-217.2|741.1;-223.7|753.1;-231.3|764.2;-239.7|774.7;-250.0|782.2;-260.7|787.0;-271.9|788.7;-283.4|786.8;-294.4|780.3;-305.0|769.1;-313.8|755.5;-319.4|740.7;-321.8|726.8;-321.9|712.6;-321.0|698.5;-319.7|684.7;-318.4,286|261|236|217|200|184|168|149|133|118|103|93|95|104|114|125|137|154|169|182,100|100|69|56|45|41|41|31|21|18|16|0|0|0|0|0|0|0|0|0,9|6|6|6|6|6|6|5|4|4|4|33|43|57|59|74|87|97|100|100,8|8|8|7|7|6|5|4|4|3|2|2|2|2|2|2|2|3|3|4,-0.0016|-0.0026|-0.0067|-0.0115|-0.0220|-0.0231|-0.0453|-0.0788|-0.1147|-0.1501|-0.1894|-0.2024|-0.1021|-0.0682|-0.0659|-0.0369|-0.0131|-0.0035|-0.0010|0.0005,-0.030;-0.028;-0.030;-0.028|-0.030;-0.029;-0.032;-0.031|-0.023;-0.022;-0.021;-0.020|-0.020;-0.020;-0.021;-0.016|-0.009;-0.009;-0.022;-0.013|-0.015;-0.016;-0.021;-0.012|-0.028;-0.026;-0.051;-0.015|-0.023;-0.021;-0.133;-0.014|-0.016;-0.019;-0.106;-0.014|-0.010;-0.017;-0.086;-0.012|0.001;-0.008;-0.124;-0.013|0.053;0.010;0.001;-0.000|0.072;0.017;-0.002;-0.000|0.063;0.022;-0.002;-0.001|0.059;0.022;-0.002;-0.001|0.071;0.026;-0.001;-0.005|0.042;0.041;-0.002;-0.001|0.053;0.067;-0.001;-0.000|0.047;0.044;-0.001;-0.001|0.040;0.040;-0.001;-0.001,-0.008|0.040|0.057|-0.010|-0.003|0.007|-0.051|-0.037|-0.027|-0.019|-0.020|0.021|-0.005|0.016|0.016|0.033|-0.051|-0.031|-0.008|-0.042,-3.99|-3.92|-2.83|-2.28|-1.69|-1.72|-1.71|-1.53|-1.21|-1.21|-1.02|-0.13|0.30|0.62|0.60|0.66|1.06|1.23|1.30|1.29,0.3.1
AbuDhabi_Race_Mar20_001_L14,6,False,1,1,2515.23,313,8,37407,1.834,0.0,2530.74,292,8,37590,2679.89,82,2,41307,2697.61,90,2,42057,1.8,0.0,0.0,0.0,0,0,4650,100,54,21.5,21.5,0.0,15.3,0,0,0,0,0,0,0,0,0,0,0,False,0,0,0,False,43|45|54|54,58|72|59|67,58|72|61|69,81|84|88|89,58,30,55,50,2530|2539|2548|2556|2565|2574|2583|2592|2600|2609|2618|2627|2635|2644|2653|2662|2671|2679|2688|2697,37590|37724|37824|37957|38090|38224|38390|38574|38740|38957|39173|39440|39723|40073|40457|40707|40923|41307|41707|42057,-264.6;-304.9|-273.8;-305.0|-282.5;-305.0|-291.8;-305.1|-300.5;-305.2|-308.5;-305.3|-317.7;-305.4|-326.2;-305.5|-334.8;-305.6|-344.0;-305.7|-352.3;-305.6|-361.4;-305.2|-369.9;-304.1|-378.7;-301.3|-386.7;-295.9|-390.7;-291.3|-393.1;-286.7|-395.0;-278.4|-393.8;-269.3|-390.2;-261.2,292|276|260|242|225|208|191|175|161|145|131|114|101|91|89|87|84|82|84|90,100|100|100|100|100|91|75|71|65|58|55|47|36|8|0|0|0|0|0|0,9|8|8|8|8|8|8|8|7|7|7|7|7|29|28|27|32|34|46|54,8|8|8|8|7|7|6|5|5|4|3|3|2|2|2|2|2|2|2|2,0.0001|0.0003|0.0011|0.0008|0.0019|0.0010|-0.0007|-0.0008|-0.0021|-0.0041|-0.0162|-0.0378|-0.0792|-0.1366|-0.2014|-0.2162|-0.2092|-0.1528|-0.0905|-0.0335,-0.028;-0.029;-0.028;-0.029|-0.031;-0.031;-0.031;-0.031|-0.034;-0.034;-0.034;-0.034|-0.037;-0.038;-0.037;-0.041|-0.037;-0.037;-0.046;-0.050|-0.043;-0.046;-0.039;-0.040|-0.033;-0.033;-0.030;-0.029|-0.044;-0.044;-0.031;-0.030|-0.033;-0.032;-0.030;-0.027|-0.029;-0.029;-0.026;-0.023|-0.024;-0.022;-0.043;-0.023|-0.028;-0.024;-0.034;-0.017|-0.021;-0.018;-0.068;-0.015|0.029;0.003;-0.023;-0.004|0.083;0.012;0.003;0.000|0.090;0.010;0.002;0.000|0.122;0.016;0.001;0.000|0.126;0.024;0.001;0.000|0.125;0.027;-0.002;-0.000|0.055;0.023;-0.001;-0.001,-0.000|0.002|0.001|0.009|0.010|-0.002|0.013|0.004|-0.004|0.010|0.000|-0.013|-0.002|0.012|-0.003|-0.012|-0.005|-0.044|-0.022|0.000,-4.03|-3.95|-3.89|-3.77|-3.63|-3.43|-2.80|-2.64|-2.31|-2.06|-1.75|-1.62|-1.28|-0.28|-0.15|-0.30|-0.18|-0.03|0.32|0.63,0.3.1
AbuDhabi_Race_Mar20_001_L14,7,False,1,1,0.0,0.0,0,0,1.8,0.0,2698.45,91,2,42090,2734.7,88,2,43290,2766.8,108,2,44573,1.8,0.0,2756.98,96,2,44223,2483,0,77,0.0,0.0,0.0,1.2,0,0,0,0,0,0,0,0,0,0,0,False,0,0,0,False,58|72|61|69,66|70|67|68,67|67|70|70,81|84|87|89,58,30,55,50,2698|2701|2705|2709|2712|2716|2719|2723|2727|2730|2734|2737|2741|2744|2748|2752|2755|2759|2762|2766,42090|42257|42373|42507|42640|42757|42873|42990|43073|43173|43290|43423|43573|43740|43890|44057|44173|44323|44440|44573,-389.8;-260.5|-387.8;-257.2|-386.0;-254.0|-384.4;-250.8|-383.1;-247.4|-382.3;-244.4|-381.7;-241.4|-381.5;-238.4|-381.5;-236.2|-381.7;-233.7|-382.1;-231.3|-383.0;-227.8|-384.4;-224.4|-386.4;-221.0|-388.5;-218.1|-391.0;-215.3|-393.5;-212.9|-396.5;-210.3|-399.1;-208.2|-402.3;-205.9,91|95|97|98|97|95|94|92|91|89|88|86|85|85|88|91|94|99|103|108,0|0|0|0|0|0|0|0|0|0|0|0|0|0|0|0|0|0|0|0,54|55|41|26|17|15|15|20|25|27|26|27|27|48|55|57|62|71|75|78,2|2|2|2|2|2|2|2|2|2|2|2|2|2|2|2|2|2|2|2,-0.0296|0.0055|0.0766|0.1425|0.1707|0.1772|0.1714|0.1667|0.1660|0.1620|0.1525|0.1307|0.1083|0.0888|0.0798|0.0648|0.0560|0.0423|0.0352|0.0283,0.050;0.022;-0.001;-0.001|0.023;0.025;-0.001;-0.000|0.011;0.024;-0.001;-0.000|0.004;0.026;-0.000;0.001|0.002;0.033;0.000;0.002|0.002;0.049;0.000;0.002|0.005;0.081;0.000;0.002|0.013;0.110;0.001;0.002|0.021;0.127;0.001;0.003|0.032;0.121;0.001;0.006|0.033;0.115;0.001;0.011|0.029;0.101;0.000;0.014|0.018;0.073;0.000;0.006|0.021;0.082;-0.000;-0.002|0.024;0.107;-0.001;-0.001|0.033;0.131;-0.001;-0.001|0.031;0.081;-0.001;-0.002|0.039;0.067;-0.001;-0.002|0.040;0.070;-0.002;-0.002|0.048;0.087;-0.001;-0.002,0.027|-0.024|-0.036|-0.010|-0.014|-0.042|-0.055|-0.034|-0.014|0.084|0.043|0.054|0.043|0.040|-0.009|-0.034|0.014|0.002|0.038|0.010,0.66|0.66|0.35|-0.07|-0.26|-0.38|-0.42|-0.29|-0.23|-0.11|-0.17|-0.12|-0.04|0.33|0.51|0.70|0.78|0.99|1.06|1.11,0.3.1
AbuDhabi_Race_Mar20_001_L14,8,True,1,1,0.0,0.0,0,0,1.8,0.0,2791.95,141,3,45307,2903.29,224,5,47440,3091.25,277,7,50057,1.783,0.0,2838.59,183,4,46340,4750,0,100,0.3,0.3,0.0,1.9,0,0,0,0,0,0,0,0,0,0,0,False,0,0,0,False,65|65|73|73,57|58|75|75,51|53|67|69,81|84|87|89,58,30,55,50,2791|2807|2822|2838|2854|2870|2886|2901|2917|2933|2949|2964|2980|2996|3012|3028|3043|3059|3075|3091,45307|45690|46040|46340|46623|46907|47173|47423|47673|47907|48140|48373|48590|48807|49023|49223|49440|49657|49857|50057,-423.6;-192.2|-436.3;-184.0|-449.5;-174.9|-461.9;-165.4|-473.4;-155.8|-485.2;-145.2|-496.4;-134.2|-506.7;-122.9|-516.8;-110.7|-526.0;-98.6|-534.9;-85.7|-543.5;-72.1|-551.1;-58.9|-558.1;-45.2|-564.8;-30.9|-570.6;-17.4|-576.6;-2.5|-582.6;12.7|-588.1;26.8|-593.8;41.1,141|157|171|184|195|206|216|224|232|238|244|250|254|258|262|265|269|272|275|277,0|0|0|0|0|0|0|0|0|0|0|0|0|0|0|0|0|0|0|0,100|100|100|100|100|100|100|100|100|100|100|100|100|100|100|100|100|100|100|100,3|3|4|4|4|5|5|5|5|6|6|6|6|6|6|6|7|7|7|7,-0.0053|-0.0081|-0.0086|-0.0092|-0.0097|-0.0110|-0.0141|-0.0135|-0.0126|-0.0104|-0.0115|-0.0132|-0.0115|-0.0118|-0.0086|-0.0055|-0.0020|0.0009|0.0006|-0.0001,0.065;0.058;-0.001;-0.001|0.042;0.045;-0.001;-0.001|0.055;0.038;-0.001;-0.001|0.059;0.043;-0.001;-0.001|0.048;0.035;-0.001;-0.001|0.042;0.031;-0.001;-0.001|0.041;0.030;-0.001;-0.001|0.037;0.026;-0.001;-0.001|0.034;0.025;-0.001;-0.001|0.031;0.023;-0.001;-0.001|0.029;0.022;-0.001;-0.001|0.029;0.021;-0.001;-0.001|0.025;0.019;-0.001;-0.000|0.023;0.017;-0.001;-0.000|0.022;0.017;-0.001;-0.000|0.019;0.017;-0.000;-0.000|0.017;0.017;-0.000;-0.000|0.017;0.017;-0.000;-0.000|0.017;0.017;-0.000;-0.000|0.016;0.016;-0.000;-0.000,0.001|-0.023|0.016|0.016|-0.007|0.010|-0.030|0.006|-0.001|0.003|0.001|0.017|-0.014|-0.014|-0.014|0.006|0.001|0.001|-0.002|-0.000,1.32|1.15|1.13|1.21|1.12|1.05|0.98|0.91|0.84|0.78|0.71|0.64|0.58|0.52|0.48|0.44|0.43|0.41|0.38|0.37,0.3.1
AbuDhabi_Race_Mar20_001_L14,9,False,1,1,3568.77,305,8,55819,1.916,0.0,3577.17,296,8,55919,3675.62,161,4,57586,3950.62,223,5,62886,2.05,0.0,3696.71,161,4,58002,7067,100,100,15.4,15.4,0.0,7.5,0,0,0,0,0,0,0,0,0,0,0,False,0,0,0,False,45|46|55|58,64|67|59|68,62|106|77|95,81|85|89|91,58,30,55,50,3576|3596|3615|3635|3655|3674|3694|3714|3733|3753|3773|3792|3812|3832|3851|3871|3891|3910|3930|3950,55919|56169|56469|56819|57202|57586|57952|58352|58736|59119|59519|59919|60319|60719|61102|61486|61886|62236|62552|62886,-719.3;508.7|-720.6;528.0|-720.7;548.2|-719.0;567.4|-714.3;587.1|-707.0;603.0|-697.0;616.0|-683.5;626.6|-667.6;633.6|-649.6;636.5|-631.2;634.9|-613.5;628.7|-597.7;618.2|-584.6;604.1|-575.2;587.8|-569.3;569.2|-566.9;548.9|-567.7;529.2|-571.4;510.1|-577.2;490.7,296|261|224|195|170|161|161|162|163|165|167|169|172|175|179|187|198|206|214|223,97|100|73|50|32|0|0|0|0|0|0|0|0|0|0|0|0|0|0|0,12|5|5|5|11|55|64|72|73|73|73|76|77|79|86|100|100|100|100|100,8|7|6|5|4|4|4|4|4|4|4|4|4|4|4|4|5|5|5|5,-0.0153|-0.0163|-0.0254|-0.0438|-0.0557|-0.0993|-0.1076|-0.1098|-0.1012|-0.0982|-0.1020|-0.1016|-0.0990|-0.0919|-0.0609|-0.0437|-0.0303|-0.0456|-0.0187|0.0023,-0.025;-0.025;-0.031;-0.026|-0.040;-0.032;-0.057;-0.029|-0.010;-0.009;-0.073;-0.021|-0.003;-0.003;-0.096;-0.017|0.000;-0.006;-0.061;-0.011|0.042;0.013;0.001;-0.000|0.052;0.020;-0.000;-0.000|0.053;0.019;-0.001;-0.000|0.073;0.025;-0.001;-0.000|0.061;0.023;-0.002;-0.000|0.064;0.024;-0.001;-0.000|0.067;0.026;-0.002;-0.000|0.067;0.027;-0.002;-0.000|0.066;0.026;-0.002;-0.001|0.057;0.026;-0.004;-0.000|0.064;0.031;-0.003;-0.001|0.047;0.026;-0.001;-0.001|0.057;0.028;-0.002;-0.001|0.034;0.026;-0.001;-0.001|0.024;0.023;-0.001;-0.001,0.046|0.039|0.026|-0.007|0.006|0.036|-0.050|0.006|0.080|0.005|-0.004|0.007|-0.009|-0.009|-0.028|-0.030|-0.045|-0.015|0.032|-0.050,-3.76|-3.95|-2.56|-1.72|-0.76|0.02|0.12|0.19|0.29|0.31|0.24|0.31|0.35|0.31|0.59|0.80|0.80|0.68|0.71|0.79,0.3.1
AbuDhabi_Race_Mar20_001_L14,10,True,1,1,0.0,0.0,0,0,2.1,0.0,4053.54,262,6,64419,4162.91,274,7,65853,4164.17,274,7,65869,2.05,0.0,4162.91,274,7,65853,1450,0,100,7.0,5.5,0.0,6.9,0,0,0,0,0,0,0,0,0,0,0,False,0,0,0,False,55|85|72|84,64|78|76|79,64|78|77|79,81|88|89|93,58,30,55,50,4052|4058|4064|4070|4076|4082|4087|4093|4099|4105|4111|4117|4122|4128|4134|4140|4146|4152|4157|4164,64419|64486|64569|64636|64719|64802|64869|64953|65036|65103|65186|65253|65336|65403|65486|65569|65653|65719|65803|65869,-606.1;391.9|-607.7;386.0|-609.3;380.1|-610.5;375.3|-611.9;369.3|-613.2;363.2|-614.2;358.3|-615.4;352.2|-616.4;346.0|-617.1;341.1|-617.7;334.8|-618.1;329.8|-618.4;323.5|-618.6;318.4|-618.6;312.1|-618.4;305.8|-618.2;300.7|-617.7;294.4|-616.9;288.0|-616.1;283.0,262|264|265|266|267|268|269|270|270|271|271|272|272|273|273|274|274|274|274|274,0|0|0|0|0|0|0|0|0|0|0|0|0|0|0|0|0|0|0|0,100|100|100|100|100|100|100|100|100|100|100|100|100|100|100|100|100|100|100|100,6|7|7|7|7|7|7|7|7|7|7|7|7|7|7|7|7|7|7|7,0.0018|0.0087|0.0112|0.0115|0.0127|0.0165|0.0191|0.0222|0.0271|0.0284|0.0273|0.0241|0.0193|0.0197|0.0239|0.0319|0.0377|0.0383|0.0411|0.0431,0.017;0.017;-0.000;-0.000|0.016;0.018;-0.001;-0.000|0.016;0.019;-0.000;-0.000|0.016;0.018;-0.000;-0.000|0.015;0.018;-0.000;-0.000|0.015;0.019;-0.000;-0.000|0.014;0.018;-0.000;-0.000|0.014;0.019;-0.000;-0.000|0.014;0.020;-0.000;-0.000|0.014;0.021;-0.000;-0.000|0.014;0.020;-0.000;-0.000|0.014;0.021;-0.000;-0.000|0.014;0.021;-0.000;-0.000|0.015;0.021;-0.000;-0.000|0.014;0.020;-0.000;-0.000|0.015;0.022;-0.000;-0.000|0.014;0.023;-0.000;-0.000|0.015;0.025;-0.000;-0.000|0.015;0.026;-0.000;-0.000|0.015;0.027;-0.000;-0.000,-0.006|0.019|0.018|0.012|0.005|0.010|0.017|0.020|0.014|0.016|0.010|-0.006|-0.021|0.005|-0.008|0.031|0.015|0.011|-0.003|-0.000,0.42|0.50|0.39|0.39|0.37|0.35|0.34|0.31|0.28|0.25|0.25|0.24|0.24|0.27|0.25|0.22|0.18|0.15|0.13|0.11,0.3.1
AbuDhabi_Race_Mar20_001_L14,11,True,1,1,0.0,0.0,0,0,2.05,0.0,4165.44,274,7,65886,4165.44,274,7,65886,4248.12,273,7,66970,2.067,0.0,4239.79,274,7,66886,1084,0,100,0.3,0.0,0.0,0.0,0,0,0,0,0,0,0,0,0,0,0,False,0,0,0,False,64|78|77|79,64|78|77|79,81|80|88|81,81|88|89|93,58,30,55,50,4164|4170|4175|4180|4185|4191|4196|4201|4206|4211|4217|4222|4227|4232|4238|4243|4248|4253|4259|4248,65886|65953|66019|66086|66169|66236|66303|66369|66436|66503|66586|66653|66720|66786|66853|66920|66970,-615.9;281.8|-614.9;276.8|-613.8;271.8|-612.5;266.9|-610.7;260.8|-609.1;256.0|-607.3;251.3|-605.4;246.5|-603.3;241.9|-601.2;237.3|-598.2;231.7|-595.7;227.2|-593.1;222.9|-590.4;218.6|-587.5;214.4|-584.5;210.3|-582.1;207.3,274|274|274|274|274|274|274|274|274|274|274|274|274|274|274|274|273,0|0|0|0|0|0|0|0|0|0|0|0|0|0|0|0|11,100|100|100|100|100|100|100|100|100|100|100|100|100|100|100|79|35,7|7|7|7|7|7|7|7|7|7|7|7|7|7|7|7|7,0.0434|0.0432|0.0424|0.0416|0.0392|0.0375|0.0362|0.0357|0.0356|0.0365|0.0435|0.0420|0.0366|0.0353|0.0354|0.0342|0.0310,0.015;0.027;-0.000;-0.000|0.015;0.027;-0.000;-0.000|0.015;0.027;-0.000;-0.000|0.015;0.028;-0.000;-0.000|0.016;0.027;-0.000;-0.000|0.015;0.025;-0.000;-0.000|0.015;0.025;-0.000;-0.000|0.015;0.025;-0.000;-0.000|0.014;0.024;-0.000;-0.000|0.015;0.025;-0.000;-0.000|0.015;0.026;-0.000;-0.000|0.015;0.028;-0.000;-0.000|0.015;0.027;-0.000;-0.000|0.015;0.025;-0.000;-0.000|0.014;0.023;-0.000;-0.000|0.009;0.016;-0.000;-0.000|-0.001;0.002;-0.002;-0.003,-0.012|0.003|-0.052|0.052|0.062|-0.030|-0.009|0.005|-0.012|0.001|-0.001|-0.001|0.006|-0.022|0.003|0.102|0.093,0.11|0.11|0.10|0.11|0.14|0.14|0.16|0.16|0.17|0.16|0.13|0.13|0.15|0.15|0.16|-0.03|-0.83,0.3.1
AbuDhabi_Race_Mar20_001_L14,12,False,1,1,4249.53,272,7,66986,2.067,0.0,4265.78,253,7,67186,4378.91,92,2,69754,4438.43,137,3,71671,2.067,0.0,4409.01,105,2,70787,4685,80,86,0.0,0.0,0.0,7.9,1,0,1,0,0,0,0,0,0,0,0,False,0,0,0,False,81|80|88|81,84|79|82|72,78|72|80|73,82|88|90|93,58,30,55,50,4265|4274|4283|4292|4301|4310|4319|4329|4338|4347|4356|4365|4374|4383|4392|4401|4410|4420|4429|4438,67186|67320|67453|67603|67770|67936|68120|68320|68520|68753|69037|69320|69637|69904|70187|70537|70887|71154|71437|71671,-571.6;195.3|-565.2;188.9|-558.9;183.1|-551.9;177.2|-544.5;171.3|-537.4;165.8|-530.1;160.3|-522.5;154.9|-515.3;150.2|-507.3;145.7|-498.7;142.0|-489.7;139.8|-480.9;139.6|-474.1;141.2|-467.6;144.4|-460.4;150.4|-454.1;158.2|-449.7;165.3|-445.3;173.9|-441.8;181.7,253|238|224|212|198|187|174|162|148|134|118|106|95|92|94|99|108|117|127|137,80|71|65|59|56|50|49|50|49|43|33|17|9|0|0|0|0|0|0|0,3|2|2|2|2|2|2|2|2|2|2|1|7|35|44|51|70|77|84|86,7|7|6|6|6|5|5|4|4|3|3|2|2|2|2|2|2|2|2|3,0.0264|0.0243|0.0177|0.0118|0.0084|0.0050|0.0076|0.0215|0.0383|0.0730|0.0987|0.1431|0.1875|0.1598|0.1196|0.0750|0.0513|0.0356|0.0238|0.0080,-0.024;-0.025;-0.019;-0.028|-0.028;-0.033;-0.020;-0.043|-0.027;-0.034;-0.019;-0.039|-0.025;-0.028;-0.018;-0.028|-0.024;-0.025;-0.016;-0.020|-0.021;-0.022;-0.016;-0.018|-0.022;-0.023;-0.017;-0.019|-0.024;-0.026;-0.017;-0.024|-0.029;-0.030;-0.017;-0.046|-0.024;-0.027;-0.020;-0.205|-0.025;-0.028;-0.016;-0.155|-0.011;-0.006;-0.010;-0.115|-0.008;0.007;-0.007;-0.048|0.011;0.061;-0.000;-0.000|0.018;0.073;-0.000;-0.003|0.019;0.051;-0.000;-0.002|0.033;0.069;-0.001;-0.002|0.037;0.068;-0.001;-0.002|0.038;0.059;-0.001;-0.002|0.056;0.075;-0.001;-0.002,0.146|0.069|-0.007|-0.025|0.014|-0.014|0.001|-0.001|-0.017|-0.019|-0.024|-0.011|-0.003|0.068|-0.018|0.008|-0.004|-0.002|0.000|-0.012,-3.56|-2.97|-2.73|-2.44|-2.28|-2.01|-1.94|-1.94|-1.93|-1.68|-1.47|-0.93|-0.77|0.04|0.33|0.53|0.91|1.01|1.07|1.36,0.3.1
AbuDhabi_Race_Mar20_001_L14,13,False,1,1,0.0,0.0,0,0,2.067,0.0,4445.58,143,3,71854,4503.68,128,3,73254,4558.38,139,3,74755,1.933,0.0,0.0,0.0,0,0,2901,0,62,0.0,0.0,0.0,4.1,0,0,0,0,0,0,0,0,0,0,0,False,0,0,0,False,77|71|79|73,75|90|75|77,70|92|73|78,83|88|90|92,58,30,55,50,4445|4451|4456|4462|4468|4474|4480|4486|4492|4498|4504|4510|4516|4522|4528|4534|4539|4545|4551|4558,71854|72004|72137|72287|72421|72587|72721|72854|72988|73154|73288|73438|73621|73804|73954|74121|74288|74438|74605|74755,-439.1;188.3|-436.6;193.8|-434.0;198.6|-430.8;203.6|-427.5;207.8|-423.6;212.1|-419.8;215.4|-415.3;218.8|-411.2;221.4|-406.4;223.9|-401.5;226.0|-396.5;227.7|-390.0;229.1|-383.4;229.8|-377.9;229.9|-371.7;229.3|-365.5;228.2|-360.0;226.9|-354.0;225.0|-348.6;222.8,143|145|145|143|141|138|135|132|130|128|128|128|129|131|133|134|135|136|138|139,0|0|0|0|0|0|0|0|0|0|0|0|0|0|0|0|0|0|0|0,66|46|35|31|26|22|21|21|26|44|50|53|59|62|56|46|39|50|53|54,3|3|3|3|3|3|3|3|3|3|3|3|3|3|3|3|3|3|3|3,-0.0277|-0.0628|-0.0857|-0.1093|-0.1335|-0.1522|-0.1658|-0.1785|-0.1869|-0.1756|-0.1531|-0.1158|-0.0947|-0.0748|-0.0712|-0.0739|-0.0530|-0.0490|-0.0598|-0.0583,0.026;0.018;-0.001;-0.001|0.020;0.009;-0.000;-0.000|0.019;0.005;0.001;-0.000|0.022;0.004;0.003;0.000|0.023;0.004;0.005;0.000|0.023;0.003;0.004;0.001|0.025;0.003;0.006;0.001|0.023;0.004;0.006;0.002|0.036;0.006;0.006;0.001|0.051;0.016;0.003;-0.000|0.063;0.019;-0.001;-0.001|0.071;0.020;-0.001;-0.000|0.071;0.023;-0.002;-0.000|0.070;0.025;-0.003;-0.000|0.052;0.019;-0.004;-0.000|0.020;0.011;-0.009;-0.000|0.013;0.008;-0.001;-0.000|0.024;0.012;-0.001;-0.000|0.027;0.014;-0.001;-0.000|0.030;0.012;-0.001;-0.000,0.040|0.034|0.021|0.016|0.010|0.045|-0.042|-0.049|-0.068|-0.068|-0.043|0.030|0.031|0.036|-0.017|0.004|-0.002|-0.005|-0.018|-0.052,0.61|0.16|-0.11|-0.27|-0.40|-0.50|-0.50|-0.44|-0.38|-0.07|0.04|0.16|0.30|0.41|0.34|0.23|0.10|0.29|0.29|0.32,0.3.1
AbuDhabi_Race_Mar20_001_L14,14,False,1,1,0.0,0.0,0,0,1.933,0.0,4559.02,139,3,74771,4614.73,137,3,76138,4747.44,217,5,78956,2.067,0.0,4624.88,139,3,76388,4185,0,100,0.0,0.0,0.0,1.7,0,0,0,0,0,0,0,0,0,0,0,False,0,0,0,False,70|92|73|78,68|101|71|82,60|85|75|83,83|89|90|92,58,30,55,50,4558|4568|4578|4588|4598|4608|4618|4627|4637|4647|4657|4667|4677|4687|4697|4707|4716|4726|4736|4747,74771|75021|75288|75555|75788|76005|76222|76472|76722|76988|77222|77439|77655|77855|78055|78255|78422|78605|78805|78956,-348.0;222.5|-339.4;217.9|-331.0;211.7|-323.6;204.2|-318.4;196.8|-314.7;190.1|-311.3;181.8|-308.8;172.5|-307.7;162.7|-307.6;152.3|-308.7;141.6|-310.6;132.0|-313.3;122.1|-316.7;112.9|-320.9;103.6|-325.9;94.4|-330.5;86.6|-335.9;77.9|-341.6;69.0|-347.0;60.7,139|141|141|141|139|137|137|140|145|152|159|165|173|179|186|192|197|204|211|217,0|0|0|0|0|0|0|0|0|0|0|0|0|0|0|0|0|0|0|0,54|52|46|42|39|48|59|67|79|84|89|100|100|100|100|100|100|100|100|100,3|3|3|3|3|3|3|3|3|3|3|3|4|4|4|4|4|5|5|5,-0.0586|-0.0571|-0.0862|-0.1196|-0.1381|-0.1392|-0.1115|-0.0551|-0.0413|-0.0459|-0.0299|-0.0423|-0.0380|-0.0258|-0.0179|-0.0109|-0.0065|-0.0023|-0.0016|-0.0018,0.031;0.014;-0.001;-0.000|0.068;0.021;-0.001;-0.000|0.036;0.011;-0.000;-0.000|0.036;0.010;0.002;-0.000|0.042;0.010;0.003;0.001|0.075;0.022;0.002;-0.000|0.080;0.029;-0.002;-0.001|0.065;0.028;-0.006;-0.000|0.055;0.027;-0.002;-0.001|0.059;0.029;-0.003;-0.001|0.055;0.029;-0.002;-0.001|0.040;0.036;-0.005;-0.001|0.074;0.047;-0.004;-0.001|0.076;0.043;-0.002;-0.001|0.050;0.033;-0.002;-0.001|0.042;0.031;-0.001;-0.001|0.035;0.029;-0.001;-0.001|0.036;0.032;-0.001;-0.001|0.032;0.031;-0.001;-0.001|0.031;0.030;-0.001;-0.001,-0.037|0.065|0.006|0.011|0.002|-0.012|-0.042|0.076|0.015|0.015|-0.012|0.163|0.083|0.010|0.009|-0.040|-0.073|-0.117|0.017|0.004,0.28|0.32|0.07|-0.12|-0.15|-0.00|0.23|0.56|0.76|0.78|0.86|0.94|0.97|0.87|0.96|0.91|0.86|1.11|1.01|0.98,0.3.1
AbuDhabi_Race_Mar20_001_L14,15,True,1,1,0.0,0.0,0,0,2.067,0.0,4779.61,233,5,79472,4898.23,249,6,81189,5005.98,254,7,82723,2.233,0.0,4893.19,250,6,81123,3251,0,100,5.7,4.0,0.0,0.9,0,0,0,0,0,0,0,0,0,0,0,False,0,0,0,False,58|80|74|81,85|78|88|83,105|78|100|86,83|90|90|93,58,30,55,50,4779|4790|4802|4814|4826|4838|4850|4862|4874|4886|4898|4909|4921|4933|4945|4957|4969|4981|4993|5005,79472|79672|79856|80006|80189|80356|80539|80706|80873|81039|81189|81339|81506|81673|81856|82039|82206|82373|82556|82723,-364.7;33.6|-371.3;23.5|-378.4;12.2|-383.3;3.4|-388.5;-8.0|-392.6;-18.7|-396.3;-30.9|-398.8;-42.3|-400.3;-53.8|-400.9;-65.5|-400.5;-75.9|-399.1;-86.2|-396.4;-97.3|-392.7;-108.1|-387.6;-119.6|-381.4;-130.5|-374.9;-140.0|-367.6;-148.9|-358.9;-158.3|-350.7;-166.8,233|238|242|244|246|248|250|251|252|251|249|248|247|246|246|247|248|250|252|254,0|0|0|0|0|0|0|0|0|0|0|0|0|0|0|0|0|0|0|0,100|100|100|100|100|100|100|100|100|100|100|100|100|100|100|100|100|100|100|49,5|6|6|6|6|6|6|6|6|6|6|6|6|6|6|6|6|6|6|7,-0.0004|0.0130|0.0373|0.0390|0.0244|0.0330|0.0481|0.0525|0.0888|0.1012|0.0897|0.0858|0.0896|0.0836|0.0763|0.0551|0.0417|0.0229|0.0051|0.0086,0.026;0.026;-0.001;-0.001|0.020;0.022;-0.001;-0.000|0.018;0.029;-0.000;-0.001|0.018;0.033;-0.000;-0.001|0.017;0.026;-0.000;-0.001|0.018;0.028;-0.000;-0.000|0.017;0.030;-0.000;-0.000|0.020;0.038;-0.000;-0.000|0.023;0.049;-0.000;0.001|0.023;0.053;-0.000;0.001|0.021;0.046;-0.000;0.000|0.023;0.050;-0.000;0.000|0.024;0.050;-0.000;-0.000|0.023;0.047;-0.000;-0.000|0.024;0.044;-0.000;-0.001|0.019;0.036;-0.000;-0.001|0.023;0.044;-0.000;-0.001|0.020;0.033;-0.000;-0.001|0.019;0.021;-0.001;-0.001|0.007;0.006;-0.000;-0.000,-0.004|0.030|0.024|-0.015|-0.036|0.006|0.001|0.020|0.033|0.043|-0.026|-0.011|-0.027|-0.003|-0.052|-0.006|0.069|0.016|-0.127|-0.064,0.85|0.62|0.50|0.45|0.47|0.44|0.33|0.26|0.16|0.05|0.01|0.06|0.11|0.20|0.25|0.31|0.33|0.47|0.49|-0.13,0.3.1
AbuDhabi_Race_Mar20_001_L14,16,False,1,1,5011.88,253,7,82806,2.233,0.0,5023.4,242,7,82973,5122.28,109,3,85207,5214.44,165,4,87724,2.333,0.0,5155.26,118,3,86174,4918,94,100,1.6,0.0,0.0,0.3,2,0,2,0,0,0,0,0,0,0,0,False,0,0,0,False,104|77|99|85,95|78|88|75,82|69|82|74,85|90|91|93,58,30,55,50,5023|5033|5043|5053|5063|5073|5083|5093|5103|5113|5123|5133|5143|5153|5163|5173|5183|5194|5204|5214,82973|83140|83306|83490|83690|83923|84140|84407|84690|84990|85257|85490|85790|86140|86457|86741|87007|87257|87524|87724,-338.3;-178.9|-330.4;-186.4|-323.1;-193.1|-315.5;-199.6|-307.5;-205.7|-299.1;-211.3|-290.5;-216.3|-281.1;-220.5|-271.7;-223.4|-262.3;-224.7|-254.1;-223.8|-247.3;-221.9|-239.1;-217.8|-230.2;-211.1|-222.8;-203.5|-216.7;-195.4|-211.5;-186.9|-206.8;-178.2|-202.2;-168.7|-198.1;-159.9,242|224|205|188|174|160|146|132|119|110|109|109|111|117|124|130|138|147|156|165,63|93|79|53|49|46|41|33|27|0|0|0|0|0|0|0|0|0|0|0,7|5|4|3|2|2|2|2|2|27|36|37|54|64|66|68|79|90|97|100,7|7|6|6|5|5|4|4|3|3|3|3|3|3|3|3|3|3|3|4,0.0050|0.0145|0.0208|0.0286|0.0183|0.0339|0.0562|0.0497|0.1271|0.1327|0.1052|0.0931|0.0803|0.0603|0.0555|0.0328|0.0225|0.0146|0.0073|0.0052,-0.021;-0.023;-0.018;-0.022|-0.037;-0.046;-0.030;-0.032|-0.040;-0.046;-0.025;-0.065|-0.029;-0.031;-0.016;-0.041|0.003;0.006;-0.017;-0.041|-0.023;-0.024;-0.015;-0.033|-0.022;-0.023;-0.014;-0.063|-0.021;-0.019;-0.012;-0.230|-0.021;-0.018;-0.014;-0.152|0.003;0.028;-0.000;0.001|0.012;0.048;-0.000;0.001|0.011;0.064;0.000;-0.002|0.016;0.051;-0.000;-0.001|0.022;0.054;-0.001;-0.001|0.027;0.063;-0.001;-0.002|0.020;0.084;-0.001;-0.001|0.027;0.045;-0.002;-0.002|0.037;0.049;-0.003;-0.004|0.040;0.047;-0.001;-0.002|0.038;0.036;-0.001;-0.001,0.008|0.157|-0.009|-0.006|-0.043|-0.003|0.002|-0.066|-0.023|0.138|0.057|0.234|0.008|-0.017|-0.005|-0.226|-0.032|-0.035|0.045|-0.014,-2.58|-3.58|-3.02|-2.24|-1.02|-1.86|-1.74|-1.33|-1.36|-0.26|0.18|-0.08|0.39|0.60|0.66|0.70|1.14|1.57|1.07|1.04,0.3.1
AbuDhabi_Race_Mar20_001_L15,1,False,1,1,284.03,285,7,3899,2.117,0.0,299.52,270,7,4116,424.02,144,3,6383,516.76,197,4,8483,2.2,0.0,448.75,145,3,7016,4584,78,100,8.0,8.0,0.0,6.1,0,0,0,0,0,0,0,0,0,0,0,False,0,0,0,False,54|51|65|63,64|80|64|75,59|78|71|81,85|89|92|93,58,30,55,50,299|310|322|333|345|356|367|379|390|402|413|425|436|447|459|470|482|493|504|516,4116|4266|4433|4633|4800|5016|5233|5483|5716|5950|6166|6433|6716|7000|7283|7550|7800|8050|8266|8483,-47.1;173.3|-41.9;184.2|-37.0;194.3|-31.0;205.5|-25.9;214.0|-19.0;223.9|-11.6;232.5|-2.7;240.7|5.9;246.6|14.8;250.9|23.3;253.7|33.3;255.5|44.6;255.6|56.5;253.5|67.4;249.6|77.6;244.6|87.7;239.3|98.3;233.5|107.9;228.1|118.0;222.4,270|251|235|219|209|195|181|167|156|150|146|144|144|145|149|158|168|178|188|197,73|74|59|45|40|37|34|28|10|0|0|0|0|0|0|0|0|0|0|0,3|1|1|1|1|1|1|1|11|30|36|49|56|64|79|95|100|100|100|100,7|7|6|6|5|5|4|4|3|3|3|3|3|3|3|3|3|4|4|4,-0.0019|-0.0115|-0.0155|-0.0185|-0.0313|-0.0461|-0.0502|-0.0728|-0.0869|-0.1207|-0.1394|-0.1342|-0.1073|-0.0719|-0.0261|-0.0052|-0.0030|-0.0029|-0.0021|-0.0024,-0.024;-0.023;-0.021;-0.024|-0.019;-0.017;-0.031;-0.022|-0.022;-0.026;-0.027;-0.014|-0.008;-0.007;-0.024;-0.012|-0.017;-0.018;-0.023;-0.011|-0.005;-0.006;-0.048;-0.011|-0.020;-0.020;-0.060;-0.011|-0.017;-0.019;-0.067;-0.010|0.004;-0.005;-0.015;-0.004|0.017;0.007;0.005;0.000|0.047;0.010;0.002;-0.001|0.029;0.010;0.001;-0.000|0.056;0.017;-0.001;-0.000|0.053;0.020;-0.002;-0.000|0.097;0.036;-0.001;-0.001|0.043;0.054;-0.001;-0.001|0.061;0.060;-0.001;-0.001|0.096;0.091;-0.001;-0.001|0.057;0.050;-0.001;-0.001|0.045;0.040;-0.001;-0.001,0.080|0.057|0.035|-0.060|-0.018|-0.004|-0.008|0.015|0.128|0.075|0.099|0.022|0.013|0.001|-0.116|0.046|0.060|0.017|-0.004|0.022,-3.04|-3.07|-2.59|-1.79|-1.84|-1.52|-1.65|-1.52|-0.86|-0.53|-0.46|-0.06|0.10|0.33|0.54|1.11|1.18|1.36|1.21|1.09,0.3.1
AbuDhabi_Race_Mar20_001_L15,2,True,1,1,0.0,0.0,0,0,2.333,0.0,580.49,230,5,9550,646.32,243,6,10550,716.67,252,6,11533,2.166,0.0,700.44,248,6,11299,1983,0,100,9.7,9.7,0.0,3.1,0,0,0,0,0,0,0,0,0,0,0,False,0,0,0,False,57|71|71|79,60|82|75|86,63|89|78|94,85|90|92|93,58,30,55,50,579|586|594|601|608|615|622|629|636|644|651|658|665|672|679|687|694|701|708|716,9550|9666|9766|9883|9983|10100|10216|10316|10433|10533|10650|10716|10816|10916|11016|11116|11216|11316|11433|11533,171.4;187.5|177.2;182.8|182.1;178.5|187.8;173.3|192.5;168.7|197.8;163.0|202.8;156.9|206.8;151.5|211.1;144.9|214.5;139.1|217.5;133.0|219.7;127.8|222.2;121.5|224.2;115.0|225.9;108.5|227.3;101.8|228.4;95.0|229.3;88.2|230.1;80.2|230.5;73.2,230|233|235|237|239|241|242|243|243|243|244|244|244|244|244|245|247|248|250|252,0|0|0|0|0|0|0|0|0|0|0|0|0|0|0|0|0|0|0|0,100|100|100|100|100|100|100|100|100|100|100|100|100|100|100|100|100|100|100|100,5|5|5|5|5|6|6|6|6|6|6|6|6|6|6|6|6|6|6|6,-0.0163|-0.0206|-0.0217|-0.0242|-0.0310|-0.0426|-0.0466|-0.0502|-0.0540|-0.0496|-0.0429|-0.0424|-0.0461|-0.0385|-0.0303|-0.0304|-0.0278|-0.0205|-0.0121|-0.0078,0.033;0.025;-0.001;-0.001|0.029;0.024;-0.000;-0.001|0.027;0.023;-0.001;-0.001|0.020;0.018;-0.002;-0.000|0.038;0.022;-0.001;-0.001|0.039;0.021;-0.001;-0.001|0.041;0.020;-0.000;-0.000|0.039;0.019;-0.000;-0.000|0.045;0.021;-0.000;-0.000|0.044;0.021;-0.001;-0.000|0.045;0.020;-0.000;-0.000|0.066;0.028;-0.001;-0.000|0.058;0.026;-0.000;-0.000|0.041;0.022;-0.001;-0.000|0.050;0.026;-0.001;-0.000|0.043;0.025;-0.001;-0.001|0.033;0.020;-0.001;-0.000|0.029;0.019;-0.001;-0.000|0.026;0.019;-0.001;-0.000|0.020;0.016;-0.000;-0.000,0.028|-0.088|-0.142|0.219|-0.015|-0.017|-0.019|0.003|-0.015|-0.003|-0.264|-0.032|0.100|-0.203|-0.079|-0.030|0.008|-0.017|-0.023|-0.019,0.70|0.65|0.63|0.62|0.54|0.71|0.38|0.29|0.28|0.28|0.25|0.50|0.28|0.36|0.34|0.40|0.46|0.47|0.50|0.41,0.3.1
AbuDhabi_Race_Mar20_001_L15,3,True,1,1,0.0,0.0,0,0,2.166,0.0,724.87,253,6,11649,858.31,256,6,13449,999.91,265,6,15433,2.184,0.0,838.56,258,6,13183,3784,0,100,0.4,0.4,0.0,0.8,0,0,0,0,0,0,0,0,0,0,0,False,0,0,0,False,62|88|77|93,94|85|93|91,104|78|98|87,85|91|92|94,58,30,55,50,723|738|752|767|781|796|810|825|839|854|868|883|897|912|926|941|955|969|984|999,11649|11849|12049|12249|12433|12633|12816|13016|13199|13399|13599|13799|14016|14199|14416|14616|14816|15033|15233|15433,230.9;65.0|231.4;50.9|232.1;36.6|233.4;22.2|235.5;9.0|239.0;-5.0|243.5;-17.6|249.7;-30.6|256.4;-42.0|265.0;-53.4|274.8;-63.7|285.6;-72.7|297.2;-80.5|309.6;-87.1|323.7;-92.7|337.2;-96.5|351.0;-99.1|366.3;-101.3|380.7;-103.0|395.2;-104.4,253|256|258|260|261|261|260|259|258|256|254|253|252|251|252|252|254|258|262|265,0|0|0|0|0|0|0|0|0|0|0|0|0|0|0|0|0|0|0|0,100|100|100|100|100|100|100|100|100|100|100|100|100|100|100|100|100|100|100|100,6|6|6|6|6|6|6|6|6|6|6|6|6|6|6|6|6|6|6|6,-0.0029|0.0057|0.0199|0.0350|0.0400|0.0474|0.0592|0.0762|0.0805|0.0803|0.0782|0.0757|0.0744|0.0667|0.0501|0.0363|0.0047|0.0062|0.0071|0.0016,0.019;0.017;-0.000;-0.000|0.017;0.018;-0.000;-0.000|0.016;0.020;-0.000;-0.000|0.015;0.023;-0.000;-0.000|0.015;0.027;-0.000;-0.000|0.015;0.029;-0.000;-0.000|0.016;0.033;-0.000;0.000|0.019;0.039;-0.000;0.001|0.019;0.038;-0.000;0.000|0.017;0.037;-0.000;0.000|0.019;0.041;-0.000;0.000|0.020;0.041;-0.000;0.000|0.020;0.040;-0.000;-0.000|0.019;0.037;-0.000;-0.000|0.017;0.032;-0.000;-0.001|0.017;0.029;-0.000;-0.001|0.016;0.021;-0.000;-0.001|0.019;0.022;-0.001;-0.000|0.018;0.021;-0.000;-0.001|0.019;0.018;-0.000;-0.000,-0.024|-0.003|-0.007|0.023|0.004|0.024|0.004|-0.015|-0.033|-0.005|0.007|-0.012|-0.020|-0.024|0.005|-0.014|-0.038|-0.027|-0.010|-0.009,0.40|0.38|0.34|0.24|0.17|0.12|0.07|-0.01|-0.02|-0.03|-0.01|0.05|0.11|0.15|0.22|0.29|0.42|0.52|0.49|0.47,0.3.1
AbuDhabi_Race_Mar20_001_L15,4,True,1,1,0.0,0.0,0,0,2.184,0.0,1003.67,266,6,15483,1065.24,276,7,16283,1152.05,285,7,17383,2.216,0.0,1036.78,272,7,15916,1900,0,100,1.6,1.6,0.0,0.8,0,0,0,0,0,0,0,0,0,0,0,False,0,0,0,False,103|78|97|86,92|73|89|82,80|68|80|78,87|91|94|95,58,30,55,50,1002|1010|1018|1026|1034|1041|1049|1057|1065|1073|1080|1088|1096|1104|1112|1119|1127|1135|1143|1152,15483|15583|15683|15783|15883|15983|16083|16183|16283|16383|16483|16583|16683|16783|16883|16983|17083|17183|17283|17383,398.9;-104.8|406.3;-105.4|413.7;-106.1|421.2;-106.7|428.7;-107.4|436.3;-108.2|443.8;-109.2|451.3;-110.3|458.9;-111.6|466.4;-113.1|473.9;-114.8|481.4;-116.6|488.9;-118.6|496.4;-120.8|503.8;-123.1|511.2;-125.6|518.6;-128.2|526.0;-130.9|533.4;-133.7|540.8;-136.6,266|267|269|271|272|273|274|275|276|276|277|278|279|280|281|282|282|283|284|285,0|0|0|0|0|0|0|0|0|0|0|0|0|0|0|0|0|0|0|0,100|100|100|100|100|100|100|100|100|100|100|100|100|100|100|100|100|100|100|100,6|6|7|7|7|7|7|7|7|7|7|7|7|7|7|7|7|7|7|7,0.0014|-0.0004|-0.0031|-0.0064|-0.0089|-0.0151|-0.0148|-0.0148|-0.0136|-0.0135|-0.0127|-0.0115|-0.0111|-0.0101|-0.0089|-0.0089|-0.0069|-0.0066|-0.0050|-0.0028,0.020;0.018;-0.000;-0.000|0.019;0.017;-0.000;-0.000|0.011;0.012;-0.000;-0.000|0.018;0.017;-0.000;-0.000|0.018;0.014;-0.000;-0.000|0.018;0.014;-0.000;-0.000|0.020;0.014;-0.000;-0.000|0.017;0.013;-0.000;-0.000|0.018;0.014;-0.000;-0.000|0.018;0.014;-0.000;-0.000|0.017;0.014;-0.000;-0.000|0.016;0.013;-0.000;-0.000|0.016;0.013;-0.000;-0.000|0.015;0.013;-0.000;-0.000|0.015;0.013;-0.000;-0.000|0.015;0.013;-0.000;-0.000|0.016;0.014;-0.000;-0.000|0.015;0.013;-0.000;-0.000|0.014;0.013;-0.000;-0.000|0.014;0.013;-0.000;-0.000,0.022|-0.019|-0.102|0.063|-0.004|-0.001|-0.038|-0.041|0.007|0.016|-0.014|0.022|0.016|0.031|0.022|0.007|0.003|0.027|0.036|0.020,0.46|0.45|0.29|0.45|0.31|0.31|0.29|0.27|0.28|0.27|0.26|0.27|0.26|0.26|0.25|0.25|0.24|0.24|0.23|0.23,0.3.1
AbuDhabi_Race_Mar20_001_L15,5,False,1,1,1309.95,296,7,19334,2.184,0.0,1314.05,294,7,19384,1443.02,96,1,22118,1580.87,186,4,25868,2.267,0.0,1509.75,114,2,24101,6534,100,100,0.0,0.0,0.0,8.8,0,0,0,0,0,0,0,0,0,0,0,False,0,0,0,False,65|58|69|68,73|70|67|71,63|71|75|80,88|91|94|95,58,30,55,50,1313|1327|1341|1355|1369|1383|1397|1412|1426|1440|1454|1468|1482|1496|1510|1524|1538|1552|1566|1580,19384|19568|19768|19984|20234|20518|20851|21234|21634|22034|22434|22768|23168|23634|24134|24568|24951|25284|25584|25868,690.4;-199.0|703.6;-204.9|716.5;-211.0|728.9;-217.1|741.2;-223.6|753.0;-230.9|764.2;-239.8|773.9;-250.5|780.7;-261.6|784.2;-272.5|784.8;-283.3|783.0;-292.2|778.1;-301.9|768.7;-311.1|755.1;-317.7|740.8;-320.4|726.6;-320.9|712.6;-320.3|698.7;-319.2|684.6;-317.9,294|270|243|215|188|164|145|125|109|98|98|98|99|104|115|127|142|159|174|186,42|100|100|98|72|48|39|30|26|14|0|0|0|0|0|0|0|0|0|0,26|4|4|4|3|2|2|2|3|11|30|27|47|56|66|78|100|100|100|100,7|7|7|6|5|5|4|3|2|1|2|2|2|2|2|2|3|3|4|4,-0.0045|-0.0040|-0.0036|-0.0111|-0.0272|-0.0395|-0.0598|-0.0500|-0.0720|-0.0826|-0.1178|-0.1529|-0.1253|-0.0771|-0.0602|-0.0372|-0.0094|-0.0059|-0.0015|0.0019,-0.009;-0.009;-0.011;-0.010|-0.029;-0.027;-0.031;-0.028|-0.037;-0.035;-0.038;-0.033|-0.046;-0.042;-0.081;-0.037|-0.024;-0.022;-0.127;-0.027|-0.023;-0.023;-0.052;-0.015|-0.036;-0.031;-0.094;-0.016|-0.023;-0.022;-0.029;-0.011|-0.016;-0.019;-0.042;-0.010|0.003;-0.005;-0.014;-0.005|0.101;0.020;-0.018;-0.000|0.041;0.004;0.006;0.000|0.091;0.021;-0.001;-0.000|0.107;0.035;-0.004;-0.000|0.083;0.032;-0.003;-0.001|0.068;0.035;-0.002;-0.001|0.081;0.073;-0.002;-0.001|0.070;0.058;-0.001;-0.001|0.052;0.048;-0.001;-0.001|0.037;0.038;-0.001;-0.001,-0.035|0.023|0.023|-0.011|0.011|0.011|-0.034|-0.031|-0.028|-0.011|0.300|0.101|-0.009|0.031|0.018|-0.007|-0.053|-0.027|-0.015|-0.038,-1.85|-3.98|-3.86|-3.67|-2.11|-1.99|-1.66|-1.33|-1.10|-0.53|0.23|-0.21|0.30|0.50|0.72|1.00|1.31|1.28|1.38|1.24,0.3.1
AbuDhabi_Race_Mar20_001_L15,6,False,1,1,2520.87,313,8,37784,1.966,0.0,2530.91,304,8,37901,2678.77,73,1,41417,2697.52,73,1,42384,2.067,0.0,0.0,0.0,0,0,4600,100,43,14.6,14.6,0.0,12.5,0,1,0,0,0,0,0,0,1,0,0,False,0,0,0,False,45|46|56|56,62|74|60|68,62|76|63|77,87|91|94|96,58,30,55,50,2530|2539|2548|2556|2565|2574|2583|2592|2600|2609|2618|2627|2635|2644|2653|2662|2671|2679|2688|2697,37901|38017|38117|38251|38367|38501|38651|38817|38984|39167|39384|39617|39851|40151|40451|40717|41017|41484|41934|42384,-264.8;-305.6|-274.4;-305.7|-282.2;-305.7|-292.0;-305.7|-300.0;-305.6|-308.6;-305.6|-317.4;-305.5|-326.6;-305.4|-335.0;-305.4|-343.6;-305.3|-352.9;-305.1|-362.0;-304.6|-370.1;-303.5|-378.8;-301.0|-386.9;-296.9|-392.1;-292.5|-396.1;-286.8|-398.5;-277.4|-396.9;-268.4|-391.9;-260.7,304|288|274|255|239|223|204|190|175|162|148|132|121|109|97|88|79|73|73|73,87|100|100|100|100|100|81|65|68|52|54|45|34|23|19|13|5|0|0|0,17|7|4|4|4|4|4|3|3|3|3|3|3|2|2|3|9|26|41|2,8|8|8|8|8|7|7|6|6|5|4|4|3|2|2|1|1|1|1|1,-0.0042|-0.0028|-0.0012|-0.0018|-0.0009|0.0009|-0.0002|0.0007|-0.0002|-0.0038|-0.0167|-0.0422|-0.0709|-0.1135|-0.1550|-0.1948|-0.2436|-0.2149|-0.1040|0.1054,-0.022;-0.021;-0.024;-0.023|-0.031;-0.029;-0.031;-0.028|-0.033;-0.032;-0.033;-0.030|-0.037;-0.035;-0.036;-0.036|-0.039;-0.038;-0.040;-0.037|-0.039;-0.039;-0.051;-0.046|-0.040;-0.040;-0.033;-0.033|-0.027;-0.028;-0.024;-0.025|-0.036;-0.037;-0.029;-0.028|-0.024;-0.024;-0.021;-0.019|-0.025;-0.024;-0.036;-0.021|-0.025;-0.025;-0.035;-0.016|-0.022;-0.023;-0.052;-0.013|0.012;-0.005;-0.106;-0.013|0.026;0.007;-0.086;-0.014|0.012;-0.007;-0.046;-0.011|0.053;-0.001;-0.015;-0.005|0.147;0.022;0.000;-0.000|0.282;0.083;0.000;0.000|0.096;0.023;-0.024;0.001,0.014|-0.001|0.002|0.011|0.003|0.003|-0.001|0.022|-0.001|0.013|0.002|-0.015|-0.012|0.000|-0.012|-0.013|-0.014|-0.038|-0.038|-0.374,-3.41|-4.02|-3.97|-3.88|-3.81|-3.65|-3.14|-2.47|-2.56|-1.93|-1.89|-1.69|-1.40|-0.60|-0.78|-0.89|-0.72|-0.09|0.23|-0.07,0.3.1
AbuDhabi_Race_Mar20_001_L15,7,False,1,1,0.0,0.0,0,0,2.067,0.0,2698.45,72,1,42434,2705.92,70,1,42851,2766.75,95,2,45667,2.084,0.0,2763.34,91,2,45534,3233,0,70,0.0,0.0,0.0,0.6,0,0,0,0,0,0,0,0,0,0,0,False,0,0,0,False,62|75|63|77,62|74|64|77,62|68|65|72,87|91|94|95,58,30,55,50,2698|2701|2705|2709|2712|2716|2719|2723|2727|2730|2734|2737|2741|2744|2748|2752|2755|2759|2762|2766,42434|42634|42834|43034|43217|43384|43551|43701|43851|44001|44151|44351|44534|44717|44884|45051|45217|45367|45517|45667,-391.2;-259.9|-388.2;-257.3|-385.4;-254.5|-383.1;-251.4|-381.4;-248.3|-380.2;-245.1|-379.3;-241.9|-379.0;-238.9|-378.9;-235.9|-379.2;-232.9|-379.8;-229.9|-381.0;-226.0|-382.6;-222.5|-384.7;-219.2|-386.9;-216.3|-389.4;-213.7|-392.2;-211.1|-394.9;-208.8|-397.9;-206.6|-401.0;-204.3,72|70|70|70|70|72|72|72|72|73|73|74|75|76|78|80|83|86|91|95,0|0|0|0|0|0|0|0|0|0|0|0|0|0|0|0|0|0|0|0,0|2|13|19|20|20|18|19|25|28|29|34|35|36|36|43|55|61|64|70,1|1|1|1|1|2|2|2|2|2|2|2|2|2|2|2|2|2|2|2,0.1226|0.1622|0.1587|0.1504|0.1496|0.1457|0.1437|0.1406|0.1364|0.1388|0.1353|0.1271|0.1223|0.1112|0.0936|0.0727|0.0632|0.0490|0.0345|0.0242,0.064;0.031;-0.023;0.000|-0.009;0.009;0.000;0.000|-0.000;0.015;-0.000;-0.000|0.003;0.024;-0.000;-0.000|0.004;0.028;-0.000;-0.000|0.001;0.029;-0.000;-0.000|0.001;0.025;-0.000;-0.000|0.001;0.023;0.000;-0.000|0.003;0.026;-0.000;-0.000|0.004;0.025;-0.000;-0.000|0.005;0.029;-0.000;-0.000|0.007;0.032;-0.000;-0.000|0.008;0.058;-0.000;-0.000|0.017;0.117;-0.000;-0.000|0.012;0.050;-0.000;-0.001|0.017;0.013;-0.000;-0.002|0.019;0.027;-0.001;-0.000|0.031;0.055;-0.001;-0.002|0.048;0.038;-0.001;-0.003|0.043;0.071;-0.001;-0.001,-0.368|-0.007|0.023|0.017|0.008|0.021|-0.006|-0.011|-0.005|-0.009|0.029|0.015|-0.045|-0.033|-0.001|0.078|0.193|0.037|-0.007|0.010,-0.00|-0.25|-0.08|0.03|0.06|-0.06|-0.06|-0.06|0.04|0.06|0.09|0.15|0.11|0.24|0.29|0.27|0.49|0.69|1.05|0.69,0.3.1
AbuDhabi_Race_Mar20_001_L15,8,True,1,1,0.0,0.0,0,0,2.084,0.0,2791.66,126,3,46484,2965.61,243,6,49701,3091.51,273,7,51451,0.783,0.0,2838.16,174,4,47584,4967,0,100,0.9,0.9,0.0,2.5,0,0,0,0,0,0,0,0,0,0,0,False,0,0,0,False,60|66|71|77,54|58|74|78,51|54|68|72,86|90|93|95,58,30,55,50,2791|2807|2822|2838|2854|2870|2886|2901|2917|2933|2949|2964|2980|2996|3012|3028|3043|3059|3075|3091,46484|46901|47267|47601|47934|48201|48484|48734|48984|49234|49484|49701|49934|50151|50384|50584|50801|51017|51234|51451,-422.2;-190.8|-435.6;-182.7|-448.6;-174.3|-461.2;-165.2|-474.1;-154.5|-484.8;-144.8|-495.7;-134.2|-506.6;-122.7|-516.7;-111.0|-526.5;-98.5|-535.4;-86.0|-543.8;-72.9|-551.8;-59.0|-558.7;-45.7|-565.3;-31.8|-571.6;-17.6|-577.7;-3.0|-583.8;11.8|-589.8;26.8|-595.4;40.8,126|143|159|174|189|200|209|218|225|232|238|243|248|252|256|260|264|267|270|273,0|0|0|0|0|0|0|0|0|0|0|0|0|0|0|0|0|0|0|0,84|97|100|100|100|100|100|100|100|100|100|100|100|100|100|100|100|100|100|100,3|3|4|4|5|5|5|5|6|6|6|6|6|6|6|7|7|7|7|7,-0.0052|-0.0076|-0.0081|-0.0089|-0.0064|-0.0101|-0.0101|-0.0124|-0.0130|-0.0127|-0.0151|-0.0135|-0.0108|-0.0097|-0.0080|-0.0038|-0.0010|-0.0021|-0.0017|-0.0018,0.147;0.141;-0.002;-0.002|0.075;0.052;-0.001;-0.001|0.086;0.062;-0.002;-0.001|0.087;0.056;-0.002;-0.001|0.029;0.020;-0.001;-0.001|0.043;0.033;-0.001;-0.001|0.037;0.029;-0.001;-0.001|0.035;0.026;-0.001;-0.001|0.043;0.031;-0.001;-0.001|0.027;0.022;-0.001;-0.001|0.026;0.020;-0.001;-0.001|0.025;0.020;-0.001;-0.001|0.022;0.018;-0.001;-0.000|0.020;0.017;-0.001;-0.000|0.020;0.017;-0.000;-0.000|0.019;0.017;-0.000;-0.000|0.018;0.017;-0.000;-0.000|0.018;0.017;-0.000;-0.000|0.017;0.017;-0.000;-0.000|0.017;0.017;-0.000;-0.000,-0.005|-0.016|0.019|0.008|-0.003|0.001|0.020|0.002|-0.020|-0.008|0.010|0.010|-0.010|-0.010|0.005|0.007|0.001|0.003|-0.001|-0.003,1.42|1.17|1.30|1.27|0.95|1.08|0.99|0.89|1.05|0.73|0.67|0.62|0.58|0.54|0.51|0.47|0.45|0.43|0.41|0.39,0.3.1
AbuDhabi_Race_Mar20_001_L15,9,False,1,1,3571.22,305,8,57271,0.384,0.0,3576.84,300,8,57338,3686.02,157,4,59221,3950.38,222,5,64304,0.55,0.0,3698.11,157,4,59454,7033,100,100,11.8,11.8,0.0,6.0,1,0,1,0,0,0,0,0,0,0,0,False,0,0,0,False,46|47|56|60,68|75|61|72,63|102|78|94,86|90|94|96,58,30,55,50,3576|3596|3615|3635|3655|3674|3694|3714|3733|3753|3773|3792|3812|3832|3851|3871|3891|3910|3930|3950,57338|57588|57888|58221|58604|58988|59371|59771|60171|60571|60971|61371|61771|62154|62538|62904|63271|63638|63988|64304,-719.1;508.4|-720.6;528.0|-720.9;548.4|-719.3;567.8|-715.0;586.9|-707.8;602.9|-697.5;616.1|-683.6;626.7|-667.3;633.3|-649.7;635.5|-631.8;633.3|-614.7;626.7|-599.5;616.0|-587.1;602.5|-577.5;586.2|-571.3;568.6|-568.0;549.4|-568.3;529.2|-571.9;509.4|-577.1;491.0,300|265|226|196|172|159|157|157|159|161|163|166|169|174|180|187|195|203|212|222,68|100|80|49|30|0|0|1|0|0|0|0|0|0|0|0|0|0|0|0,2|0|0|0|4|42|63|68|71|70|70|71|73|77|83|89|99|100|100|100,8|7|6|6|4|4|4|4|4|4|4|4|4|4|4|4|5|5|5|5,-0.0143|-0.0141|-0.0313|-0.0505|-0.0594|-0.0970|-0.1175|-0.1187|-0.0981|-0.0919|-0.0868|-0.0822|-0.0667|-0.0615|-0.0483|-0.0464|-0.0483|-0.0465|-0.0120|-0.0049,-0.018;-0.018;-0.019;-0.016|-0.016;-0.014;-0.050;-0.030|-0.045;-0.036;-0.185;-0.025|-0.013;-0.011;-0.092;-0.017|0.022;0.010;-0.078;-0.011|0.022;0.007;0.001;-0.000|0.046;0.016;-0.001;-0.000|0.052;0.019;-0.004;-0.001|0.065;0.023;-0.002;-0.000|0.058;0.022;-0.002;-0.000|0.056;0.021;-0.001;-0.000|0.056;0.022;-0.002;-0.000|0.049;0.021;-0.002;-0.000|0.050;0.021;-0.001;-0.001|0.045;0.022;-0.002;-0.000|0.044;0.022;-0.001;-0.001|0.057;0.028;-0.002;-0.001|0.067;0.032;-0.002;-0.001|0.045;0.032;-0.001;-0.001|0.031;0.027;-0.001;-0.001,0.031|0.045|-0.002|-0.004|0.004|-0.006|0.028|0.010|0.020|0.007|-0.008|0.020|-0.008|-0.042|-0.029|-0.037|-0.030|-0.027|0.004|-0.016,-2.94|-3.24|-3.23|-1.90|-0.73|-0.18|0.12|0.12|0.28|0.29|0.28|0.33|0.44|0.40|0.58|0.62|0.70|0.69|1.03|0.99,0.3.1
AbuDhabi_Race_Mar20_001_L15,10,True,1,1,0.0,0.0,0,0,0.584,0.0,4053.3,261,6,65821,4145.6,271,7,67072,4164.35,271,7,67305,0.65,0.0,4163.1,271,7,67288,1484,0,100,7.9,7.5,0.0,7.5,0,0,0,0,0,0,0,0,0,0,0,False,0,0,0,False,57|83|73|83,66|78|77|80,68|78|80|80,86|92|94|97,58,30,55,50,4052|4058|4064|4070|4076|4082|4087|4093|4099|4105|4111|4117|4122|4128|4134|4140|4146|4152|4157|4164,65821|65905|66005|66071|66138|66221|66321|66371|66455|66521|66605|66671|66755|66838|66922|66988|67088|67155|67222|67305,-606.6;392.3|-608.1;386.4|-609.6;380.5|-611.1;374.5|-612.3;369.7|-613.6;363.7|-614.9;357.6|-615.8;352.7|-616.9;346.5|-617.6;341.6|-618.4;335.3|-618.9;330.3|-619.3;324.1|-619.5;317.8|-619.4;311.5|-619.2;306.5|-618.7;300.2|-617.9;294.0|-617.2;289.0|-616.0;282.9,261|263|264|266|266|267|268|269|270|270|271|271|271|271|271|271|271|271|271|271,0|0|0|0|0|0|0|0|0|0|0|0|0|0|0|0|0|0|0|0,100|100|100|100|100|100|100|100|100|100|100|100|100|100|100|100|100|100|100|100,6|6|7|7|7|7|7|7|7|7|7|7|7|7|7|7|7|7|7|7,0.0041|0.0048|0.0098|0.0116|0.0125|0.0141|0.0183|0.0192|0.0230|0.0235|0.0263|0.0297|0.0429|0.0484|0.0413|0.0422|0.0388|0.0268|0.0207|0.0181,0.019;0.020;-0.001;-0.000|0.018;0.019;-0.000;-0.000|0.012;0.014;-0.000;-0.000|0.015;0.017;-0.000;-0.000|0.014;0.017;-0.000;-0.000|0.014;0.018;-0.000;-0.000|0.014;0.017;-0.000;-0.000|0.014;0.018;-0.000;-0.000|0.014;0.019;-0.000;-0.000|0.014;0.019;-0.000;-0.000|0.013;0.019;-0.000;-0.000|0.013;0.021;-0.000;-0.000|0.014;0.023;-0.000;-0.000|0.015;0.027;-0.000;-0.000|0.015;0.028;-0.000;-0.000|0.016;0.030;-0.000;-0.000|0.015;0.027;-0.000;-0.000|0.015;0.025;-0.000;-0.000|0.015;0.022;-0.000;-0.000|0.014;0.020;-0.000;-0.000,-0.002|0.005|0.022|0.019|0.004|0.010|0.010|0.014|0.015|0.009|0.019|0.019|0.024|0.006|-0.010|0.009|-0.017|-0.024|-0.035|-0.037,0.52|0.50|0.27|0.35|0.34|0.33|0.31|0.29|0.27|0.24|0.24|0.21|0.13|0.09|0.09|0.09|0.12|0.18|0.22|0.25,0.3.1
AbuDhabi_Race_Mar20_001_L15,11,True,1,1,0.0,0.0,0,0,0.65,0.0,4165.61,271,7,67322,4204.62,272,7,67838,4240.76,270,7,68322,0.716,0.0,0.0,0.0,0,0,1000,4,28,0.0,0.0,0.0,0.3,0,0,0,0,0,0,0,0,0,0,0,False,0,0,0,False,68|78|80|80,76|78|84|81,81|79|87|81,86|92|94|97,58,30,55,50,4164|4170|4175|4180|4185|4191|4196|4201|4206|4211|4217|4222|4227|4232|4238|4243|4248|4253|4259|4240,67322|67388|67455|67522|67605|67672|67738|67805|67872|67938|68038|68105|68172|68238|68305|68322,-615.8;281.6|-614.8;276.7|-613.6;271.8|-612.3;266.9|-610.6;260.8|-609.0;256.0|-607.3;251.2|-605.4;246.5|-603.4;241.9|-601.2;237.4|-598.3;231.8|-595.8;227.4|-593.2;223.1|-589.8;217.8|-586.9;213.7|-586.2;212.6,271|272|272|273|273|273|272|272|272|271|272|272|272|272|271|270,0|0|0|0|0|0|0|0|0|0|0|0|0|0|9|15,100|100|100|100|100|100|100|100|100|100|100|100|100|76|28|19,7|7|7|7|7|7|7|7|7|7|7|7|7|7|7|7,0.0182|0.0204|0.0259|0.0390|0.0490|0.0516|0.0493|0.0467|0.0387|0.0318|0.0285|0.0299|0.0349|0.0377|0.0369|0.0368,0.014;0.020;-0.000;-0.000|0.014;0.020;-0.000;-0.000|0.014;0.020;-0.000;-0.000|0.014;0.022;-0.000;-0.000|0.014;0.026;-0.000;-0.000|0.015;0.029;-0.000;-0.000|0.015;0.030;-0.000;-0.000|0.016;0.031;-0.000;-0.000|0.016;0.029;-0.000;-0.000|0.016;0.028;-0.000;-0.000|0.015;0.024;-0.000;-0.000|0.015;0.023;-0.000;-0.000|0.015;0.023;-0.000;-0.000|0.009;0.016;-0.000;-0.000|-0.002;0.001;-0.002;-0.004|-0.004;-0.002;-0.003;-0.006,-0.037|0.002|0.029|0.024|0.032|0.016|-0.004|0.004|-0.020|-0.017|-0.022|-0.010|0.011|-0.008|0.020|0.038,0.26|0.25|0.24|0.18|0.10|0.06|0.05|0.04|0.10|0.14|0.18|0.20|0.19|-0.07|-0.89|-1.15,0.3.1
AbuDhabi_Race_Mar20_001_L15,12,False,1,1,4242.09,269,7,68339,0.716,0.0,4266.83,238,7,68655,4395.12,93,2,71623,4438.48,124,3,73156,0.784,0.0,4424.44,110,2,72739,4817,70,73,0.0,0.0,0.0,8.1,1,0,0,1,0,0,0,0,0,0,0,False,0,0,0,False,81|79|88|81,88|78|83|71,82|72|81|71,87|92|94|97,58,30,55,50,4265|4274|4283|4292|4301|4310|4319|4329|4338|4347|4356|4365|4374|4383|4392|4401|4410|4420|4429|4438,68655|68772|68922|69089|69239|69405|69589|69772|69972|70189|70422|70706|70956|71206|71556|71923|72273|72589|72906|73156,-571.0;194.5|-565.7;189.2|-558.8;183.0|-551.9;177.2|-544.6;171.3|-537.4;165.8|-529.8;160.1|-522.6;154.9|-514.9;150.0|-506.8;145.6|-498.4;142.2|-489.3;139.9|-481.0;139.3|-474.0;140.0|-465.8;143.1|-457.8;149.1|-451.9;156.5|-447.7;164.5|-444.2;173.1|-441.1;181.4,238|228|218|209|199|190|180|170|158|146|133|119|106|97|94|95|99|106|115|124,61|46|37|37|39|38|39|39|38|35|34|32|23|5|0|0|0|0|0|0,0|0|0|0|0|0|0|0|0|0|0|0|0|10|31|43|49|58|71|73,7|7|6|6|5|5|5|4|4|3|3|2|2|2|2|2|2|2|2|3,0.0280|0.0230|0.0143|0.0090|0.0064|0.0064|0.0118|0.0237|0.0437|0.0718|0.0900|0.1215|0.1657|0.1741|0.1598|0.1197|0.0661|0.0334|0.0173|-0.0011,-0.020;-0.021;-0.014;-0.028|-0.018;-0.020;-0.012;-0.024|-0.014;-0.015;-0.010;-0.017|-0.016;-0.017;-0.011;-0.015|-0.025;-0.026;-0.011;-0.013|-0.017;-0.017;-0.012;-0.014|-0.005;-0.005;-0.013;-0.016|-0.019;-0.020;-0.012;-0.019|-0.004;-0.003;-0.013;-0.035|-0.024;-0.025;-0.013;-0.069|-0.029;-0.034;-0.016;-0.124|-0.024;-0.027;-0.019;-0.257|-0.020;-0.015;-0.017;-0.120|-0.004;0.015;-0.003;-0.013|0.011;0.052;-0.000;-0.001|0.017;0.074;-0.000;-0.001|0.039;0.103;-0.000;-0.001|0.029;0.032;-0.000;-0.001|0.027;0.043;-0.002;-0.002|0.050;0.049;-0.001;-0.001,0.265|0.066|-0.016|-0.022|0.007|-0.006|0.012|0.004|-0.006|0.009|-0.028|0.010|0.001|0.054|-0.029|-0.014|0.040|-0.017|0.062|0.027,-2.58|-2.16|-1.73|-1.71|-1.89|-1.67|-1.36|-1.65|-1.31|-1.60|-1.56|-1.55|-1.26|-0.62|-0.01|0.24|0.58|0.63|1.16|1.00,0.3.1
AbuDhabi_Race_Mar20_001_L15,13,False,1,1,0.0,0.0,0,0,0.784,0.0,4445.55,130,3,73356,4501.59,125,3,74790,4558.31,134,3,76324,0.534,0.0,0.0,0.0,0,0,2968,0,64,0.0,0.0,0.0,3.9,0,0,0,0,0,0,0,0,0,0,0,False,0,0,0,False,81|72|80|71,77|81|76|75,72|86|74|77,87|92|94|96,58,30,55,50,4445|4451|4456|4462|4468|4474|4480|4486|4492|4498|4504|4510|4516|4522|4528|4534|4539|4545|4551|4558,73356|73540|73690|73840|73990|74140|74290|74440|74573|74740|74873|75040|75207|75373|75523|75707|75857|76007|76174|76324,-438.7;188.1|-436.2;193.7|-433.7;198.5|-430.7;203.1|-427.0;207.9|-423.3;211.8|-419.7;214.9|-415.5;218.0|-411.0;220.7|-406.4;223.0|-401.5;225.0|-396.4;226.6|-390.6;227.8|-384.6;228.5|-378.3;228.8|-371.3;228.6|-366.2;228.0|-359.9;226.8|-354.5;225.2|-348.7;222.8,130|131|131|131|130|128|127|125|124|125|126|127|130|133|136|138|138|137|135|134,0|0|0|0|0|0|0|0|0|0|0|0|0|0|0|0|0|0|0|0,51|41|37|32|28|25|25|27|43|53|54|57|63|64|61|50|31|26|29|37,3|3|3|3|3|3|3|3|3|3|3|3|3|3|3|3|3|3|3|3,-0.0400|-0.0606|-0.0765|-0.0930|-0.0930|-0.0882|-0.1002|-0.1043|-0.1053|-0.0906|-0.0833|-0.0612|-0.0454|-0.0426|-0.0582|-0.0799|-0.0913|-0.0892|-0.0886|-0.0833,0.022;0.013;-0.001;-0.000|0.019;0.008;-0.000;-0.000|0.020;0.006;0.000;-0.000|0.021;0.005;0.001;-0.000|0.023;0.004;0.001;-0.000|0.023;0.004;0.001;0.000|0.021;0.006;0.001;0.000|0.019;0.007;0.001;0.001|0.061;0.022;0.000;-0.000|0.078;0.030;-0.003;-0.000|0.076;0.025;-0.004;-0.000|0.075;0.025;-0.002;-0.000|0.051;0.022;-0.002;-0.000|0.034;0.019;-0.001;-0.001|0.034;0.016;-0.001;-0.001|0.035;0.015;-0.001;-0.000|0.010;0.005;-0.002;-0.000|0.014;0.002;0.001;0.000|0.015;0.003;0.001;0.000|0.028;0.008;-0.000;0.000,0.018|0.017|0.018|0.013|0.053|0.044|-0.003|-0.026|-0.040|-0.052|-0.050|0.019|0.023|0.030|-0.017|0.035|0.036|-0.001|-0.016|-0.010,0.40|0.16|0.03|-0.12|-0.22|-0.22|-0.14|-0.12|0.15|0.33|0.22|0.38|0.56|0.59|0.45|0.24|-0.09|-0.21|-0.18|0.02,0.3.1
AbuDhabi_Race_Mar20_001_L15,14,False,1,1,0.0,0.0,0,0,0.534,0.0,4558.93,134,3,76340,4623.67,138,3,77941,4748.09,213,5,80591,0.633,0.0,4628.91,139,3,78074,4251,0,100,0.0,0.0,0.0,1.3,0,0,0,0,0,0,0,0,0,0,0,False,0,0,0,False,72|86|74|77,69|92|72|80,61|80|75|81,87|92|94|96,58,30,55,50,4558|4568|4578|4588|4598|4608|4618|4627|4637|4647|4657|4667|4677|4687|4697|4707|4716|4726|4736|4748,76340|76624|76890|77174|77374|77590|77807|78057|78307|78557|78807|79041|79274|79474|79691|79874|80041|80241|80408|80591,-348.1;222.5|-339.5;217.6|-331.2;210.9|-323.8;202.9|-319.2;196.6|-315.3;189.9|-311.6;181.7|-308.9;172.4|-307.6;162.7|-307.5;152.5|-308.8;142.1|-311.1;132.2|-314.1;122.7|-318.0;113.1|-322.3;104.0|-327.3;94.9|-331.8;87.1|-337.1;78.5|-342.8;69.7|-348.7;60.8,134|134|137|139|140|139|138|139|144|148|153|160|169|176|183|190|196|202|207|213,0|0|0|0|0|0|0|0|0|0|0|0|0|0|0|0|0|0|0|0,38|49|55|49|42|39|48|64|74|76|83|96|100|100|100|100|100|100|100|100,3|3|3|3|3|3|3|3|3|3|3|3|4|4|4|4|5|5|5|5,-0.0814|-0.0537|-0.0472|-0.0592|-0.0813|-0.1057|-0.1111|-0.0672|-0.0671|-0.0537|-0.0412|-0.0296|-0.0266|-0.0181|-0.0131|-0.0129|-0.0098|-0.0068|-0.0045|-0.0013,0.026;0.009;-0.000;0.000|0.060;0.017;-0.003;0.000|0.034;0.015;-0.001;-0.000|0.026;0.011;-0.000;-0.000|0.027;0.010;-0.000;-0.000|0.052;0.017;0.002;0.000|0.057;0.019;0.002;-0.000|0.057;0.024;-0.004;-0.000|0.066;0.026;-0.002;-0.001|0.066;0.029;-0.005;-0.001|0.060;0.029;-0.002;-0.001|0.061;0.035;-0.002;-0.001|0.073;0.050;-0.003;-0.001|0.065;0.043;-0.002;-0.001|0.040;0.032;-0.001;-0.001|0.040;0.032;-0.001;-0.001|0.039;0.031;-0.001;-0.001|0.029;0.025;-0.001;-0.001|0.028;0.026;-0.001;-0.001|0.027;0.025;-0.001;-0.001,-0.023|0.001|0.012|-0.003|-0.063|-0.025|-0.007|0.058|0.013|0.025|-0.006|0.015|0.064|0.012|-0.014|-0.065|0.002|-0.011|0.010|0.005,-0.00|0.37|0.37|0.21|0.08|-0.01|-0.02|0.45|0.55|0.64|0.75|0.94|1.02|1.00|0.99|0.93|1.12|0.88|0.84|0.81,0.3.1
AbuDhabi_Race_Mar20_001_L15,15,True,1,1,0.0,0.0,0,0,0.684,0.0,4779.47,226,5,81125,4900.64,243,6,82908,5005.99,256,7,84409,0.75,0.0,4893.21,244,6,82808,3284,0,100,2.3,0.0,0.0,0.7,0,0,0,0,0,0,0,0,0,0,0,False,0,0,0,False,59|75|73|79,90|76|90|83,98|73|95|83,87|93|94|96,58,30,55,50,4779|4790|4802|4814|4826|4838|4850|4862|4874|4886|4898|4909|4921|4933|4945|4957|4969|4981|4993|5005,81125|81308|81491|81675|81841|82025|82208|82375|82558|82725|82875|83042|83192|83358|83542|83725|83892|84092|84242|84409,-366.3;34.5|-372.6;24.7|-378.8;14.6|-384.8;4.0|-390.0;-7.0|-394.4;-18.6|-397.6;-30.6|-399.6;-41.7|-400.7;-54.2|-400.8;-65.6|-400.0;-75.8|-397.9;-86.8|-395.1;-96.5|-391.1;-106.9|-385.6;-118.0|-379.1;-128.5|-372.5;-137.8|-364.8;-147.9|-357.5;-156.9|-349.8;-166.0,226|231|235|239|241|243|244|245|246|245|244|242|241|241|242|244|247|250|253|256,0|0|0|0|0|0|0|0|0|0|0|0|0|0|0|0|0|0|0|0,100|100|100|100|100|100|100|100|100|95|92|94|100|100|100|100|100|100|100|98,5|6|6|6|6|6|6|6|6|6|6|6|6|6|6|6|6|6|6|7,0.0054|0.0089|0.0185|0.0368|0.0477|0.0566|0.0430|0.0545|0.0896|0.1026|0.0960|0.0921|0.0901|0.0751|0.0532|0.0165|0.0133|0.0089|0.0090|0.0099,0.022;0.024;-0.001;-0.001|0.021;0.024;-0.001;-0.001|0.020;0.025;-0.001;-0.001|0.018;0.027;-0.001;-0.000|0.019;0.036;-0.000;-0.001|0.022;0.043;-0.000;-0.000|0.020;0.037;-0.000;-0.001|0.020;0.037;-0.000;-0.001|0.024;0.050;-0.000;0.000|0.023;0.053;-0.000;0.001|0.020;0.044;-0.000;0.001|0.021;0.043;-0.000;-0.000|0.025;0.052;-0.000;-0.001|0.024;0.050;-0.000;-0.001|0.028;0.052;-0.000;-0.002|0.017;0.026;-0.000;-0.001|0.020;0.025;-0.001;-0.001|0.018;0.022;-0.000;-0.001|0.017;0.020;-0.000;-0.001|0.017;0.020;-0.000;-0.000,-0.003|0.008|0.026|0.014|-0.003|0.008|-0.017|0.011|0.033|0.045|-0.019|-0.073|-0.025|-0.008|-0.037|0.002|-0.036|-0.005|0.004|0.014,0.70|0.70|0.63|0.53|0.40|0.32|0.37|0.33|0.22|0.01|-0.08|0.04|0.17|0.28|0.38|0.50|0.56|0.53|0.51|0.45,0.3.1
AbuDhabi_Race_Mar20_001_L15,16,False,1,1,5009.57,256,7,84459,0.75,0.0,5023.55,242,7,84675,5131.88,106,3,87109,5214.94,177,4,89326,0.9,0.0,5149.73,113,3,87643,4867,90,100,1.4,0.0,0.0,0.5,1,0,1,0,0,0,0,0,0,0,0,False,0,0,0,False,97|73|95|82,95|78|87|74,81|69|88|79,88|93|95|96,58,30,55,50,5023|5033|5043|5053|5063|5073|5083|5093|5103|5113|5123|5133|5143|5153|5163|5173|5183|5194|5204|5214,84675|84809|85009|85159|85359|85576|85809|86059|86342|86642|86892|87143|87443|87793|88093|88376|88643|88893|89110|89326,-338.1;-179.0|-331.3;-186.0|-323.5;-193.7|-316.6;-200.0|-308.5;-206.4|-299.8;-212.2|-290.9;-217.3|-281.7;-221.3|-271.7;-224.1|-262.3;-225.2|-254.3;-224.4|-247.2;-222.2|-239.3;-217.8|-230.9;-210.8|-224.1;-203.4|-218.1;-195.1|-212.8;-186.2|-207.9;-176.9|-203.4;-168.3|-198.8;-159.0,242|224|208|194|179|165|151|138|126|113|107|107|109|116|125|134|145|156|166|177,80|81|56|52|50|45|38|30|29|16|0|0|0|0|0|0|0|0|0|0,9|4|3|3|3|3|3|3|3|4|32|42|56|71|79|87|88|100|100|100,7|7|6|6|5|5|4|4|3|3|3|3|3|3|3|3|3|3|4|4,0.0170|0.0243|0.0237|0.0336|0.0391|0.0388|0.0573|0.0582|0.1006|0.1405|0.1317|0.1024|0.0745|0.0494|0.0448|0.0280|0.0070|0.0041|0.0011|0.0003,-0.028;-0.030;-0.026;-0.047|-0.043;-0.051;-0.023;-0.104|-0.024;-0.025;-0.016;-0.028|-0.026;-0.028;-0.015;-0.040|-0.002;-0.002;-0.018;-0.117|-0.022;-0.022;-0.014;-0.070|-0.001;-0.001;-0.013;-0.051|-0.020;-0.019;-0.011;-0.043|-0.002;0.016;-0.015;-0.145|-0.015;-0.004;-0.007;-0.058|0.007;0.056;0.000;0.001|0.008;0.031;0.000;-0.001|0.017;0.051;-0.000;-0.001|0.026;0.057;-0.001;-0.001|0.041;0.092;-0.001;-0.002|0.046;0.093;-0.001;-0.002|0.051;0.068;-0.001;-0.002|0.071;0.082;-0.002;-0.001|0.117;0.105;-0.001;-0.001|0.059;0.059;-0.002;-0.001,-0.009|0.133|-0.014|-0.010|-0.070|-0.030|0.001|-0.006|0.003|0.091|-0.036|-0.062|0.015|-0.009|-0.009|-0.017|-0.011|-0.011|0.011|-0.042,-3.06|-3.77|-2.31|-2.19|-1.58|-1.89|-1.42|-1.34|-0.49|-1.07|-0.14|0.04|0.41|0.74|0.85|1.08|1.18|1.33|1.38|1.36,0.3.1
