lap_id,turn_number,flat_out,position_entry,position_exit,braking_start_dist,braking_start_speed,braking_start_gear,time_at_braking_ms,gap_behind_at_entry,gap_ahead_at_entry,entry_dist,entry_speed,entry_gear,time_at_entry_ms,apex_dist,apex_speed,apex_gear,time_at_apex_ms,exit_dist,exit_speed,exit_gear,time_at_exit_ms,gap_behind_at_exit,gap_ahead_at_exit,throttle_committed_dist,throttle_committed_speed,throttle_committed_gear,time_at_throttle_committed_ms,time_in_turn_ms,max_brake_before_apex,max_throttle_after_apex,battery_deployed_prev_straight,battery_overtake_deployed_prev_straight,battery_boost_deployed_prev_straight,battery_recharged_prev_straight,lockups,spins,lockups_front_minor,lockups_front_medium,lockups_front_severe,lockups_rear_minor,lockups_rear_medium,lockups_rear_severe,spins_minor,spins_medium,spins_severe,in_traffic,collision_events,corner_cutting_events,time_penalties_received_sec,retried_with_flashback,tyre_temps_entry,tyre_temps_apex,tyre_temps_exit,tyre_carcass_temps,brake_bias,differential,off_throttle_diff,engine_braking,turn_series_distances,turn_series_times,turn_positions,turn_speeds,turn_brakes,turn_throttles,turn_gears,turn_wheel_angles,turn_slip_ratios,turn_yaw_rates,turn_longitudinal_g,version
Baku_Race_Aug17_001_L1,RaceStart,False,11,12,0.0,0.0,0,0,0.0,0.0,20.26,1,1,266,65.49,117,3,3183,179.19,181,4,5816,0.46499999999999986,0.494,66.03,117,3,3199,5550,0,100,0.0,0.0,0.0,0.0,0,2,0,0,0,0,0,0,0,1,1,False,0,0,0,False,66|66|66|66,59|59|92|92,51|51|77|77,74|74|74|74,58,95,40,50,20|28|36|45|53|61|70|78|86|95|103|112|120|128|137|145|153|162|170|179,266|1566|2083|2466|2799|3083|3333|3566|3783|3983|4166|4366|4550|4733|4933|5116|5300|5466|5650|5816,615.1;-451.8|623.0;-455.2|630.7;-458.4|638.4;-461.5|646.4;-464.5|654.2;-467.4|661.9;-470.1|669.8;-473.1|677.7;-476.3|685.4;-479.3|692.9;-482.3|701.3;-485.4|709.0;-488.2|716.5;-491.1|724.7;-494.2|732.3;-497.2|740.1;-500.4|747.3;-503.3|755.4;-506.7|763.1;-509.9,1|47|69|85|99|112|124|135|145|154|160|160|159|158|157|162|166|170|176|181,0|0|0|0|0|0|0|0|0|0|0|0|0|0|0|0|0|0|0|0,54|100|100|100|100|100|100|100|100|100|39|32|9|9|57|83|62|83|90|90,1|1|1|2|2|2|3|3|3|3|4|4|4|4|4|4|4|4|4|4,-0.0004|0.0049|0.0012|0.0020|-0.0023|-0.0095|-0.0060|0.0013|0.0012|0.0065|0.0075|-0.0031|-0.0023|-0.0043|-0.0027|-0.0031|-0.0051|-0.0016|0.0025|0.0002,3.457;3.457;-0.002;-0.002|0.353;0.359;-0.002;-0.002|0.329;0.335;-0.002;-0.002|0.297;0.307;-0.001;-0.002|0.252;0.263;-0.001;-0.002|0.211;0.210;-0.001;-0.002|0.134;0.121;-0.002;-0.001|0.094;0.088;-0.002;-0.001|0.060;0.060;-0.001;-0.001|0.047;0.051;-0.001;-0.001|0.008;0.010;-0.000;-0.000|0.006;0.006;-0.000;-0.000|-0.002;-0.002;0.000;0.000|-0.002;-0.002;0.000;0.000|0.016;0.017;-0.000;-0.000|0.032;0.033;-0.001;-0.001|0.018;0.018;-0.000;-0.001|0.030;0.031;-0.001;-0.001|0.033;0.036;-0.001;-0.001|0.031;0.034;-0.001;-0.001,0.019|0.000|0.000|0.001|-0.001|-0.002|-0.002|0.004|0.002|0.005|-0.023|-0.001|-0.004|0.003|0.010|-0.000|-0.003|0.007|0.004|-0.001,0.90|1.17|1.18|1.21|1.25|1.30|1.36|1.39|1.29|1.20|0.19|0.04|-0.26|-0.26|0.36|0.86|0.43|0.79|0.90|0.86,0.2.9-dev
Baku_Race_Aug17_001_L1,1,False,12,12,208.97,194,4,6383,0.46499999999999986,0.494,180.04,181,4,5833,310.54,73,1,9566,386.7,152,3,12166,0.21699999999999986,0.241,342.97,94,1,10883,6333,99,100,0.1,0.0,0.0,0.1,0,0,0,0,0,0,0,0,0,0,0,False,0,0,0,False,51|51|77|77,51|52|63|63,48|52|69|70,73|73|75|75,58,95,40,50,180|190|201|212|223|234|245|255|266|277|288|299|310|321|332|342|353|364|375|386,5833|6050|6250|6450|6666|6883|7133|7400|7700|8050|8483|9000|9566|10050|10466|10883|11283|11616|11899|12166,763.9;-510.2|774.2;-514.5|784.0;-518.5|794.0;-522.5|804.6;-526.9|814.1;-531.0|824.1;-535.2|834.2;-539.4|844.3;-543.5|854.1;-547.7|863.9;-552.5|873.1;-559.0|880.8;-567.9|884.1;-577.4|884.1;-586.8|881.2;-596.6|877.2;-607.2|873.3;-617.4|869.6;-627.2|865.7;-637.3,181|188|193|194|181|163|152|141|120|99|83|76|73|78|83|94|110|126|139|152,0|0|0|15|88|45|16|58|92|41|29|2|0|0|0|0|0|0|0|0,90|87|85|60|0|0|16|10|2|2|2|12|8|41|47|65|86|100|100|100,4|4|4|4|4|4|4|4|4|3|1|1|1|1|1|1|2|2|3|3,0.0002|0.0047|-0.0018|-0.0042|0.0007|0.0026|0.0043|0.0011|-0.0115|-0.0133|-0.0503|-0.0666|-0.1415|-0.1260|-0.1133|-0.0170|0.0007|-0.0007|0.0005|0.0002,0.031;0.034;-0.001;-0.001|0.026;0.030;-0.001;-0.001|0.024;0.026;-0.001;-0.001|0.007;0.006;-0.007;-0.007|-0.057;-0.051;-0.050;-0.054|-0.029;-0.032;-0.019;-0.022|-0.007;-0.007;-0.007;-0.009|-0.032;-0.027;-0.026;-0.061|-0.025;-0.031;-0.027;-0.028|-0.030;-0.031;-0.024;-0.019|-0.009;-0.016;-0.019;-0.015|0.011;-0.002;-0.002;-0.001|0.029;-0.007;0.000;0.000|0.105;0.029;-0.002;-0.000|0.103;0.033;-0.003;-0.001|0.044;0.035;-0.001;-0.001|0.204;0.204;-0.002;-0.002|0.101;0.101;-0.002;-0.002|0.049;0.049;-0.001;-0.001|0.051;0.051;-0.001;-0.001,-0.000|-0.001|-0.002|-0.004|-0.006|0.015|0.029|-0.012|0.044|0.025|0.005|0.016|-0.007|0.003|0.000|0.012|-0.003|-0.002|0.002|0.000,0.86|0.75|0.67|-0.25|-2.91|-1.86|-0.71|-1.70|-1.80|-1.57|-0.96|-0.02|-0.20|0.46|0.54|0.91|1.32|1.39|1.20|1.23,0.2.9-dev
Baku_Race_Aug17_001_L1,2,False,12,12,566.45,194,5,15483,0.653,0.145,570.91,190,5,15566,663.88,56,1,18616,712.34,118,2,20633,0.6500000000000004,0.436,693.99,92,1,19999,5150,97,92,0.6,0.0,0.0,0.6,0,0,0,0,0,0,0,0,0,0,0,True,0,0,0,False,44|46|58|59,48|50|55|56,47|49|60|60,71|72|75|75,58,95,40,50,566|577|585|592|600|607|614|622|629|637|644|652|659|667|674|682|689|696|704|712,15566|15699|15849|16016|16183|16383|16583|16816|17083|17366|17683|18066|18449|18766|19099|19499|19833|20116|20383|20633,798.8;-808.9|796.4;-815.4|793.8;-822.3|791.0;-829.5|788.4;-836.2|785.4;-843.6|782.6;-850.3|779.7;-857.1|776.5;-864.1|773.2;-870.6|769.0;-876.6|763.0;-882.2|757.1;-885.6|752.3;-887.0|746.7;-887.3|738.9;-886.7|731.6;-884.8|724.8;-882.5|717.8;-879.6|710.8;-876.2,190|183|171|161|151|136|122|109|98|87|81|69|59|57|64|76|86|96|107|118,30|40|62|29|57|61|76|39|27|25|5|23|16|0|0|0|0|0|0|0,0|0|0|0|0|0|0|0|0|0|4|0|0|30|51|55|58|67|77|92,5|5|5|5|5|5|5|4|3|2|2|1|1|1|1|1|1|1|2|2,-0.0108|-0.0045|-0.0030|-0.0041|-0.0042|-0.0047|-0.0060|-0.0061|-0.0136|-0.0741|-0.0964|-0.0974|-0.1534|-0.1519|-0.0804|-0.0777|-0.0365|-0.0354|-0.0131|0.0156,-0.016;-0.015;-0.013;-0.010|-0.021;-0.020;-0.018;-0.015|-0.044;-0.041;-0.031;-0.027|-0.017;-0.017;-0.013;-0.012|-0.037;-0.035;-0.031;-0.028|-0.041;-0.040;-0.039;-0.041|-0.043;-0.044;-0.034;-0.037|-0.029;-0.031;-0.020;-0.021|-0.020;-0.019;-0.015;-0.013|-0.021;-0.020;-0.024;-0.011|0.002;-0.008;-0.005;-0.003|-0.004;-0.021;-0.018;-0.011|0.008;-0.019;-0.013;-0.009|0.029;-0.001;-0.001;-0.000|0.065;0.028;-0.001;-0.001|0.088;0.038;-0.002;-0.001|0.053;0.033;-0.002;-0.001|0.056;0.037;-0.001;-0.001|0.133;0.100;-0.003;-0.001|0.079;0.086;-0.002;-0.001,-0.006|0.012|-0.000|0.000|0.001|0.007|-0.001|-0.003|-0.005|-0.004|0.003|-0.002|-0.005|0.046|-0.005|0.001|-0.006|0.001|0.002|-0.012,-1.38|-1.67|-2.44|-1.30|-2.09|-2.07|-1.91|-1.50|-1.09|-1.10|-0.38|-0.93|-0.73|0.15|0.77|0.87|0.89|0.94|1.21|1.31,0.2.9-dev
Baku_Race_Aug17_001_L1,3,False,12,12,1355.01,232,8,30283,0.16300000000000026,0.315,1405.49,198,8,31166,1536.21,74,4,34532,1605.92,139,3,37166,0.43299999999999983,0.781,1548.89,76,4,35149,6883,100,100,9.7,4.4,0.0,9.7,0,0,0,0,0,0,0,0,0,0,0,True,1,0,0,False,46|50|54|58,52|56|54|57,49|52|57|59,70|71|75|75,58,95,40,50,1355|1415|1426|1436|1447|1457|1468|1478|1489|1500|1510|1521|1531|1542|1553|1563|1574|1584|1595|1605,31166|31349|31549|31733|31916|32116|32316|32566|32833|33166|33582|34016|34382|34816|35332|35799|36199|36566|36899|37166,70.7;-611.0|61.4;-607.0|51.1;-602.7|41.6;-599.0|32.0;-595.4|21.5;-591.5|12.0;-588.1|1.6;-584.3|-7.9;-580.8|-17.7;-576.7|-27.2;-572.2|-35.4;-566.5|-40.4;-560.4|-43.5;-552.1|-43.7;-541.1|-41.8;-530.4|-38.7;-520.4|-34.9;-510.3|-30.7;-500.7|-26.3;-491.1,198|199|200|201|202|194|171|147|126|101|86|79|75|74|80|88|99|113|126|139,0|0|0|0|0|91|93|100|100|74|11|7|0|0|0|0|0|0|0|0,70|73|55|65|70|3|0|0|0|0|10|0|26|46|74|85|92|98|100|100,8|8|8|8|8|8|8|8|8|6|5|4|4|4|4|4|3|3|3|3,-0.0009|0.0128|0.0069|0.0064|0.0043|-0.0007|-0.0005|-0.0052|-0.0166|-0.0125|-0.0520|-0.1258|-0.1697|-0.1212|-0.0676|-0.0403|-0.0237|-0.0118|-0.0065|-0.0030,0.011;0.012;-0.000;-0.000|0.011;0.013;-0.000;-0.000|0.008;0.009;-0.000;-0.000|0.010;0.011;-0.000;-0.000|0.011;0.012;-0.000;-0.000|-0.043;-0.043;-0.044;-0.045|-0.068;-0.068;-0.064;-0.063|-0.043;-0.057;-0.012;-0.015|-0.039;-0.034;-0.019;-0.029|-0.072;-0.067;-0.095;-0.061|-0.005;-0.008;-0.007;-0.005|-0.001;-0.011;-0.007;-0.003|0.018;-0.009;-0.001;-0.001|0.053;0.006;-0.001;-0.000|0.032;0.013;-0.001;-0.000|0.031;0.019;-0.001;-0.001|0.050;0.037;-0.001;-0.001|0.057;0.048;-0.001;-0.001|0.071;0.063;-0.002;-0.001|0.067;0.062;-0.002;-0.001,0.011|-0.000|0.004|0.000|0.001|0.022|0.002|-0.005|-0.006|0.002|0.001|0.011|0.306|0.002|-0.005|-0.004|-0.002|-0.002|-0.000|-0.003,0.19|0.21|0.05|0.14|0.19|-3.03|-3.16|-2.59|-1.69|-2.28|-0.47|-0.57|0.26|0.08|0.44|0.58|0.96|1.11|1.28|1.32,0.2.9-dev
Baku_Race_Aug17_001_L1,4,False,12,11,1679.79,199,4,38716,0.2370000000000001,1.081,1687.16,197,4,38849,1770.65,85,2,41216,1812.69,129,3,42749,0.3489999999999993,1.271,1787.02,93,2,41916,4033,100,90,0.3,0.0,0.0,0.3,0,0,0,0,0,0,0,0,0,0,0,False,0,0,0,False,46|48|60|61,58|54|62|59,57|52|65|62,70|71|75|75,58,95,40,50,1679|1692|1699|1706|1712|1719|1726|1732|1739|1746|1752|1759|1766|1772|1779|1786|1792|1799|1806|1812,38849|38966|39099|39249|39399|39582|39766|39982|40216|40466|40682|40849|41049|41316|41616|41882|42132|42366|42566|42749,8.2;-417.4|10.8;-411.8|13.6;-405.8|16.4;-399.5|18.8;-393.8|21.5;-387.3|23.6;-381.4|25.5;-374.9|26.8;-368.3|27.1;-361.4|26.4;-355.6|25.3;-351.4|23.5;-346.7|20.0;-341.3|14.8;-336.4|9.3;-332.8|3.4;-329.5|-2.9;-326.5|-8.7;-323.7|-14.6;-321.0,197|186|172|156|144|130|119|107|100|98|95|93|88|85|86|92|101|112|121|129,59|91|100|99|74|63|54|33|6|0|0|0|0|0|0|0|0|0|0|0,66|9|1|0|0|0|0|3|5|14|4|0|0|28|44|63|85|86|86|91,4|4|4|4|3|3|2|2|2|2|2|2|2|2|2|2|2|2|2|3,0.0043|0.0064|0.0077|0.0104|0.0143|0.0258|0.0401|0.0584|0.0976|0.1180|0.1313|0.1507|0.1588|0.1589|0.1120|0.0392|0.0202|0.0066|0.0047|0.0057,-0.004;-0.004;-0.024;-0.026|-0.041;-0.041;-0.046;-0.056|-0.058;-0.062;-0.039;-0.040|-0.071;-0.071;-0.042;-0.077|-0.008;-0.002;-0.027;-0.042|-0.052;-0.053;-0.029;-0.055|-0.022;-0.019;-0.025;-0.097|-0.022;-0.015;-0.013;-0.027|-0.009;-0.001;-0.002;-0.007|-0.003;0.021;0.000;0.001|-0.002;0.036;0.001;0.001|-0.012;0.024;0.001;0.020|-0.008;0.011;0.000;0.011|0.006;0.047;-0.000;0.000|0.017;0.067;-0.000;-0.001|0.028;0.044;-0.001;-0.001|0.069;0.088;-0.001;-0.002|0.076;0.085;-0.001;-0.002|0.056;0.060;-0.001;-0.001|0.051;0.056;-0.001;-0.001,-0.014|-0.005|-0.003|-0.002|0.008|-0.011|0.016|-0.012|-0.007|0.002|-0.163|0.205|0.018|-0.007|0.007|0.008|0.002|0.002|0.002|0.004,-1.43|-3.03|-3.01|-2.89|-0.78|-2.24|-1.51|-1.24|-0.54|-0.17|-0.31|-0.36|-0.57|-0.04|0.34|0.78|1.24|1.30|1.22|1.23,0.2.9-dev
Baku_Race_Aug17_001_L1,5,False,11,11,1996.07,242,6,46149,0.33200000000000074,1.317,2003.87,238,6,46266,2096.21,99,2,48448,2127.05,110,2,49381,0.49599999999999866,1.482,0.0,0.0,0,0,3232,82,61,1.7,0.0,0.0,1.7,0,0,0,0,0,0,0,0,0,0,0,False,0,0,0,False,47|45|61|61,55|59|58|64,54|61|59|65,70|71|75|75,58,95,40,50,1996|2009|2016|2022|2029|2035|2042|2048|2055|2061|2068|2074|2081|2087|2094|2100|2107|2113|2120|2127,46266|46366|46466|46566|46682|46831|46948|47098|47264|47398|47581|47781|47981|48198|48398|48581|48764|48964|49164|49381,-190.1;-245.4|-195.9;-242.4|-201.4;-239.4|-206.6;-236.5|-212.4;-233.3|-218.5;-229.7|-223.4;-226.6|-229.3;-222.8|-235.2;-218.7|-239.4;-215.4|-244.6;-210.8|-249.2;-205.7|-253.0;-200.5|-256.0;-194.8|-257.9;-189.4|-258.8;-184.4|-259.1;-179.4|-258.8;-173.8|-257.6;-168.2|-255.7;-162.0,238|230|220|209|197|185|175|162|148|140|129|120|111|104|100|99|99|101|104|110,53|73|82|80|74|65|67|77|75|74|69|49|22|6|0|0|0|0|0|0,71|23|8|2|0|0|0|0|0|0|0|0|0|0|16|30|35|48|57|61,6|6|6|6|5|5|5|4|4|3|3|2|2|2|2|2|2|2|2|2,-0.0050|-0.0064|-0.0077|-0.0101|-0.0139|-0.0117|-0.0116|-0.0226|-0.0387|-0.0541|-0.0714|-0.0882|-0.0913|-0.1122|-0.1234|-0.1048|-0.0999|-0.0988|-0.0700|-0.0286,-0.004;-0.004;-0.019;-0.017|-0.023;-0.023;-0.029;-0.025|-0.034;-0.033;-0.037;-0.029|-0.039;-0.036;-0.039;-0.029|-0.051;-0.048;-0.041;-0.026|-0.035;-0.032;-0.031;-0.023|-0.040;-0.036;-0.037;-0.025|-0.033;-0.032;-0.047;-0.026|-0.038;-0.029;-0.014;-0.016|-0.020;-0.018;-0.062;-0.008|-0.037;-0.028;-0.020;-0.018|-0.018;-0.027;-0.099;-0.022|-0.021;-0.019;-0.063;-0.010|-0.002;-0.011;-0.014;-0.003|0.029;-0.001;0.003;0.000|0.046;0.010;-0.002;-0.000|0.044;0.011;-0.001;-0.000|0.047;0.020;-0.004;-0.001|0.064;0.026;-0.002;-0.001|0.042;0.026;-0.002;-0.001,0.016|0.015|0.010|0.008|0.002|0.004|0.003|0.008|0.017|-0.011|0.024|0.008|-0.001|0.004|-0.062|0.071|0.002|-0.001|-0.023|-0.031,-1.54|-2.73|-3.11|-3.06|-2.90|-2.52|-2.53|-2.32|-1.56|-1.50|-1.45|-1.50|-1.12|-0.67|-0.26|0.22|0.13|0.38|0.59|0.77,0.2.9-dev
Baku_Race_Aug17_001_L1,6,False,11,11,2152.83,104,2,50181,0.49599999999999866,1.482,2128.07,111,2,49414,2175.58,64,2,51098,2210.06,116,3,52547,0.5259999999999998,1.373,2180.09,67,2,51348,3133,27,99,0.0,0.0,0.0,0.0,0,0,0,0,0,0,0,0,0,0,0,False,0,0,0,False,54|61|59|65,73|65|63|61,68|60|69|68,70|71|75|75,58,95,40,50,2128|2131|2136|2140|2144|2149|2153|2157|2162|2166|2170|2175|2179|2183|2188|2192|2196|2201|2205|2210,49414|49548|49681|49814|49964|50098|50214|50314|50448|50631|50848|51098|51331|51564|51764|51948|52114|52264|52414|52547,-255.3;-161.1|-253.8;-157.2|-252.3;-153.1|-251.1;-149.0|-250.2;-144.4|-249.8;-140.3|-249.7;-136.9|-250.0;-134.1|-250.6;-130.6|-251.8;-126.3|-253.9;-122.1|-256.8;-118.3|-260.0;-115.5|-263.7;-112.9|-267.3;-110.6|-271.0;-108.2|-274.6;-105.9|-278.2;-103.7|-281.9;-101.3|-285.5;-99.1,111|114|116|114|111|107|103|98|92|84|74|64|66|73|81|89|96|103|110|116,0|0|0|0|0|2|12|24|21|24|34|4|0|0|0|0|0|0|0|0,62|62|20|0|0|0|0|0|0|0|0|10|64|80|90|93|93|92|96|99,2|2|2|2|2|2|2|2|2|2|2|2|2|2|2|2|2|2|2|3,-0.0195|0.0204|0.0881|0.1455|0.1909|0.2350|0.2734|0.3094|0.3251|0.3403|0.3403|0.2961|0.1168|0.0308|0.0110|-0.0009|-0.0002|-0.0010|-0.0037|-0.0040,0.037;0.027;-0.001;-0.001|0.026;0.030;-0.001;-0.001|0.000;0.014;-0.000;0.001|-0.007;0.006;0.000;0.003|-0.007;0.011;0.002;0.008|-0.008;0.016;-0.001;-0.000|-0.013;0.007;-0.015;-0.055|-0.014;0.005;-0.020;-0.059|-0.018;0.004;-0.043;-0.100|-0.017;0.008;-0.042;-0.081|-0.022;0.011;-0.034;-0.052|-0.009;0.018;-0.002;-0.019|0.024;0.054;-0.001;-0.002|0.048;0.057;0.001;-0.002|0.103;0.077;-0.001;-0.001|0.120;0.122;-0.003;-0.002|0.164;0.167;-0.002;-0.002|0.212;0.217;-0.001;-0.001|0.205;0.204;-0.002;-0.002|0.182;0.175;-0.002;-0.002,-0.035|-0.055|-0.058|-0.021|-0.009|0.007|-0.003|-0.021|0.000|0.015|0.008|-0.016|0.016|0.062|-0.012|-0.025|0.010|-0.057|0.008|0.002,0.78|0.74|-0.07|-0.51|-0.59|-0.75|-1.15|-1.17|-1.40|-1.29|-1.27|-0.90|0.65|0.99|0.50|1.30|1.36|1.11|1.38|1.33,0.2.9-dev
Baku_Race_Aug17_001_L1,7,False,11,11,2440.97,252,7,56764,0.23199999999999932,1.112,2452.55,244,7,56931,2567.84,74,2,60197,2635.99,154,4,62481,0.3780000000000001,0.988,2581.92,83,2,60814,5717,100,100,2.4,0.0,0.0,2.4,0,0,0,0,0,0,0,0,0,0,0,False,0,0,0,False,49|46|62|62,65|54|65|60,58|50|68|65,71|71|76|76,58,95,40,50,2440|2461|2471|2481|2490|2500|2510|2519|2529|2539|2548|2558|2568|2577|2587|2597|2606|2616|2626|2635,56931|57081|57247|57414|57631|57847|58114|58397|58714|59131|59464|59814|60214|60631|61047|61414|61714|61997|62247|62481,-480.1;45.4|-487.9;51.3|-495.8;57.3|-502.9;62.7|-511.1;69.0|-518.3;74.5|-526.2;80.6|-533.6;86.5|-541.1;92.0|-550.8;96.2|-558.4;97.0|-565.7;95.5|-572.8;91.2|-578.3;84.3|-582.8;75.6|-586.7;66.3|-589.8;57.5|-592.8;48.1|-595.5;38.9|-598.1;29.6,244|224|202|183|159|142|127|114|98|85|79|76|74|79|91|105|119|132|143|154,82|100|100|100|74|53|42|36|40|0|0|0|0|0|0|0|0|0|0|0,23|0|0|0|0|0|0|0|0|0|0|31|28|54|73|84|90|98|100|100,7|7|7|6|6|5|4|3|2|2|2|2|2|2|2|2|3|3|3|4,-0.0005|-0.0008|-0.0006|-0.0008|-0.0003|-0.0023|-0.0069|0.0134|0.0997|0.1670|0.2196|0.2146|0.1878|0.0653|0.0336|0.0192|0.0091|0.0041|0.0055|0.0040,-0.025;-0.025;-0.029;-0.029|-0.050;-0.049;-0.046;-0.045|-0.066;-0.066;-0.057;-0.054|-0.031;-0.031;-0.052;-0.060|-0.075;-0.075;-0.043;-0.044|-0.032;-0.032;-0.024;-0.023|-0.027;-0.025;-0.019;-0.017|-0.021;-0.022;-0.015;-0.016|0.015;0.050;-0.011;-0.022|-0.009;0.011;0.000;0.001|-0.006;0.031;0.001;0.013|0.010;0.081;-0.000;0.000|0.012;0.090;-0.000;-0.000|0.017;0.036;-0.000;-0.001|0.040;0.058;-0.001;-0.001|0.068;0.085;-0.001;-0.002|0.151;0.163;-0.001;-0.002|0.062;0.068;-0.001;-0.002|0.058;0.064;-0.001;-0.001|0.080;0.085;-0.001;-0.002,0.019|0.006|0.003|-0.004|0.012|0.001|0.005|0.002|-0.060|0.004|0.025|0.012|-0.006|-0.027|-0.003|-0.003|-0.019|-0.004|-0.001|-0.006,-3.03|-3.77|-3.65|-2.87|-3.00|-1.98|-1.61|-1.35|-0.28|-0.48|-0.46|-0.05|-0.03|0.58|0.99|1.23|1.34|1.27|1.29|1.45,0.2.9-dev
Baku_Race_Aug17_001_L1,8,False,11,11,2691.45,196,5,63614,0.34299999999999997,0.984,2703.79,179,5,63847,2750.37,89,3,65148,2750.76,88,3,65164,0.6059999999999999,0.966,0.0,0.0,0,0,1550,100,0,0.3,0.0,0.0,0.3,0,0,0,0,0,0,0,0,0,0,0,True,0,0,0,False,54|48|67|65,58|52|64|64,58|52|64|64,71|71|76|76,58,95,40,50,2691|2705|2708|2710|2713|2715|2718|2720|2723|2725|2728|2730|2733|2735|2738|2740|2743|2745|2748|2750,63847|63897|63947|63997|64064|64114|64181|64231|64297|64364|64431|64497|64564|64631|64714|64797|64881|64964|65064|65164,-614.3;-36.4|-615.0;-38.8|-615.6;-41.1|-616.2;-43.3|-617.1;-46.2|-617.7;-48.3|-618.6;-51.0|-619.2;-53.0|-620.1;-55.6|-620.9;-58.0|-621.8;-60.3|-622.7;-62.6|-623.6;-64.7|-624.5;-66.8|-625.7;-69.2|-626.9;-71.5|-628.1;-73.7|-629.3;-75.7|-630.8;-77.9|-632.3;-80.0,179|174|169|165|159|156|152|148|142|136|132|128|124|119|114|109|104|99|94|88,100|100|100|100|93|90|87|85|80|72|65|60|56|50|47|45|43|42|42|39,0|0|0|0|0|0|0|0|0|0|0|0|0|0|0|0|0|0|0|0,5|5|5|5|5|4|4|4|4|4|4|3|3|3|3|3|3|3|3|3,-0.0112|-0.0121|-0.0125|-0.0139|-0.0204|-0.0249|-0.0242|-0.0222|-0.0232|-0.0255|-0.0272|-0.0303|-0.0376|-0.0438|-0.0451|-0.0480|-0.0546|-0.0541|-0.0459|-0.0462,-0.067;-0.064;-0.079;-0.059|-0.072;-0.069;-0.074;-0.055|-0.037;-0.039;-0.042;-0.032|-0.036;-0.031;-0.006;-0.016|-0.057;-0.055;-0.102;-0.078|-0.006;-0.008;-0.028;-0.032|-0.025;-0.026;-0.015;-0.024|-0.050;-0.052;-0.075;-0.054|-0.070;-0.070;-0.060;-0.048|-0.071;-0.072;-0.086;-0.035|-0.001;-0.006;-0.031;-0.017|-0.006;-0.011;-0.081;-0.019|-0.037;-0.038;-0.061;-0.023|-0.049;-0.037;-0.051;-0.021|-0.049;-0.036;-0.047;-0.019|-0.047;-0.034;-0.049;-0.018|-0.047;-0.033;-0.050;-0.018|-0.047;-0.033;-0.046;-0.017|-0.045;-0.033;-0.036;-0.018|-0.038;-0.029;-0.030;-0.017,-0.004|-0.005|-0.025|-0.020|0.034|-0.042|-0.010|0.034|-0.024|-0.002|-0.068|0.009|0.006|-0.002|-0.005|-0.001|-0.001|0.007|0.011|-0.006,-3.17|-3.11|-2.51|-1.96|-2.80|-1.80|-1.55|-2.51|-2.46|-2.40|-1.23|-0.99|-2.05|-1.87|-1.79|-1.70|-1.64|-1.60|-1.57|-1.46,0.2.9-dev
Baku_Race_Aug17_001_L1,9,False,11,11,2751.15,87,3,65181,0.6059999999999999,0.966,2751.9,86,2,65214,2761.51,78,2,65564,2776.84,90,2,66164,0.5299999999999994,0.966,2772.08,84,2,65964,983,39,77,0.0,0.0,0.0,0.0,0,0,0,0,0,0,0,0,0,0,0,True,0,0,0,False,58|52|64|64,57|53|63|64,56|53|62|63,71|71|76|76,58,95,40,50,2751|2753|2754|2755|2756|2758|2759|2760|2762|2763|2764|2766|2767|2768|2770|2771|2772|2774|2775|2776,65214|65281|65331|65381|65431|65464|65514|65548|65598|65631|65681|65714|65764|65814|65881|65948|65998|66064|66114|66164,-633.1;-80.9|-634.1;-82.2|-634.8;-83.1|-635.6;-83.9|-636.4;-84.7|-636.9;-85.2|-637.8;-86.0|-638.3;-86.5|-639.2;-87.2|-639.7;-87.6|-640.6;-88.2|-641.2;-88.7|-642.1;-89.3|-643.1;-89.9|-644.4;-90.7|-645.7;-91.4|-646.8;-92.0|-648.2;-92.7|-649.3;-93.3|-650.4;-93.8,86|85|83|82|80|80|79|79|78|78|79|79|80|81|82|83|85|87|89|90,37|29|23|18|12|9|2|0|0|0|0|0|0|0|0|0|0|0|0|0,0|0|0|0|0|0|4|10|23|30|37|42|48|50|55|63|71|75|76|78,2|2|2|2|2|2|2|2|2|2|2|2|2|2|2|2|2|2|2|2,-0.0565|-0.0808|-0.0977|-0.0999|-0.0961|-0.0973|-0.1074|-0.1158|-0.1235|-0.1193|-0.0982|-0.0845|-0.0740|-0.0702|-0.0557|-0.0450|-0.0406|-0.0307|-0.0205|-0.0127,-0.012;-0.011;-0.009;-0.005|-0.010;-0.020;-0.064;-0.014|-0.015;-0.017;-0.018;-0.009|-0.013;-0.016;-0.015;-0.008|-0.010;-0.014;-0.007;-0.006|-0.007;-0.011;-0.004;-0.004|0.001;-0.006;-0.006;-0.001|0.013;-0.003;-0.006;0.002|0.040;0.005;0.000;-0.001|0.040;0.003;-0.000;-0.000|0.043;0.004;-0.000;-0.000|0.066;0.023;-0.001;-0.000|0.079;0.030;-0.001;-0.001|0.043;0.013;-0.001;-0.000|0.030;0.014;-0.001;-0.000|0.035;0.021;-0.001;-0.001|0.039;0.025;-0.001;-0.001|0.040;0.030;-0.001;-0.001|0.038;0.034;-0.001;-0.001|0.041;0.045;-0.001;-0.001,-0.013|0.022|-0.035|-0.016|-0.029|-0.190|-0.091|0.257|-0.073|-0.282|0.004|-0.063|-0.189|-0.242|-0.143|-0.181|-0.123|-0.085|-0.077|-0.060,-1.00|-1.07|-1.01|-0.85|-0.69|-0.59|-0.31|-0.21|-0.17|0.00|-0.06|0.47|0.57|0.54|0.56|0.72|0.80|0.97|0.96|0.89,0.2.9-dev
Baku_Race_Aug17_001_L1,10,False,11,11,0.0,0.0,0,0,0.5299999999999994,0.966,2778.13,92,2,66214,2812.75,107,2,67381,2813.25,108,2,67398,0.5299999999999994,0.966,0.0,0.0,0,0,1184,0,62,0.0,0.0,0.0,0.0,0,0,0,0,0,0,0,0,0,0,0,True,0,0,0,False,56|52|62|63,54|52|61|61,54|52|61|61,71|71|76|76,58,95,40,50,2778|2779|2781|2783|2785|2786|2788|2790|2792|2794|2796|2798|2799|2801|2803|2805|2807|2809|2810|2813,66214|66281|66364|66415|66465|66531|66598|66665|66731|66781|66848|66915|66965|67031|67098|67148|67215|67265|67331|67398,-651.5;-94.4|-653.1;-95.2|-655.1;-96.1|-656.3;-96.7|-657.6;-97.3|-659.3;-98.2|-661.0;-99.0|-662.8;-99.7|-664.7;-100.5|-666.1;-101.0|-668.0;-101.7|-669.9;-102.3|-671.3;-102.8|-673.3;-103.3|-675.2;-103.8|-676.7;-104.1|-678.6;-104.4|-680.1;-104.7|-682.0;-105.0|-684.0;-105.2,92|95|98|100|102|104|105|106|108|108|109|109|109|109|108|107|106|106|106|108,0|0|0|0|0|0|0|0|0|0|0|0|0|0|0|0|0|0|0|0,78|78|78|76|72|65|54|51|51|50|39|33|16|3|0|0|13|29|50|64,2|2|2|2|2|2|2|2|2|2|2|2|2|2|2|2|2|2|2|2,-0.0085|-0.0092|-0.0101|-0.0115|-0.0138|-0.0187|-0.0352|-0.0451|-0.0512|-0.0493|-0.0518|-0.0501|-0.0467|-0.0512|-0.0571|-0.0582|-0.0558|-0.0515|-0.0453|-0.0378,0.040;0.040;-0.002;-0.001|0.048;0.044;-0.001;-0.001|0.054;0.051;-0.001;-0.001|0.052;0.046;-0.001;-0.001|0.047;0.041;-0.001;-0.001|0.041;0.032;-0.001;-0.001|0.033;0.021;-0.001;-0.001|0.031;0.017;-0.001;-0.001|0.036;0.018;-0.001;-0.000|0.035;0.017;-0.001;-0.000|0.024;0.010;-0.000;-0.000|0.019;0.007;-0.000;-0.000|0.009;-0.000;0.000;0.000|0.001;-0.004;0.000;0.000|-0.001;-0.006;0.000;0.000|-0.001;-0.006;0.000;0.000|0.007;-0.003;0.000;0.000|0.016;0.004;-0.000;0.000|0.037;0.018;-0.001;-0.000|0.064;0.035;-0.001;-0.001,-0.006|-0.033|-0.034|-0.037|-0.025|-0.028|-0.032|-0.019|-0.017|-0.016|-0.024|-0.034|-0.025|-0.026|-0.048|-0.044|0.008|0.057|0.084|0.090,1.17|1.00|1.08|1.09|1.02|0.86|0.60|0.46|0.44|0.43|0.23|0.12|-0.12|-0.34|-0.41|-0.41|-0.28|-0.05|0.31|0.55,0.2.9-dev
Baku_Race_Aug17_001_L1,11,False,11,10,0.0,0.0,0,0,0.5299999999999994,1.424,2814.75,109,2,67448,2867.49,96,2,69098,2888.59,108,2,69849,0.15499999999999936,1.076,0.0,0.0,0,0,2401,0,59,0.0,0.0,0.0,0.0,0,0,0,0,0,0,0,0,0,0,0,False,0,0,0,False,54|52|61|61,68|54|65|60,68|53|65|60,71|71|76|76,58,95,40,50,2814|2818|2822|2826|2830|2834|2838|2841|2845|2849|2853|2857|2861|2865|2869|2872|2876|2880|2884|2888,67448|67581|67698|67815|67948|68065|68182|68315|68432|68548|68648|68765|68898|69032|69165|69332|69448|69582|69732|69849,-685.5;-105.4|-689.5;-105.7|-693.2;-105.8|-697.0;-106.0|-701.4;-106.2|-705.1;-106.7|-708.8;-107.3|-712.8;-108.3|-716.2;-109.5|-719.3;-110.8|-721.9;-112.1|-724.7;-113.7|-727.7;-115.8|-730.4;-118.1|-732.8;-120.7|-735.5;-124.4|-737.2;-127.1|-738.9;-130.5|-740.6;-134.5|-741.8;-137.7,109|112|116|118|117|115|113|110|107|104|101|98|96|96|97|98|100|102|105|108,0|0|0|0|0|0|0|0|0|0|0|0|0|0|0|0|0|0|0|0,69|73|69|23|0|0|0|0|0|0|0|18|34|41|43|45|45|49|58|59,2|2|2|2|2|2|2|2|2|2|2|2|2|2|2|2|2|2|2|2,-0.0330|-0.0162|0.0017|0.0393|0.0786|0.1069|0.1366|0.1742|0.2104|0.2380|0.2494|0.2547|0.2414|0.2017|0.1607|0.1196|0.0946|0.0679|0.0385|0.0144,0.079;0.048;-0.001;-0.001|0.088;0.061;-0.002;-0.001|0.060;0.048;-0.002;-0.001|0.004;0.010;-0.000;0.000|-0.007;-0.001;0.000;0.002|-0.008;0.002;0.000;0.003|-0.008;0.006;0.001;0.004|-0.007;0.012;0.001;0.007|-0.006;0.016;0.003;0.010|-0.005;0.018;0.003;0.012|-0.005;0.018;0.003;0.014|0.007;0.045;0.002;0.012|0.026;0.077;-0.000;0.004|0.029;0.084;-0.001;-0.003|0.023;0.073;-0.001;-0.005|0.021;0.067;-0.000;-0.004|0.019;0.054;-0.000;-0.002|0.018;0.039;-0.000;-0.002|0.024;0.035;-0.001;-0.002|0.026;0.029;-0.001;-0.001,0.082|0.057|0.051|0.084|0.094|0.103|0.102|0.114|0.117|0.093|0.086|0.066|0.041|0.012|0.005|0.007|0.003|-0.021|-0.039|-0.054,0.69|0.90|0.91|0.05|-0.41|-0.46|-0.53|-0.58|-0.59|-0.67|-0.67|-0.50|-0.15|0.12|0.23|0.36|0.42|0.55|0.75|0.75,0.2.9-dev
Baku_Race_Aug17_001_L1,12,False,10,10,0.0,0.0,0,0,0.15499999999999936,1.076,2889.6,109,2,69882,2936.75,90,2,71416,2990.6,148,3,73133,0.48499999999999943,1.085,2947.01,97,2,71832,3251,0,100,0.0,0.0,0.0,0.0,0,0,0,0,0,0,0,0,0,0,0,False,0,0,0,False,68|53|65|60,65|64|62|63,59|59|67|69,72|71|76|76,58,95,40,50,2889|2894|2900|2905|2910|2915|2921|2926|2931|2937|2942|2947|2952|2958|2963|2968|2974|2979|2984|2990,69882|70065|70232|70415|70599|70749|70899|71032|71216|71432|71666|71866|72049|72232|72399|72566|72716|72849|72999|73133,-742.1;-138.7|-744.1;-143.9|-746.2;-148.5|-749.1;-153.2|-752.5;-157.3|-755.6;-160.2|-758.9;-162.7|-762.0;-164.5|-766.4;-166.3|-771.7;-167.6|-777.6;-167.9|-782.9;-167.5|-788.0;-166.7|-793.3;-165.6|-798.4;-164.3|-803.7;-162.8|-808.7;-161.1|-813.3;-159.5|-818.8;-157.6|-823.9;-155.8,109|110|108|106|103|100|97|95|91|91|93|98|104|110|116|123|129|135|141|148,0|0|0|0|0|0|0|0|0|0|0|0|0|0|0|0|0|0|0|0,56|0|0|16|0|0|0|0|19|40|54|67|70|80|89|96|96|97|99|100,2|2|2|2|2|2|2|2|2|2|2|2|2|2|2|2|2|2|3|3,-0.0009|-0.0674|-0.0984|-0.1093|-0.1235|-0.1325|-0.1450|-0.1554|-0.1617|-0.1234|-0.0682|-0.0410|-0.0308|-0.0336|-0.0221|-0.0050|0.0016|-0.0002|0.0009|-0.0014,0.026;0.025;-0.000;-0.001|-0.001;-0.007;0.001;-0.000|0.003;-0.007;0.001;0.000|0.027;-0.001;0.001;0.000|0.007;-0.007;0.002;0.000|0.008;-0.008;0.003;0.000|0.010;-0.007;0.003;0.001|0.013;-0.007;0.004;0.001|0.040;-0.000;0.004;0.000|0.081;0.021;-0.002;-0.000|0.077;0.030;-0.003;-0.000|0.066;0.038;-0.002;-0.001|0.058;0.039;-0.001;-0.001|0.074;0.049;-0.002;-0.001|0.105;0.082;-0.002;-0.001|0.120;0.105;-0.002;-0.001|0.096;0.091;-0.002;-0.001|0.068;0.070;-0.001;-0.001|0.114;0.114;-0.001;-0.001|0.074;0.072;-0.001;-0.001,-0.084|-0.082|-0.081|-0.078|-0.060|-0.074|-0.030|-0.031|-0.030|-0.016|-0.012|-0.016|-0.005|-0.011|-0.010|-0.005|-0.007|-0.002|-0.006|-0.001,0.73|-0.31|-0.40|-0.20|-0.48|-0.51|-0.54|-0.56|-0.43|0.17|0.51|0.86|0.92|1.03|1.14|1.21|1.24|1.21|1.27|1.38,0.2.9-dev
Baku_Race_Aug17_001_L1,13,True,10,10,0.0,0.0,0,0,0.3520000000000003,0.904,3232.08,273,7,77100,3365.82,266,7,78834,3396.22,264,7,79251,0.3570000000000011,0.887,3333.87,274,7,78400,2151,0,100,20.0,19.7,0.0,0.5,0,0,0,0,0,0,0,0,0,0,0,True,0,0,0,False,46|46|64|65,62|94|71|87,64|100|73|92,71|71|76|77,58,95,40,50,3232|3240|3249|3257|3266|3275|3283|3292|3300|3309|3318|3326|3335|3344|3352|3361|3369|3378|3387|3396,77100|77217|77334|77450|77550|77667|77784|77884|78000|78100|78200|78317|78434|78550|78667|78784|78901|79017|79134|79251,-1043.5;-54.9|-1051.2;-50.5|-1058.9;-45.9|-1066.5;-41.0|-1072.9;-36.7|-1080.4;-31.4|-1087.7;-25.9|-1093.9;-20.9|-1101.0;-15.0|-1106.8;-9.6|-1112.3;-3.9|-1118.3;2.9|-1123.8;9.9|-1128.7;17.3|-1133.2;24.8|-1137.2;32.5|-1140.6;40.4|-1143.6;48.5|-1146.1;56.6|-1148.2;64.9,273|275|277|279|280|282|283|285|286|285|283|278|273|270|269|267|265|264|263|264,0|0|0|0|0|0|0|0|0|0|0|0|0|0|0|0|0|0|0|0,100|100|100|100|100|100|100|100|100|100|74|64|88|93|99|99|90|88|90|92,7|7|7|7|7|7|7|7|7|7|7|7|7|7|7|7|7|7|7|7,-0.0080|-0.0151|-0.0157|-0.0143|-0.0152|-0.0154|-0.0135|-0.0146|-0.0519|-0.0822|-0.0997|-0.1067|-0.1025|-0.1159|-0.1288|-0.1232|-0.0810|-0.0381|-0.0183|-0.0287,0.024;0.021;-0.001;-0.001|0.024;0.020;-0.001;-0.001|0.025;0.020;-0.001;-0.001|0.025;0.020;-0.001;-0.000|0.025;0.020;-0.001;-0.001|0.025;0.019;-0.001;-0.000|0.024;0.019;-0.001;-0.000|0.023;0.019;-0.000;-0.001|0.028;0.017;0.000;-0.001|0.035;0.017;0.001;-0.000|0.038;0.020;0.006;0.001|0.032;0.017;0.008;0.000|0.033;0.020;0.003;-0.000|0.033;0.021;0.002;-0.000|0.035;0.021;0.002;-0.000|0.039;0.022;0.001;-0.000|0.037;0.022;0.000;-0.000|0.032;0.021;-0.001;-0.000|0.024;0.019;-0.001;-0.000|0.022;0.017;-0.000;-0.001,0.013|0.019|0.014|0.013|0.007|0.008|-0.002|0.005|0.040|0.033|0.074|0.052|-0.020|0.001|0.012|0.007|-0.042|-0.027|-0.037|0.048,0.53|0.49|0.47|0.46|0.45|0.43|0.43|0.41|0.19|-0.22|-0.52|-0.86|-0.53|-0.30|-0.21|-0.19|-0.18|0.01|0.18|0.24,0.2.9-dev
Baku_Race_Aug17_001_L1,14,False,9,9,0.0,0.0,0,0,0.3570000000000011,2.493,3423.86,263,7,79634,3549.04,260,7,81318,3577.74,260,7,81718,0.4580000000000002,2.427,3559.81,257,7,81468,2084,0,100,0.9,0.0,0.0,2.4,0,0,0,0,0,0,0,0,0,0,0,False,0,0,0,False,63|97|72|90,65|92|71|86,63|89|70|85,72|73|77|78,58,95,40,50,3423|3431|3439|3447|3455|3463|3471|3479|3488|3496|3504|3512|3520|3528|3536|3545|3553|3561|3569|3577,79634|79751|79851|79967|80084|80184|80301|80417|80518|80634|80734|80851|80951|81068|81168|81268|81384|81501|81618|81718,-1153.0;92.7|-1154.5;101.1|-1156.1;108.2|-1158.3;116.4|-1160.9;124.5|-1163.4;131.4|-1166.3;139.4|-1169.1;147.6|-1171.2;154.7|-1173.5;163.1|-1175.4;170.4|-1177.4;178.9|-1179.1;186.3|-1180.7;195.0|-1181.8;202.4|-1182.5;209.7|-1182.7;218.1|-1182.6;226.5|-1182.2;234.8|-1182.0;242.0,263|263|263|263|263|264|266|267|268|269|271|272|272|270|266|262|258|257|258|260,0|0|0|0|0|0|0|0|0|0|0|0|0|0|0|0|0|0|0|0,68|82|85|86|90|97|100|100|100|100|100|93|60|23|8|6|37|77|100|100,7|7|7|7|7|7|7|7|7|7|7|7|7|7|7|7|7|7|7|7,0.0340|0.0329|0.0374|0.0404|0.0046|-0.0080|-0.0246|-0.0223|-0.0081|-0.0052|-0.0083|-0.0130|-0.0212|-0.0611|-0.0698|-0.0529|-0.0156|0.0131|0.0045|-0.0040,0.007;0.015;-0.000;-0.000|0.012;0.020;-0.000;-0.000|0.013;0.022;-0.000;-0.000|0.014;0.023;-0.000;-0.000|0.016;0.021;-0.000;-0.001|0.018;0.017;-0.000;-0.001|0.022;0.017;-0.000;-0.001|0.024;0.016;-0.001;-0.000|0.022;0.017;-0.001;-0.000|0.019;0.017;-0.000;-0.000|0.019;0.017;-0.000;-0.000|0.018;0.015;-0.000;-0.000|0.010;0.006;0.000;-0.000|0.007;-0.001;0.002;0.000|0.005;-0.002;0.003;0.000|0.003;-0.002;0.002;0.000|0.008;0.004;0.000;0.000|0.013;0.014;-0.000;-0.000|0.018;0.020;-0.000;-0.001|0.019;0.019;-0.000;-0.001,-0.055|-0.019|-0.013|-0.006|0.068|0.003|0.089|-0.001|-0.025|-0.026|-0.001|0.017|0.044|0.074|0.037|-0.014|-0.044|-0.147|-0.010|0.022,-0.08|0.07|0.09|0.09|0.25|0.40|0.37|0.34|0.37|0.39|0.39|0.31|-0.15|-0.71|-0.95|-0.96|-0.56|0.14|0.46|0.47,0.2.9-dev
Baku_Race_Aug17_001_L1,15,False,9,9,3635.66,271,7,82501,0.4580000000000002,2.427,3645.68,269,7,82635,3775.54,96,2,85552,3817.17,130,2,86936,0.488999999999999,2.665,3792.05,103,2,86169,4435,100,77,0.9,0.0,0.0,8.1,0,0,0,0,0,0,0,0,0,0,0,False,0,0,0,False,58|78|66|78,60|73|61|69,56|69|61|67,72|74|77|79,58,95,40,50,3635|3653|3662|3671|3680|3690|3699|3708|3717|3726|3735|3744|3753|3762|3771|3780|3789|3798|3807|3817,82635|82751|82885|83018|83151|83301|83468|83652|83852|84068|84302|84568|84885|85185|85435|85752|86102|86402|86686|86936,-1180.2;309.9|-1180.1;318.6|-1180.0;328.1|-1180.0;337.2|-1180.0;345.7|-1179.9;354.5|-1179.8;363.6|-1179.6;372.7|-1179.4;381.8|-1179.2;390.9|-1178.8;399.7|-1177.9;408.6|-1175.7;417.6|-1172.6;425.6|-1169.5;431.3|-1164.0;438.5|-1156.7;444.5|-1149.1;449.1|-1141.1;453.7|-1133.3;457.9,269|262|252|237|220|205|188|170|156|144|128|113|102|101|98|96|101|112|123|130,25|45|67|91|100|100|93|60|48|48|58|52|0|0|0|0|0|0|0|0,74|20|7|0|0|0|0|0|0|0|0|0|27|0|1|29|58|75|76|48,7|7|7|7|7|6|6|5|5|4|4|3|3|3|3|2|2|2|2|2,0.0013|0.0023|0.0020|-0.0000|-0.0026|-0.0096|-0.0013|0.0052|-0.0026|-0.0086|-0.0244|-0.0672|-0.0323|-0.1151|-0.1344|-0.1449|-0.0409|-0.0112|-0.0034|-0.0034,0.003;0.003;-0.007;-0.008|-0.013;-0.013;-0.013;-0.013|-0.022;-0.022;-0.021;-0.022|-0.041;-0.041;-0.039;-0.042|-0.054;-0.057;-0.035;-0.038|-0.033;-0.035;-0.034;-0.027|-0.060;-0.058;-0.060;-0.047|-0.049;-0.052;-0.025;-0.029|-0.030;-0.031;-0.021;-0.023|-0.027;-0.028;-0.023;-0.023|-0.052;-0.047;-0.043;-0.031|-0.055;-0.041;-0.083;-0.015|0.010;0.003;-0.000;-0.000|0.012;-0.006;0.000;0.000|-0.000;-0.011;0.027;0.002|0.051;0.010;0.001;-0.000|0.047;0.026;-0.002;-0.001|0.047;0.040;-0.001;-0.001|0.038;0.036;-0.001;-0.001|0.016;0.015;-0.001;-0.001,-0.000|-0.002|-0.002|0.013|-0.034|-0.062|-0.013|-0.020|0.008|0.006|0.027|0.043|-0.050|0.983|-0.343|0.099|0.006|-0.000|-0.001|-0.009,-0.79|-1.98|-2.66|-3.48|-3.18|-2.58|-3.27|-2.36|-1.84|-1.78|-2.08|-1.76|0.10|-0.50|-0.32|0.01|0.82|1.11|1.03|0.52,0.2.9-dev
Baku_Race_Aug17_001_L1,16,False,10,10,4027.18,227,5,91336,0.22600000000000087,0.158,4026.13,227,5,91320,4128.98,97,2,93894,4210.0,173,3,96127,0.26200000000000045,0.643,4136.32,100,2,94127,4807,100,100,0.8,0.0,0.0,10.4,0,0,0,0,0,0,0,0,0,0,0,True,0,0,0,False,46|51|56|59,53|61|56|63,50|59|64|71,72|74|77|79,58,95,40,50,4026|4035|4045|4054|4064|4074|4083|4093|4103|4112|4122|4132|4141|4151|4161|4170|4180|4190|4199|4209,91320|91470|91637|91820|92020|92253|92493|92793|93127|93427|93710|93994|94310|94627|94927|95227|95461|95694|95911|96127,-948.5;554.1|-940.3;558.6|-931.7;563.2|-923.0;567.9|-914.5;572.4|-905.7;577.0|-897.3;581.1|-888.2;584.6|-878.5;586.8|-869.8;587.4|-861.9;586.4|-854.6;583.9|-847.0;579.2|-840.1;572.7|-834.4;564.9|-829.3;556.3|-825.1;547.7|-821.3;538.8|-817.7;529.9|-813.9;520.5,227|218|202|185|162|144|126|109|106|103|100|97|104|111|121|132|143|154|163|173,8|90|58|100|100|63|58|30|0|0|0|0|0|0|0|0|0|0|0|0,100|9|14|2|0|0|0|0|23|6|16|51|66|65|90|93|100|100|100|100,5|5|5|5|5|4|3|3|2|2|2|2|2|2|2|2|3|3|3|3,-0.0022|-0.0006|-0.0020|-0.0027|-0.0023|-0.0099|-0.0365|-0.0656|-0.0555|-0.1236|-0.1093|-0.1011|-0.0815|-0.0389|-0.0372|-0.0235|-0.0105|-0.0013|-0.0013|0.0010,0.018;0.018;-0.004;-0.003|-0.036;-0.036;-0.040;-0.038|-0.022;-0.022;-0.023;-0.022|-0.058;-0.057;-0.069;-0.061|-0.080;-0.079;-0.084;-0.072|-0.046;-0.042;-0.034;-0.028|-0.038;-0.040;-0.061;-0.024|0.009;-0.003;-0.038;-0.012|0.014;0.002;-0.000;-0.000|0.031;-0.004;0.001;0.000|0.044;0.004;0.012;0.000|0.074;0.031;-0.014;-0.000|0.118;0.060;-0.005;-0.001|0.083;0.044;-0.005;-0.001|0.076;0.051;-0.002;-0.001|0.073;0.051;-0.002;-0.001|0.109;0.089;-0.002;-0.001|0.051;0.047;-0.001;-0.001|0.053;0.052;-0.001;-0.001|0.043;0.043;-0.001;-0.001,0.003|-0.009|0.005|-0.003|0.004|0.005|-0.007|0.016|-0.018|0.154|0.056|0.070|-0.006|0.023|0.006|0.005|-0.022|0.017|0.003|0.003,0.40|-3.21|-2.22|-3.25|-3.08|-2.31|-2.12|-1.01|0.05|-0.51|-0.31|0.39|0.72|0.77|1.13|1.14|1.41|1.22|1.31|1.18,0.2.9-dev
Baku_Race_Aug17_001_L1,17,True,10,10,0.0,0.0,0,0,0.21799999999999997,0.604,4268.92,216,5,97211,4337.92,246,6,98261,4374.21,256,6,98778,0.2649999999999988,0.601,4330.85,244,6,98161,1567,0,100,9.3,9.2,0.0,1.3,0,0,0,0,0,0,0,0,0,0,0,True,0,0,0,False,48|55|66|71,50|54|68|71,51|53|69|70,72|74|77|79,58,95,40,50,4268|4274|4279|4285|4290|4296|4302|4307|4313|4318|4324|4329|4335|4340|4346|4351|4357|4362|4368|4374,97211|97311|97394|97494|97578|97661|97744|97828|97911|97994|98078|98161|98228|98311|98395|98461|98545|98628|98711|98778,-789.6;466.8|-786.8;461.4|-784.3;456.9|-781.3;451.5|-778.6;446.9|-775.9;442.3|-773.1;437.8|-770.2;433.2|-767.1;428.6|-763.9;424.1|-760.6;419.6|-757.1;415.2|-754.2;411.7|-750.4;407.4|-746.4;403.2|-743.2;399.9|-739.1;395.8|-734.8;391.8|-730.5;387.8|-726.9;384.7,216|220|222|226|228|231|233|236|238|240|242|244|245|247|249|250|251|253|254|256,0|0|0|0|0|0|0|0|0|0|0|0|0|0|0|0|0|0|0|0,100|100|100|100|100|100|100|100|100|100|100|100|100|100|100|100|100|100|100|100,5|5|5|5|5|5|6|6|6|6|6|6|6|6|6|6|6|6|6|6,0.0095|0.0102|0.0102|0.0104|0.0107|0.0144|0.0231|0.0238|0.0254|0.0290|0.0304|0.0287|0.0267|0.0246|0.0222|0.0192|0.0138|0.0100|0.0060|0.0055,0.031;0.035;-0.001;-0.001|0.030;0.034;-0.001;-0.001|0.029;0.034;-0.001;-0.001|0.028;0.033;-0.001;-0.001|0.028;0.032;-0.001;-0.001|0.027;0.032;-0.001;-0.001|0.033;0.042;-0.001;-0.001|0.026;0.035;-0.001;-0.001|0.026;0.036;-0.001;-0.001|0.026;0.036;-0.001;-0.001|0.026;0.037;-0.001;-0.001|0.024;0.035;-0.001;-0.001|0.024;0.033;-0.001;-0.001|0.026;0.035;-0.001;-0.001|0.020;0.028;-0.000;-0.001|0.020;0.026;-0.000;-0.001|0.020;0.025;-0.000;-0.001|0.020;0.023;-0.000;-0.001|0.019;0.022;-0.000;-0.001|0.019;0.021;-0.001;-0.001,0.003|0.003|0.002|0.000|0.001|0.014|0.020|0.010|0.011|0.010|0.013|0.033|-0.013|-0.001|-0.006|-0.010|-0.011|-0.013|-0.011|-0.007,0.99|0.95|0.93|0.90|0.88|0.85|1.04|0.81|0.78|0.75|0.72|0.71|0.68|0.69|0.53|0.50|0.51|0.51|0.51|0.50,0.2.9-dev
Baku_Race_Aug17_001_L1,18,True,10,10,0.0,0.0,0,0,0.3360000000000003,0.599,4492.26,279,7,100362,4582.28,281,7,101495,4626.98,283,7,102062,0.25900000000000034,0.638,4583.63,281,7,101512,1700,0,100,4.4,1.1,0.0,0.0,0,0,0,0,0,0,0,0,0,0,0,True,0,0,0,False,47|49|63|64,55|68|67|76,56|71|68|79,72|75|78|80,58,95,40,50,4492|4498|4505|4512|4519|4526|4533|4541|4548|4555|4562|4569|4576|4583|4591|4598|4605|4612|4619|4626,100362|100445|100545|100628|100728|100812|100912|100995|101095|101178|101262|101345|101429|101529|101612|101695|101795|101879|101979|102062,-636.8;308.3|-632.1;303.8|-626.5;298.4|-622.0;293.7|-616.6;287.9|-612.3;283.0|-607.3;276.9|-603.4;271.7|-598.9;265.2|-595.3;259.7|-592.0;254.1|-588.8;248.3|-586.0;242.4|-582.8;235.3|-580.5;229.2|-578.5;223.0|-576.3;215.5|-574.6;209.2|-572.8;201.6|-571.4;195.2,279|280|281|282|282|283|283|283|283|283|283|282|282|281|280|280|281|281|282|283,0|0|0|0|0|0|0|0|0|0|0|0|0|0|0|0|0|0|0|0,100|100|100|100|100|100|100|100|100|100|100|100|100|100|100|100|100|100|100|100,7|7|7|7|7|7|7|7|7|7|7|7|7|7|7|7|7|7|7|7,-0.0137|-0.0154|-0.0163|-0.0179|-0.0263|-0.0314|-0.0344|-0.0277|-0.0288|-0.0415|-0.0511|-0.0522|-0.0463|-0.0422|-0.0352|-0.0261|-0.0161|-0.0109|-0.0054|0.0012,0.021;0.016;-0.000;-0.000|0.021;0.016;-0.000;-0.000|0.021;0.016;-0.000;-0.000|0.021;0.016;-0.000;-0.000|0.022;0.016;-0.000;-0.000|0.024;0.015;-0.000;-0.000|0.026;0.016;-0.000;-0.000|0.026;0.016;-0.000;-0.000|0.025;0.016;-0.000;-0.000|0.026;0.016;-0.000;-0.000|0.029;0.017;0.000;-0.000|0.030;0.017;0.000;-0.000|0.032;0.019;0.000;-0.000|0.031;0.019;-0.000;-0.000|0.029;0.018;-0.000;-0.000|0.026;0.018;-0.001;-0.000|0.022;0.017;-0.001;-0.000|0.020;0.016;-0.000;-0.000|0.019;0.016;-0.000;-0.000|0.018;0.017;-0.001;-0.000,-0.003|-0.004|-0.002|-0.008|-0.019|-0.020|-0.008|0.001|-0.006|-0.031|-0.029|-0.002|-0.004|0.008|0.018|0.028|0.038|0.034|0.030|0.041,0.32|0.30|0.29|0.28|0.23|0.19|0.14|0.15|0.15|0.10|0.04|0.00|0.00|0.03|0.09|0.17|0.25|0.29|0.32|0.34,0.2.9-dev
Baku_Race_Aug17_001_L1,19,True,10,10,0.0,0.0,0,0,0.25900000000000034,0.589,4640.2,285,7,102229,4727.18,262,7,103329,4798.14,271,7,104296,0.1980000000000004,0.425,4744.32,260,7,103562,2067,0,100,1.3,0.0,0.0,1.0,0,0,0,0,0,0,0,0,0,0,0,True,0,0,0,False,56|70|67|78,80|73|80|77,83|70|83|76,72|75|78|80,58,95,40,50,4640|4648|4656|4664|4673|4681|4689|4698|4706|4714|4722|4731|4739|4747|4755|4764|4772|4780|4788|4798,102229|102345|102445|102545|102662|102762|102862|102962|103062|103179|103279|103396|103496|103612|103729|103846|103962|104062|104179|104296,-568.6;182.3|-566.4;173.3|-564.2;165.6|-561.8;158.1|-558.6;149.3|-555.8;141.8|-552.8;134.5|-549.5;127.3|-546.0;120.5|-541.4;112.9|-537.3;106.7|-532.1;100.0|-527.4;94.5|-521.5;88.4|-515.4;82.6|-508.9;77.1|-502.2;71.8|-496.3;67.4|-489.4;62.2|-482.3;57.0,285|286|286|286|287|287|284|280|275|269|264|261|260|260|261|262|264|266|269|271,0|0|0|0|0|0|0|0|0|0|0|0|0|0|0|0|0|0|0|0,100|100|100|100|98|36|13|5|2|2|25|77|100|100|100|100|100|100|100|100,7|7|7|7|7|7|7|7|7|7|7|7|7|7|7|7|7|7|7|7,0.0249|0.0349|0.0319|0.0144|-0.0012|0.0276|0.0616|0.0769|0.0870|0.0875|0.0850|0.0820|0.0688|0.0502|0.0315|0.0106|0.0063|0.0067|0.0001|-0.0043,0.015;0.020;-0.001;-0.000|0.015;0.023;-0.000;-0.000|0.016;0.025;-0.000;-0.000|0.016;0.023;-0.000;-0.001|0.016;0.017;-0.000;-0.000|0.002;0.004;-0.000;0.000|-0.002;0.003;0.000;0.001|-0.003;0.004;0.000;0.003|-0.003;0.004;0.001;0.005|-0.002;0.003;0.001;0.006|0.002;0.008;0.000;0.004|0.014;0.024;-0.000;0.001|0.020;0.033;-0.000;-0.000|0.020;0.033;-0.000;-0.001|0.020;0.030;-0.000;-0.001|0.019;0.024;-0.000;-0.001|0.022;0.025;-0.001;-0.001|0.022;0.024;-0.001;-0.001|0.022;0.023;-0.001;-0.001|0.023;0.022;-0.001;-0.001,0.060|0.033|0.006|-0.042|-0.042|0.062|0.074|0.024|0.003|-0.003|-0.005|-0.007|-0.005|-0.005|-0.014|-0.029|-0.017|-0.008|-0.009|-0.012,0.29|0.19|0.16|0.22|0.28|-0.44|-0.81|-1.03|-1.16|-1.17|-0.96|-0.31|0.17|0.24|0.32|0.41|0.62|0.61|0.61|0.59,0.2.9-dev
Baku_Race_Aug17_001_L1,20,True,11,11,0.0,0.0,0,0,0.604000000000001,0.2,5021.22,305,7,107046,5066.15,305,7,107580,5152.14,299,7,108613,0.49599999999999866,0.087,5120.48,296,7,108230,1567,0,100,9.2,6.4,0.0,0.9,0,0,0,0,0,0,0,0,0,0,0,True,0,0,0,False,59|53|65|63,61|55|67|63,61|54|68|61,74|76|80|81,58,95,40,50,5021|5027|5034|5041|5048|5055|5062|5069|5075|5082|5089|5096|5103|5110|5117|5123|5130|5137|5144|5152,107046|107130|107213|107296|107380|107463|107547|107630|107697|107780|107863|107947|108030|108113|108197|108280|108363|108447|108530|108613,-303.9;-76.9|-298.3;-81.3|-292.7;-85.6|-287.0;-89.8|-281.2;-93.9|-275.3;-97.8|-269.3;-101.5|-263.2;-105.1|-258.3;-107.8|-252.0;-111.0|-245.7;-114.0|-239.3;-116.9|-232.9;-119.6|-226.4;-122.1|-220.0;-124.5|-213.5;-126.8|-207.0;-129.1|-200.5;-131.3|-193.9;-133.5|-187.4;-135.7,305|305|305|305|305|305|305|305|304|303|302|301|300|298|297|296|297|297|298|299,0|0|0|0|0|0|0|0|0|0|0|0|0|0|0|0|0|0|0|0,100|100|100|100|100|100|100|97|74|68|74|74|49|37|53|79|100|100|100|100,7|7|7|7|7|7|7|7|7|7|7|7|7|7|7|7|7|7|7|7,0.0117|0.0173|0.0165|0.0202|0.0241|0.0270|0.0284|0.0203|0.0243|0.0231|0.0189|0.0181|0.0157|0.0180|0.0104|0.0016|-0.0016|-0.0040|-0.0050|-0.0037,0.014;0.016;-0.000;-0.000|0.013;0.017;-0.000;-0.000|0.013;0.017;-0.000;-0.000|0.013;0.017;-0.000;-0.000|0.013;0.018;-0.000;-0.000|0.013;0.019;-0.000;-0.000|0.013;0.020;-0.000;-0.000|0.013;0.019;-0.000;-0.000|0.008;0.013;-0.000;0.000|0.007;0.011;-0.000;0.000|0.008;0.013;-0.000;-0.000|0.009;0.012;-0.000;-0.000|0.004;0.007;-0.000;0.000|0.002;0.004;-0.000;0.000|0.004;0.007;-0.000;-0.000|0.010;0.012;-0.000;-0.000|0.016;0.016;-0.000;-0.000|0.017;0.016;-0.000;-0.000|0.017;0.015;-0.000;-0.000|0.017;0.016;-0.000;-0.000,0.020|0.015|0.007|0.012|0.009|0.009|0.003|-0.001|-0.003|-0.001|0.001|-0.003|-0.004|-0.002|-0.004|-0.006|-0.008|-0.009|-0.001|-0.003,0.16|0.13|0.10|0.07|0.04|0.01|-0.01|-0.00|-0.28|-0.33|-0.21|-0.16|-0.38|-0.54|-0.40|-0.05|0.25|0.26|0.25|0.25,0.2.9-dev
Baku_Race_Aug17_001_L2,1,False,7,7,176.68,322,8,1966,0.7400000000000002,5.84,181.15,321,8,2016,314.67,116,3,4583,386.67,161,3,6500,1.0489999999999995,5.859,344.35,123,3,5400,4534,100,100,1.2,0.0,0.0,6.9,0,0,0,0,0,0,0,0,0,0,0,False,0,0,0,False,40|40|50|50,55|63|56|61,53|68|62|70,76|77|82|83,58,95,40,50,176|190|201|212|223|234|245|255|266|277|288|299|310|321|332|342|353|364|375|386,2016|2133|2266|2399|2549|2716|2899|3083|3316|3549|3833|4166|4483|4750|5033|5383|5683|5983|6250|6500,764.2;-512.4|773.7;-516.2|784.0;-520.3|793.6;-524.1|803.6;-528.1|813.9;-532.3|824.2;-536.4|833.6;-540.2|844.2;-544.7|853.5;-549.1|863.1;-554.7|871.9;-562.1|878.3;-570.4|882.1;-578.1|884.6;-587.1|885.4;-598.3|884.0;-609.3|880.8;-620.1|876.8;-630.1|872.6;-640.1,321|308|289|270|250|228|208|189|167|149|132|120|117|117|119|123|130|139|150|161,39|100|100|100|100|93|81|77|66|62|41|0|0|0|0|0|0|0|0|0,85|10|1|1|0|0|0|0|0|0|0|23|36|53|58|62|83|87|100|100,8|8|8|8|7|7|6|5|4|4|3|3|3|3|3|3|3|3|3|3,-0.0001|0.0002|-0.0006|-0.0001|-0.0003|-0.0011|-0.0024|-0.0048|-0.0170|-0.0412|-0.0701|-0.1171|-0.1426|-0.0994|-0.1008|-0.0773|-0.0550|-0.0072|-0.0048|-0.0039,-0.000;-0.000;-0.010;-0.010|-0.028;-0.028;-0.029;-0.029|-0.032;-0.032;-0.031;-0.030|-0.035;-0.035;-0.034;-0.033|-0.038;-0.038;-0.039;-0.038|-0.032;-0.032;-0.039;-0.038|-0.040;-0.039;-0.034;-0.032|-0.025;-0.025;-0.043;-0.037|-0.013;-0.014;-0.039;-0.026|-0.054;-0.041;-0.076;-0.025|-0.042;-0.031;-0.094;-0.017|0.025;0.002;0.003;0.000|0.045;0.010;0.002;0.000|0.068;0.025;-0.002;-0.000|0.068;0.027;-0.003;-0.000|0.066;0.029;-0.003;-0.000|0.096;0.056;-0.005;-0.001|0.061;0.045;-0.002;-0.001|0.052;0.048;-0.001;-0.001|0.042;0.039;-0.001;-0.001,-0.009|-0.009|-0.001|-0.001|-0.019|-0.000|-0.003|0.012|-0.002|-0.016|0.002|-0.001|0.000|0.005|-0.001|0.003|0.006|0.016|-0.001|0.002,-1.33|-4.06|-4.04|-3.96|-3.88|-3.52|-3.10|-2.29|-2.27|-2.30|-1.69|-0.30|-0.15|0.26|0.34|0.44|0.87|1.00|1.22|1.11,0.2.9-dev
Baku_Race_Aug17_001_L2,2,False,7,7,560.49,252,6,9433,0.9830000000000005,5.819,570.8,239,6,9583,658.2,95,2,11716,712.45,136,2,13416,0.9740000000000002,6.074,687.33,108,2,12666,3983,100,100,6.1,5.0,0.0,9.3,0,0,0,0,0,0,0,0,0,0,0,False,0,0,0,False,46|53|61|65,54|65|60|66,53|67|64|73,75|77|82|83,58,95,40,50,560|577|585|592|600|607|614|622|629|637|644|652|659|667|674|682|689|696|704|712,9583|9700|9816|9966|10100|10250|10416|10583|10783|11000|11233|11516|11766|11966|12199|12483|12749|12983|13199|13416,799.8;-809.2|796.9;-816.1|794.1;-822.6|790.8;-830.3|788.1;-836.7|785.2;-843.4|782.1;-850.4|779.3;-856.8|776.1;-863.7|772.5;-870.4|768.4;-876.4|762.7;-882.1|757.1;-885.8|752.2;-887.9|746.0;-889.4|738.0;-889.8|730.1;-888.8|723.0;-886.9|716.0;-884.5|708.6;-881.7,239|224|210|193|181|170|158|144|131|118|108|98|95|96|99|104|110|117|126|136,96|99|88|86|58|58|65|61|50|48|37|0|0|0|0|0|0|0|0|0,12|10|7|5|5|5|4|4|4|4|0|6|41|52|51|59|67|82|94|100,6|6|6|5|5|4|4|3|3|3|2|2|2|2|2|2|2|2|2|2,-0.0003|-0.0016|0.0002|0.0002|-0.0009|-0.0023|-0.0036|-0.0090|-0.0304|-0.0742|-0.1256|-0.1717|-0.1727|-0.1292|-0.0886|-0.0696|-0.0397|-0.0304|-0.0079|-0.0021,-0.035;-0.035;-0.038;-0.037|-0.044;-0.044;-0.046;-0.044|-0.042;-0.042;-0.039;-0.037|-0.027;-0.027;-0.048;-0.047|-0.028;-0.027;-0.023;-0.023|0.004;0.004;-0.028;-0.026|-0.036;-0.035;-0.032;-0.029|-0.069;-0.066;-0.033;-0.027|-0.034;-0.029;-0.035;-0.020|-0.030;-0.037;-0.096;-0.022|-0.012;-0.027;-0.105;-0.023|0.019;-0.005;0.005;0.001|0.083;0.023;0.000;-0.000|0.106;0.041;-0.004;-0.001|0.100;0.042;-0.004;-0.000|0.094;0.045;-0.005;-0.001|0.072;0.039;-0.003;-0.001|0.073;0.051;-0.002;-0.001|0.082;0.071;-0.002;-0.001|0.068;0.068;-0.001;-0.001,0.002|0.001|0.005|-0.006|-0.003|-0.014|0.000|-0.005|-0.017|-0.009|0.021|-0.003|-0.003|-0.000|-0.000|-0.001|-0.006|-0.008|-0.006|-0.002,-3.56|-3.69|-3.32|-2.57|-2.22|-1.20|-2.31|-2.25|-1.83|-1.76|-1.42|-0.56|0.04|0.37|0.43|0.63|0.84|1.05|1.22|1.26,0.2.9-dev
Baku_Race_Aug17_001_L2,3,False,7,7,1404.31,312,8,22899,1.3099999999999987,5.617,1405.75,311,8,22916,1546.4,101,2,25849,1606.6,159,3,27616,1.625,5.58,1560.69,108,2,26366,4717,100,100,20.7,15.1,0.0,8.6,0,0,0,0,0,0,0,0,0,0,0,False,0,0,0,False,40|42|53|54,57|70|58|65,53|66|64|71,75|78|83|85,58,95,40,50,1404|1415|1426|1436|1447|1457|1468|1478|1489|1500|1510|1521|1531|1542|1553|1563|1574|1584|1595|1606,22916|23033|23166|23316|23466|23633|23799|24016|24233|24499|24799|25133|25399|25699|26116|26466|26799|27083|27366|27616,66.9;-619.2|57.8;-615.2|47.9;-610.9|37.6;-606.4|28.0;-602.3|18.2;-598.1|9.3;-594.2|-1.0;-589.7|-10.1;-585.7|-19.8;-580.8|-28.7;-574.8|-36.2;-567.2|-40.7;-560.3|-44.0;-552.0|-45.2;-540.2|-43.5;-529.9|-40.3;-519.5|-36.5;-510.0|-32.2;-499.7|-27.7;-489.9,311|300|281|260|241|219|198|177|157|137|120|112|110|104|103|111|124|135|149|159,34|100|100|100|100|100|100|97|89|89|31|0|0|0|0|0|0|0|0|0,98|24|3|0|0|0|0|0|0|0|0|21|18|4|55|72|87|98|100|100,8|8|8|8|7|6|6|5|4|3|3|2|2|2|2|2|2|2|3|3,-0.0003|0.0006|-0.0006|0.0005|0.0004|0.0002|-0.0005|-0.0032|-0.0229|-0.0661|-0.0858|-0.0920|-0.1543|-0.1904|-0.0913|-0.0270|-0.0152|-0.0086|-0.0041|-0.0039,0.004;0.004;-0.009;-0.009|-0.027;-0.027;-0.030;-0.030|-0.033;-0.033;-0.032;-0.032|-0.038;-0.038;-0.035;-0.035|-0.042;-0.042;-0.038;-0.039|-0.016;-0.016;-0.048;-0.050|-0.068;-0.068;-0.057;-0.056|-0.060;-0.060;-0.059;-0.053|-0.031;-0.029;-0.060;-0.024|-0.020;-0.018;-0.051;-0.014|-0.035;-0.026;-0.087;-0.013|0.026;0.002;0.001;0.000|0.031;0.002;0.003;0.000|0.019;-0.004;0.007;0.001|0.098;0.041;-0.004;-0.000|0.065;0.039;-0.002;-0.001|0.070;0.057;-0.002;-0.001|0.060;0.056;-0.001;-0.001|0.082;0.072;-0.002;-0.001|0.044;0.041;-0.001;-0.001,0.016|0.012|0.003|0.003|0.010|-0.015|0.005|0.006|0.028|-0.012|-0.002|-0.009|-0.002|0.002|-0.025|0.001|-0.005|-0.003|0.006|-0.001,-0.94|-3.88|-3.99|-3.91|-3.82|-2.99|-3.56|-3.24|-2.35|-1.39|-1.37|-0.19|-0.26|-0.60|0.47|0.95|1.14|1.17|1.44|1.12,0.2.9-dev
Baku_Race_Aug17_001_L2,4,False,7,7,1678.53,208,5,29016,1.439,5.573,1687.17,204,5,29166,1763.53,90,2,31183,1812.97,136,3,32883,1.511000000000001,5.686,1780.78,95,2,31866,3867,88,100,0.3,0.0,0.0,7.4,0,0,0,0,0,0,0,0,0,0,0,False,0,0,0,False,50|59|64|69,61|63|66|65,61|59|71|69,75|78|83|85,58,95,40,50,1678|1692|1699|1706|1712|1719|1726|1732|1739|1746|1752|1759|1766|1772|1779|1786|1792|1799|1806|1812,29166|29283|29399|29549|29699|29849|30033|30233|30449|30699|30899|31083|31283|31533|31816|32066|32299|32516|32699|32883,8.2;-417.4|10.9;-411.6|13.4;-406.0|16.3;-399.4|18.9;-393.3|21.1;-387.6|23.4;-381.2|25.3;-374.7|26.6;-368.1|27.1;-361.1|26.7;-355.7|25.5;-351.0|23.6;-346.3|20.2;-341.1|15.2;-335.9|9.7;-332.0|3.6;-328.7|-2.7;-325.8|-8.5;-323.4|-14.8;-320.8,204|193|181|166|152|139|127|117|106|99|96|93|90|90|93|101|110|119|128|136,61|82|85|74|75|65|55|49|33|0|0|0|0|0|0|0|0|0|0|0,35|18|10|7|6|6|6|6|6|6|6|6|29|38|61|79|81|88|98|100,5|5|5|5|4|4|3|2|2|2|2|2|2|2|2|2|2|2|2|3,0.0092|0.0083|0.0093|0.0117|0.0167|0.0232|0.0376|0.0560|0.0910|0.1310|0.1732|0.1938|0.1684|0.1546|0.0894|0.0470|0.0136|0.0023|0.0045|0.0032,-0.016;-0.015;-0.021;-0.026|-0.033;-0.033;-0.033;-0.045|-0.047;-0.049;-0.038;-0.060|-0.028;-0.029;-0.032;-0.047|-0.048;-0.049;-0.033;-0.069|-0.022;-0.022;-0.028;-0.051|-0.036;-0.035;-0.023;-0.044|-0.012;-0.002;-0.019;-0.073|-0.024;-0.012;-0.014;-0.055|-0.005;0.011;0.000;0.002|-0.004;0.022;0.000;0.003|-0.001;0.031;0.001;0.017|0.009;0.055;-0.000;0.001|0.015;0.071;-0.000;-0.001|0.039;0.095;-0.001;-0.003|0.081;0.129;-0.001;-0.003|0.082;0.111;-0.001;-0.003|0.069;0.078;-0.001;-0.002|0.068;0.073;-0.001;-0.002|0.049;0.052;-0.001;-0.001,-0.006|-0.001|-0.002|-0.004|-0.007|-0.013|-0.012|-0.001|-0.020|-0.021|-0.035|0.303|-0.149|-0.001|0.003|0.004|0.003|0.005|0.000|0.002,-2.02|-2.85|-3.05|-2.58|-2.67|-2.16|-1.95|-0.81|-1.29|-0.36|-0.47|-0.29|-0.18|0.12|0.64|1.06|1.18|1.29|1.32|1.24,0.2.9-dev
Baku_Race_Aug17_001_L2,5,False,7,7,2002.49,246,6,36299,1.6180000000000003,5.648,2004.76,245,6,36332,2111.89,99,2,38878,2126.79,101,2,39378,1.6870000000000012,5.729,0.0,0.0,0,0,3079,100,37,1.7,0.0,0.0,8.2,0,0,0,0,0,0,0,0,0,0,0,False,0,0,0,False,49|49|66|65,59|71|63|71,58|73|63|72,75|78|83|85,58,95,40,50,2002|2009|2016|2022|2029|2035|2042|2048|2055|2061|2068|2074|2081|2087|2094|2100|2107|2113|2120|2126,36332|36416|36516|36616|36732|36845|36978|37112|37262|37412|37578|37778|37978|38178|38362|38545|38745|38945|39162|39378,-191.5;-245.9|-196.4;-243.2|-202.0;-240.0|-207.3;-237.0|-213.1;-233.5|-218.5;-230.2|-224.2;-226.5|-229.4;-222.9|-234.8;-219.0|-239.6;-215.1|-244.4;-210.8|-249.3;-205.6|-253.2;-200.2|-256.3;-194.8|-258.2;-189.8|-259.4;-184.7|-259.9;-179.1|-259.5;-173.6|-258.2;-167.8|-256.0;-162.2,245|238|226|215|201|189|176|164|154|143|134|123|115|107|103|101|100|99|99|101,35|85|100|100|99|78|75|75|67|60|48|36|28|5|0|0|0|0|0|0,85|16|5|4|4|2|2|1|1|1|1|1|0|0|19|33|32|33|35|37,6|6|6|6|6|5|5|4|4|3|3|2|2|2|2|2|2|2|2|2,-0.0098|-0.0092|-0.0114|-0.0101|-0.0068|-0.0134|-0.0213|-0.0209|-0.0265|-0.0419|-0.0558|-0.0753|-0.1033|-0.1416|-0.1718|-0.1784|-0.1723|-0.1534|-0.1090|-0.0326,0.006;0.004;-0.013;-0.011|-0.027;-0.027;-0.036;-0.029|-0.038;-0.037;-0.026;-0.029|-0.045;-0.044;-0.045;-0.036|-0.053;-0.051;-0.052;-0.043|-0.036;-0.036;-0.063;-0.039|-0.050;-0.051;-0.059;-0.030|-0.018;-0.018;-0.045;-0.026|-0.042;-0.042;-0.053;-0.026|0.030;0.013;-0.025;-0.014|-0.039;-0.031;-0.069;-0.019|-0.027;-0.020;-0.038;-0.005|-0.018;-0.021;-0.087;-0.014|-0.001;-0.011;-0.024;-0.003|0.036;0.002;0.006;0.001|0.065;0.015;0.002;0.000|0.064;0.014;0.001;0.000|0.063;0.014;0.000;-0.000|0.060;0.015;-0.001;-0.000|0.024;0.011;-0.001;-0.000,0.020|0.024|-0.001|0.004|0.001|0.003|0.009|0.004|0.010|0.002|0.006|-0.000|-0.001|0.006|0.000|-0.001|-0.001|-0.004|-0.005|-0.056,-0.75|-3.01|-3.13|-3.43|-3.36|-2.79|-2.76|-2.25|-2.42|-0.49|-1.85|-1.46|-1.27|-0.79|-0.44|-0.12|-0.10|-0.05|0.12|0.35,0.2.9-dev
Baku_Race_Aug17_001_L2,6,False,7,7,0.0,0.0,0,0,1.6870000000000012,5.729,2127.73,101,2,39412,2162.04,89,2,40562,2210.0,135,3,42195,1.556000000000001,5.45,2187.64,107,2,41528,2783,0,99,0.0,0.0,0.0,1.3,0,0,0,0,0,0,0,0,0,0,0,False,0,0,0,False,58|73|63|71,70|71|66|69,66|64|69|70,75|78|83|85,58,95,40,50,2127|2131|2136|2140|2144|2149|2153|2157|2162|2166|2170|2175|2179|2183|2188|2192|2196|2201|2205|2210,39412|39562|39728|39878|40045|40212|40345|40445|40578|40745|40928|41095|41262|41412|41578|41695|41828|41978|42078|42195,-255.6;-161.3|-253.7;-157.5|-251.8;-153.1|-250.6;-149.1|-249.8;-144.7|-249.7;-140.3|-249.9;-136.9|-250.4;-134.5|-251.3;-131.3|-252.9;-127.5|-255.3;-123.5|-258.0;-120.0|-261.1;-116.7|-264.2;-113.8|-268.1;-110.7|-271.0;-108.6|-274.5;-106.1|-278.7;-103.2|-281.6;-101.2|-285.2;-98.8,101|103|102|99|95|92|90|89|89|90|92|96|100|104|109|113|118|125|129|135,0|0|0|0|0|0|0|0|0|0|0|0|0|0|0|0|0|0|0|0,37|30|4|0|20|20|17|29|39|46|56|57|60|62|69|80|90|91|96|100,2|2|2|2|2|2|2|2|2|2|2|2|2|2|2|2|2|2|2|3,-0.0227|0.0463|0.1736|0.2362|0.2427|0.2420|0.2399|0.2312|0.1829|0.1317|0.0901|0.0780|0.0515|0.0666|0.0337|0.0191|0.0070|0.0045|0.0038|-0.0005,0.018;0.011;-0.001;-0.000|0.006;0.014;-0.001;0.000|-0.005;0.011;0.000;0.003|-0.007;0.017;0.001;0.007|0.007;0.058;0.001;0.007|0.011;0.067;0.001;0.007|0.007;0.055;0.001;0.004|0.013;0.069;0.000;0.002|0.020;0.084;-0.000;-0.001|0.026;0.089;-0.000;-0.002|0.037;0.095;-0.000;-0.003|0.032;0.077;-0.001;-0.003|0.029;0.056;-0.001;-0.002|0.028;0.058;-0.001;-0.002|0.035;0.045;-0.001;-0.002|0.048;0.054;-0.001;-0.002|0.067;0.076;-0.001;-0.002|0.055;0.060;-0.002;-0.001|0.061;0.070;-0.001;-0.002|0.139;0.142;-0.001;-0.002,-0.058|-0.045|-0.032|-0.009|-0.006|0.008|0.020|-0.006|0.006|0.004|0.008|0.006|0.004|0.004|0.048|0.019|-0.007|-0.001|-0.038|-0.005,0.34|0.17|-0.43|-0.66|-0.38|-0.30|-0.38|-0.21|0.09|0.31|0.59|0.66|0.76|0.75|0.93|1.10|1.21|1.24|1.38|1.42,0.2.9-dev
Baku_Race_Aug17_001_L2,7,False,7,7,2440.9,256,7,46211,1.8019999999999996,5.383,2452.73,252,7,46378,2567.23,71,2,49411,2636.32,157,3,51795,1.7240000000000002,5.598,2577.56,77,2,49945,5584,100,100,2.4,0.0,0.0,8.7,0,0,0,0,0,0,0,0,0,0,0,False,0,0,0,False,49|49|63|64,69|58|66|61,61|54|74|70,76|78|83|84,58,95,40,50,2440|2461|2471|2481|2490|2500|2510|2519|2529|2539|2548|2558|2568|2577|2587|2597|2606|2616|2626|2636,46378|46511|46678|46845|47028|47228|47461|47711|47995|48361|48661|49011|49461|49961|50378|50728|51045|51311|51561|51795,-480.1;45.8|-487.4;51.2|-495.8;57.5|-503.3;63.3|-510.8;69.0|-518.3;74.7|-526.1;80.8|-533.6;86.5|-541.2;91.8|-550.6;96.1|-558.1;97.6|-566.2;96.9|-574.6;92.9|-581.0;85.1|-585.1;76.2|-588.0;67.0|-590.4;57.3|-592.5;48.0|-594.6;38.4|-596.8;28.8,252|237|215|194|176|161|144|127|109|95|88|80|71|77|92|106|121|134|147|157,58|100|100|88|68|58|61|54|48|11|0|0|0|0|0|0|0|0|0|0,48|5|4|3|3|2|2|2|0|0|0|2|30|65|79|90|99|100|100|100,7|7|7|7|6|5|4|3|3|2|2|2|2|2|2|2|2|3|3|3,-0.0003|-0.0016|-0.0010|-0.0007|-0.0015|-0.0009|0.0025|0.0218|0.0805|0.1492|0.2391|0.2559|0.2626|0.0680|0.0636|0.0079|0.0008|-0.0011|-0.0017|-0.0028,-0.011;-0.011;-0.019;-0.019|-0.041;-0.041;-0.042;-0.041|-0.053;-0.052;-0.051;-0.047|-0.053;-0.053;-0.044;-0.042|-0.038;-0.037;-0.030;-0.029|-0.030;-0.030;-0.025;-0.024|0.004;0.004;-0.032;-0.033|-0.064;-0.066;-0.024;-0.034|-0.038;-0.055;-0.022;-0.100|-0.015;-0.007;-0.006;-0.029|-0.012;0.025;0.000;0.009|-0.005;0.026;0.001;0.005|0.011;0.095;-0.000;0.001|0.026;0.053;-0.001;-0.001|0.060;0.102;-0.001;-0.003|0.092;0.112;-0.001;-0.002|0.119;0.127;-0.001;-0.002|0.162;0.163;-0.002;-0.002|0.057;0.056;-0.001;-0.001|0.045;0.043;-0.001;-0.001,0.022|0.010|0.003|0.001|0.001|0.013|-0.026|-0.008|-0.005|-0.003|0.038|-0.003|-0.009|-0.008|0.007|-0.041|-0.005|-0.005|-0.001|-0.002,-1.95|-3.79|-3.71|-3.29|-2.59|-2.18|-1.22|-1.99|-1.79|-0.85|-0.60|-0.58|-0.21|0.76|1.06|1.35|1.38|1.42|1.30|1.15,0.2.9-dev
Baku_Race_Aug17_001_L2,8,False,7,7,2701.09,203,5,53078,1.741999999999999,5.598,2703.91,202,5,53128,2750.3,118,2,54211,2750.82,117,2,54228,1.9320000000000004,5.62,0.0,0.0,0,0,1150,100,2,0.3,0.0,0.0,4.3,0,0,0,0,0,0,0,0,0,0,0,False,0,0,0,False,56|51|71|69,60|59|68|70,60|59|68|70,76|78|83|84,58,95,40,50,2701|2705|2708|2710|2713|2715|2718|2720|2723|2725|2728|2730|2733|2735|2738|2740|2743|2745|2748|2750,53128|53178|53211|53261|53311|53361|53411|53461|53511|53578|53628|53695|53745|53811|53878|53945|54011|54078|54161|54228,-614.3;-36.6|-615.1;-39.2|-615.6;-41.0|-616.4;-43.5|-617.2;-46.0|-617.9;-48.4|-618.7;-50.8|-619.4;-53.0|-620.1;-55.2|-621.1;-58.1|-621.8;-60.1|-622.8;-62.8|-623.5;-64.7|-624.5;-67.2|-625.5;-69.6|-626.5;-71.9|-627.6;-74.0|-628.7;-76.1|-630.2;-78.5|-631.4;-80.3,202|198|195|190|184|178|173|168|164|159|155|150|147|142|137|132|128|123|120|117,46|65|77|98|100|100|100|100|100|100|100|100|100|100|100|100|98|75|51|30,56|25|15|10|7|6|6|5|4|4|4|3|3|2|1|1|0|0|0|0,5|5|5|5|5|5|5|4|4|4|4|3|3|3|3|3|3|2|2|2,-0.0031|-0.0037|-0.0043|-0.0053|-0.0072|-0.0085|-0.0095|-0.0104|-0.0118|-0.0182|-0.0253|-0.0323|-0.0378|-0.0469|-0.0610|-0.0731|-0.0866|-0.1015|-0.1146|-0.1273,-0.003;-0.003;-0.019;-0.017|-0.020;-0.020;-0.027;-0.025|-0.030;-0.030;-0.036;-0.033|-0.050;-0.049;-0.069;-0.059|-0.051;-0.050;-0.032;-0.036|-0.060;-0.056;-0.056;-0.047|-0.071;-0.069;-0.093;-0.071|-0.022;-0.026;-0.038;-0.030|-0.021;-0.020;-0.009;-0.016|-0.054;-0.052;-0.103;-0.071|-0.035;-0.035;-0.031;-0.032|-0.068;-0.064;-0.022;-0.026|-0.009;-0.013;-0.044;-0.012|-0.044;-0.037;-0.079;-0.023|-0.050;-0.041;-0.078;-0.023|-0.056;-0.041;-0.073;-0.016|-0.058;-0.039;-0.053;-0.015|-0.093;-0.080;-0.046;-0.014|0.004;-0.015;-0.067;-0.017|-0.013;-0.014;-0.058;-0.006,0.006|0.005|0.003|0.003|-0.018|0.002|0.003|-0.017|-0.024|0.027|-0.045|-0.031|-0.011|0.034|0.018|0.016|0.005|0.001|-0.000|0.001,-1.09|-2.20|-2.70|-3.28|-3.00|-3.25|-3.20|-2.59|-1.73|-2.89|-2.14|-1.91|-1.56|-2.43|-2.29|-2.17|-1.92|-1.60|-0.95|-1.11,0.2.9-dev
Baku_Race_Aug17_001_L2,9,False,7,7,2751.33,116,2,54245,1.9320000000000004,5.62,2751.85,116,2,54261,2765.0,107,2,54628,2777.23,110,2,55028,1.9459999999999997,5.62,0.0,0.0,0,0,783,26,61,0.0,0.0,0.0,1.7,0,0,0,0,0,0,0,0,0,0,0,False,0,0,0,False,60|60|68|70,61|65|67|71,61|66|68|74,76|78|83|84,58,95,40,50,2751|2753|2754|2755|2756|2758|2759|2760|2762|2763|2764|2766|2767|2768|2770|2771|2772|2774|2775|2777,54261|54311|54345|54395|54428|54461|54495|54528|54561|54595|54628|54678|54711|54761|54795|54861|54895|54961|54995|55028,-632.1;-81.2|-633.0;-82.5|-633.7;-83.3|-634.7;-84.5|-635.4;-85.2|-636.1;-86.0|-636.9;-86.7|-637.6;-87.4|-638.4;-88.0|-639.1;-88.7|-639.9;-89.3|-641.1;-90.2|-641.9;-90.8|-643.2;-91.6|-644.1;-92.1|-645.8;-93.0|-646.7;-93.4|-648.6;-94.1|-649.6;-94.5|-650.5;-94.8,116|114|113|112|111|110|109|109|108|108|107|107|107|107|107|107|108|109|110|110,20|8|1|0|0|0|0|0|0|0|0|0|0|0|0|0|0|0|0|0,0|0|0|0|3|9|19|26|33|37|42|46|46|46|46|48|49|54|58|62,2|2|2|2|2|2|2|2|2|2|2|2|2|2|2|2|2|2|2|2,-0.1315|-0.1428|-0.1537|-0.1635|-0.1710|-0.1730|-0.1711|-0.1666|-0.1591|-0.1454|-0.1335|-0.1137|-0.1050|-0.0948|-0.0828|-0.0478|-0.0358|-0.0098|0.0024|0.0124,-0.010;-0.014;-0.032;-0.008|-0.007;-0.013;-0.041;-0.004|0.001;-0.009;-0.015;-0.000|0.009;-0.007;0.005;0.001|0.012;-0.005;0.006;0.001|0.018;-0.003;0.006;0.001|0.032;0.000;0.005;0.001|0.044;0.006;0.004;0.000|0.056;0.011;0.002;-0.000|0.070;0.016;0.001;-0.000|0.084;0.022;0.001;-0.000|0.105;0.028;0.001;-0.000|0.113;0.031;0.000;-0.000|0.116;0.030;0.000;-0.000|0.105;0.029;-0.001;0.000|0.073;0.024;-0.003;0.000|0.051;0.019;-0.003;0.000|0.024;0.018;-0.002;-0.000|0.022;0.022;-0.001;-0.000|0.023;0.026;-0.001;-0.001,-0.008|0.008|-0.004|-0.003|-0.006|-0.010|-0.017|-0.016|-0.042|-0.076|-0.128|-0.234|-0.230|-0.323|-0.289|-0.246|-0.184|-0.058|-0.037|-0.030,-0.98|-0.92|-0.78|-0.66|-0.64|-0.60|-0.52|-0.37|-0.27|-0.16|-0.09|0.01|0.10|0.12|0.28|0.45|0.44|0.54|0.62|0.65,0.2.9-dev
Baku_Race_Aug17_001_L2,10,False,7,7,0.0,0.0,0,0,1.9459999999999997,5.62,2777.78,111,2,55045,2812.73,136,2,56011,2813.36,135,2,56028,1.9799999999999986,5.64,2789.46,123,2,55395,983,0,89,0.0,0.0,0.0,0.9,0,0,0,0,0,0,0,0,0,0,0,False,0,0,0,False,61|66|68|74,58|64|67|73,58|64|67|73,76|78|83|84,58,95,40,50,2777|2779|2781|2783|2785|2786|2788|2790|2792|2794|2796|2798|2799|2801|2803|2805|2807|2809|2810|2813,55045|55111|55161|55211|55278|55328|55378|55445|55495|55545|55595|55645|55695|55745|55795|55845|55878|55928|55978|56028,-651.0;-95.0|-652.9;-95.7|-654.4;-96.2|-655.9;-96.8|-658.0;-97.6|-659.5;-98.1|-661.1;-98.7|-663.3;-99.5|-664.9;-100.1|-666.6;-100.6|-668.3;-101.1|-670.0;-101.7|-671.8;-102.1|-673.6;-102.6|-675.4;-103.0|-677.3;-103.4|-678.5;-103.6|-680.4;-103.9|-682.2;-104.2|-684.1;-104.4,111|113|114|116|119|121|123|125|127|129|130|132|133|134|135|136|136|137|136|135,0|0|0|0|0|0|0|0|0|0|0|0|0|0|0|0|0|0|0|4,64|73|80|83|87|89|89|89|88|85|81|76|75|74|71|64|55|34|12|5,2|2|2|2|2|2|2|2|2|2|2|2|2|2|2|2|2|2|2|2,0.0152|0.0148|0.0094|0.0050|-0.0044|-0.0135|-0.0199|-0.0237|-0.0270|-0.0329|-0.0410|-0.0450|-0.0438|-0.0432|-0.0449|-0.0476|-0.0472|-0.0446|-0.0406|-0.0337,0.024;0.029;-0.001;-0.001|0.032;0.039;-0.001;-0.001|0.039;0.047;-0.001;-0.001|0.045;0.051;-0.001;-0.001|0.050;0.050;-0.001;-0.001|0.055;0.049;-0.001;-0.001|0.059;0.047;-0.001;-0.001|0.060;0.044;-0.001;-0.001|0.059;0.041;-0.001;-0.001|0.057;0.037;-0.001;-0.001|0.053;0.032;-0.001;-0.001|0.047;0.027;-0.001;-0.001|0.044;0.024;-0.001;-0.001|0.043;0.023;-0.001;-0.001|0.041;0.021;-0.001;-0.001|0.036;0.018;-0.001;-0.000|0.030;0.014;-0.001;-0.000|0.016;0.006;-0.000;-0.000|0.007;-0.001;0.000;0.000|-0.001;-0.004;-0.003;-0.002,-0.029|-0.044|-0.044|-0.040|-0.038|-0.043|-0.041|-0.024|-0.028|-0.031|-0.040|-0.039|-0.046|-0.057|-0.056|-0.046|-0.007|0.087|0.142|0.156,0.70|0.87|1.00|1.08|1.14|1.15|1.11|1.09|1.04|0.96|0.82|0.71|0.66|0.63|0.56|0.45|0.34|0.04|-0.26|-0.43,0.2.9-dev
Baku_Race_Aug17_001_L2,11,False,7,7,2815.22,134,2,56078,1.9799999999999986,5.64,2815.22,134,2,56078,2861.84,96,2,57478,2888.81,113,2,58395,1.886000000000001,5.117,2883.66,108,2,58228,2317,38,65,0.1,0.0,0.0,2.8,0,0,0,0,0,0,0,0,0,0,0,False,0,0,0,False,58|64|67|72,61|62|66|69,64|60|68|69,76|78|83|84,58,95,40,50,2815|2818|2822|2826|2830|2834|2838|2841|2845|2849|2853|2857|2861|2865|2869|2872|2876|2880|2884|2888,56078|56178|56278|56395|56511|56645|56778|56911|57028|57145|57245|57345|57478|57595|57728|57861|58011|58145|58261|58395,-685.9;-104.6|-689.6;-105.0|-693.2;-105.3|-697.2;-105.7|-701.0;-106.2|-705.1;-107.0|-709.0;-108.0|-712.6;-109.2|-715.7;-110.5|-718.7;-112.0|-721.1;-113.4|-723.4;-114.8|-726.3;-116.9|-728.7;-119.0|-731.2;-121.6|-733.5;-124.4|-735.8;-128.0|-737.6;-131.4|-739.1;-134.6|-740.6;-138.4,134|131|127|121|116|110|106|104|102|100|99|97|96|96|98|100|103|106|109|113,11|23|30|38|31|19|4|0|0|0|0|0|0|0|0|0|0|0|0|0,2|0|0|0|0|0|0|0|0|0|2|9|25|38|53|59|60|62|65|65,2|2|2|2|2|2|2|2|2|2|2|2|2|2|2|2|2|2|2|2,-0.0271|-0.0045|0.0196|0.0570|0.0829|0.0817|0.0939|0.0731|0.0713|0.0872|0.0974|0.1304|0.1479|0.1499|0.1370|0.1131|0.0822|0.0474|0.0141|-0.0252,-0.008;-0.009;-0.008;-0.005|-0.019;-0.013;-0.013;-0.010|-0.019;-0.016;-0.014;-0.018|-0.027;-0.021;-0.018;-0.051|-0.022;-0.026;-0.015;-0.070|-0.020;-0.025;-0.009;-0.052|-0.012;-0.008;-0.002;-0.005|-0.008;0.002;0.000;0.001|-0.007;0.001;0.001;0.001|-0.008;0.001;0.000;0.001|-0.004;-0.003;-0.000;0.002|-0.004;0.006;-0.000;0.002|0.005;0.041;-0.000;0.001|0.013;0.062;-0.000;-0.000|0.031;0.089;-0.001;-0.004|0.044;0.103;-0.001;-0.007|0.045;0.098;-0.001;-0.008|0.038;0.073;-0.001;-0.007|0.035;0.044;-0.001;-0.002|0.038;0.027;-0.001;-0.001,0.112|0.066|0.067|0.071|0.081|0.101|0.087|0.098|0.107|0.129|0.092|0.092|0.049|0.036|0.028|0.014|-0.003|-0.026|-0.069|-0.079,-0.64|-1.02|-1.24|-1.46|-1.24|-1.03|-0.62|-0.37|-0.33|-0.37|-0.37|-0.30|-0.10|0.08|0.43|0.57|0.63|0.79|0.92|0.81,0.2.9-dev
Baku_Race_Aug17_001_L2,12,False,7,7,0.0,0.0,0,0,1.886000000000001,5.117,2889.87,114,2,58428,2936.98,102,2,59845,2990.11,153,3,61428,2.099,4.804,2946.85,105,2,60211,3000,0,100,0.1,0.0,0.0,0.1,0,0,0,0,0,0,0,0,0,0,0,False,0,0,0,False,64|60|68|69,62|72|66|72,58|67|71|77,76|78|82|84,58,95,40,50,2889|2894|2900|2905|2910|2915|2921|2926|2931|2937|2942|2947|2952|2958|2963|2968|2974|2979|2984|2990,58428|58611|58761|58928|59111|59245|59378|59511|59661|59861|60061|60245|60428|60595|60745|60895|61061|61178|61311|61428,-741.0;-139.4|-743.5;-144.8|-745.9;-149.0|-748.9;-153.3|-752.7;-157.4|-755.7;-160.0|-759.0;-162.1|-762.3;-163.9|-766.3;-165.5|-771.8;-166.9|-777.4;-167.5|-782.7;-167.4|-788.2;-166.6|-793.5;-165.6|-798.4;-164.4|-803.6;-163.1|-809.6;-161.5|-813.9;-160.2|-819.1;-158.6|-823.7;-157.0,114|117|115|111|108|105|103|102|102|102|103|106|112|118|124|130|137|143|148|153,0|0|0|0|0|0|0|0|0|0|0|0|0|0|0|0|0|0|0|0,65|1|0|0|6|2|29|38|37|47|54|68|77|84|86|92|98|100|100|100,2|2|2|2|2|2|2|2|2|2|2|2|2|2|2|3|3|3|3|3,-0.0301|-0.0769|-0.1029|-0.1183|-0.1294|-0.1448|-0.1405|-0.1473|-0.1545|-0.1433|-0.0869|-0.0436|-0.0150|-0.0127|-0.0120|-0.0124|-0.0096|-0.0071|-0.0062|-0.0075,0.040;0.026;-0.001;-0.001|0.003;-0.005;0.001;-0.000|0.004;-0.007;0.002;0.000|0.008;-0.007;0.002;0.000|0.016;-0.003;0.004;0.000|0.010;-0.006;0.004;0.000|0.041;0.006;0.002;0.000|0.063;0.015;0.001;-0.000|0.068;0.017;0.001;-0.000|0.087;0.029;-0.001;-0.000|0.094;0.038;-0.003;-0.000|0.097;0.054;-0.004;-0.001|0.084;0.059;-0.003;-0.001|0.064;0.052;-0.002;-0.001|0.059;0.054;-0.001;-0.001|0.157;0.148;-0.001;-0.001|0.106;0.092;-0.002;-0.001|0.091;0.079;-0.002;-0.001|0.069;0.063;-0.001;-0.001|0.057;0.053;-0.001;-0.001,-0.068|-0.083|-0.092|-0.085|-0.065|-0.061|-0.040|-0.029|-0.025|-0.024|-0.026|-0.021|-0.014|-0.007|-0.004|-0.012|-0.004|-0.005|-0.005|-0.005,0.81|-0.27|-0.45|-0.51|-0.45|-0.58|-0.19|-0.02|-0.04|0.14|0.38|0.74|1.08|1.13|1.06|1.25|1.26|1.25|1.21|1.14,0.2.9-dev
Baku_Race_Aug17_001_L2,13,True,7,7,0.0,0.0,0,0,1.9800000000000004,4.906,3232.31,270,7,65345,3332.51,275,7,66645,3396.01,282,7,67462,1.9719999999999995,4.871,3333.83,275,7,66662,2117,0,100,15.1,12.9,0.0,0.8,0,0,0,0,0,0,0,0,0,0,0,False,0,0,0,False,47|51|65|68,54|68|69|78,54|68|68|78,75|78|83|85,58,95,40,50,3232|3240|3249|3257|3266|3275|3283|3292|3300|3309|3318|3326|3335|3344|3352|3361|3369|3378|3387|3396,65345|65462|65578|65695|65812|65912|66028|66145|66262|66362|66478|66578|66695|66795|66912|67029|67129|67245|67362|67462,-1044.0;-55.3|-1051.6;-50.9|-1059.1;-46.3|-1066.6;-41.5|-1073.9;-36.4|-1080.1;-31.8|-1086.9;-26.2|-1093.5;-20.1|-1099.8;-13.8|-1105.0;-8.1|-1110.7;-1.2|-1115.3;4.9|-1120.4;12.2|-1124.4;18.8|-1128.7;26.6|-1132.8;34.6|-1136.2;41.5|-1140.0;49.7|-1143.7;58.0|-1146.8;65.2,270|271|273|274|275|275|275|275|275|276|276|276|275|275|276|277|278|280|281|282,0|0|0|0|0|0|0|0|0|0|0|0|0|0|0|0|0|0|0|0,100|100|100|100|100|100|100|100|100|100|100|100|100|100|100|100|100|100|100|100,7|7|7|7|7|7|7|7|7|7|7|7|7|7|7|7|7|7|7|7,-0.0086|-0.0117|-0.0147|-0.0256|-0.0359|-0.0334|-0.0315|-0.0268|-0.0292|-0.0396|-0.0401|-0.0505|-0.0344|-0.0234|-0.0108|-0.0069|-0.0081|-0.0083|-0.0109|-0.0115,0.020;0.017;-0.000;-0.000|0.020;0.017;-0.000;-0.000|0.021;0.017;-0.000;-0.000|0.023;0.016;-0.000;-0.000|0.026;0.016;-0.000;-0.000|0.028;0.017;-0.000;-0.000|0.028;0.018;-0.000;-0.000|0.025;0.017;-0.000;-0.000|0.025;0.016;-0.000;-0.000|0.025;0.016;-0.000;-0.000|0.034;0.023;-0.001;-0.000|0.035;0.021;0.000;-0.000|0.029;0.017;-0.000;-0.000|0.028;0.019;-0.001;-0.000|0.023;0.018;-0.001;-0.000|0.019;0.017;-0.000;-0.000|0.019;0.016;-0.000;-0.000|0.018;0.016;-0.000;-0.000|0.019;0.016;-0.000;-0.000|0.019;0.016;-0.000;-0.000,0.013|0.016|0.014|0.030|0.020|0.011|-0.003|-0.012|-0.003|0.013|0.090|0.038|-0.010|-0.005|-0.037|-0.016|-0.004|0.004|0.008|0.006,0.36|0.35|0.33|0.28|0.20|0.17|0.17|0.20|0.20|0.15|0.15|0.13|0.11|0.21|0.29|0.33|0.33|0.32|0.31|0.30,0.2.9-dev
Baku_Race_Aug17_001_L2,14,False,7,7,0.0,0.0,0,0,1.9719999999999995,4.871,3423.47,285,7,67812,3553.88,296,7,69412,3578.59,297,8,69712,1.9699999999999989,4.825,3545.44,296,7,69312,1900,0,100,2.8,0.0,0.0,0.0,0,0,0,0,0,0,0,0,0,0,0,False,0,0,0,False,53|66|66|77,52|61|62|73,52|61|62|73,76|79|83|86,58,95,40,50,3423|3431|3439|3447|3455|3463|3471|3479|3488|3496|3504|3512|3520|3528|3536|3545|3553|3561|3569|3578,67812|67912|68012|68129|68229|68329|68429|68529|68629|68729|68829|68929|69029|69129|69229|69312|69412|69512|69612|69712,-1156.5;91.1|-1159.0;98.6|-1161.3;106.2|-1163.7;115.2|-1165.7;123.0|-1167.6;130.8|-1169.4;138.6|-1171.0;146.5|-1172.6;154.5|-1174.0;162.5|-1175.4;170.5|-1176.6;178.6|-1177.7;186.7|-1178.7;194.8|-1179.6;203.0|-1180.1;209.8|-1180.6;218.0|-1180.8;226.3|-1180.8;234.5|-1180.6;242.8,285|286|286|287|288|289|290|291|291|292|293|294|294|295|295|296|296|296|297|297,0|0|0|0|0|0|0|0|0|0|0|0|0|0|0|0|0|0|0|0,100|100|100|100|100|100|100|100|100|100|100|100|100|100|100|100|100|100|100|100,7|7|7|7|7|7|7|7|7|7|7|7|7|7|7|7|7|7|7|8,-0.0143|-0.0133|-0.0108|-0.0091|-0.0081|-0.0086|-0.0084|-0.0084|-0.0074|-0.0071|-0.0078|-0.0088|-0.0105|-0.0156|-0.0178|-0.0196|-0.0160|-0.0135|-0.0080|-0.0035,0.019;0.015;-0.000;-0.000|0.019;0.015;-0.000;-0.000|0.019;0.015;-0.000;-0.000|0.018;0.015;-0.000;-0.000|0.018;0.015;-0.000;-0.000|0.017;0.015;-0.000;-0.000|0.017;0.015;-0.000;-0.000|0.017;0.015;-0.000;-0.000|0.017;0.015;-0.000;-0.000|0.017;0.015;-0.000;-0.000|0.017;0.015;-0.000;-0.000|0.017;0.015;-0.000;-0.000|0.017;0.014;-0.000;-0.000|0.019;0.015;-0.000;-0.000|0.019;0.014;-0.000;-0.000|0.019;0.014;-0.000;-0.000|0.019;0.014;-0.000;-0.000|0.018;0.014;-0.000;-0.000|0.017;0.014;-0.000;-0.000|0.016;0.015;-0.000;-0.000,0.003|-0.002|-0.006|-0.008|-0.005|-0.001|0.000|-0.000|-0.003|-0.002|0.000|0.002|0.007|0.019|0.017|0.009|-0.003|-0.018|-0.021|-0.024,0.25|0.25|0.25|0.25|0.25|0.25|0.24|0.23|0.23|0.22|0.22|0.21|0.20|0.17|0.17|0.14|0.14|0.15|0.17|0.26,0.2.9-dev
Baku_Race_Aug17_001_L2,15,False,7,6,3631.36,301,8,70346,2.023999999999999,4.825,3645.04,287,8,70513,3771.38,102,2,73080,3817.24,145,3,74497,2.1240000000000006,4.849,3789.73,110,2,73713,4151,100,99,1.3,0.0,0.0,0.5,0,0,0,0,0,0,0,0,0,0,0,False,0,0,0,False,50|58|60|69,57|68|59|67,54|68|63|70,76|79|83|86,58,95,40,50,3631|3653|3662|3671|3680|3690|3699|3708|3717|3726|3735|3744|3753|3762|3771|3780|3789|3798|3807|3817,70513|70629|70763|70879|71029|71163|71329|71479|71663|71846|72063|72296|72563|72863|73096|73413|73730|74013|74263|74497,-1179.1;309.2|-1179.1;318.3|-1179.0;328.1|-1179.0;336.2|-1178.9;346.1|-1178.8;354.4|-1178.7;364.3|-1178.6;372.6|-1178.5;382.0|-1178.4;390.5|-1178.2;399.7|-1177.7;408.5|-1176.2;417.4|-1173.1;425.9|-1169.6;431.7|-1163.9;438.7|-1156.7;444.7|-1148.9;449.4|-1141.2;453.6|-1133.2;457.8,287|273|257|244|230|219|206|193|175|160|144|128|115|105|102|104|110|121|133|145,86|81|85|75|62|57|60|72|87|97|100|86|46|0|0|0|0|0|0|0,19|8|0|0|0|0|0|0|0|0|0|0|0|0|21|47|67|89|93|100,8|8|8|8|7|7|6|5|5|4|3|3|2|2|2|2|2|2|2|3,-0.0013|-0.0012|0.0012|0.0007|-0.0022|-0.0013|-0.0001|0.0015|0.0016|-0.0006|-0.0205|-0.0534|-0.1007|-0.1353|-0.1480|-0.1283|-0.0367|-0.0185|-0.0025|0.0017,-0.024;-0.024;-0.026;-0.026|-0.026;-0.026;-0.026;-0.025|-0.032;-0.032;-0.029;-0.029|-0.030;-0.031;-0.027;-0.027|-0.028;-0.028;-0.023;-0.022|-0.028;-0.028;-0.023;-0.021|-0.025;-0.026;-0.022;-0.021|-0.048;-0.049;-0.028;-0.031|-0.064;-0.069;-0.049;-0.068|-0.028;-0.031;-0.048;-0.042|-0.074;-0.072;-0.036;-0.042|-0.042;-0.044;-0.049;-0.029|-0.016;-0.018;-0.031;-0.009|0.005;-0.008;0.004;0.001|0.024;0.003;0.020;-0.000|0.067;0.024;-0.005;-0.001|0.061;0.034;-0.003;-0.001|0.068;0.051;-0.002;-0.001|0.052;0.048;-0.001;-0.001|0.058;0.058;-0.001;-0.001,0.007|0.000|-0.006|-0.003|0.002|-0.006|-0.034|-0.007|-0.007|-0.002|0.035|0.033|0.010|-0.024|-0.152|0.011|0.008|-0.000|-0.005|-0.007,-3.42|-3.33|-3.41|-3.07|-2.57|-2.36|-2.38|-2.69|-2.97|-2.51|-2.08|-1.83|-1.19|-0.47|-0.17|0.39|0.89|1.25|1.24|1.38,0.2.9-dev
Baku_Race_Aug17_001_L2,16,False,6,6,4017.45,255,6,77948,2.1959999999999997,4.838,4025.67,250,6,78064,4134.93,110,2,80568,4210.07,166,3,82603,2.2249999999999996,5.018,4151.8,116,2,81102,4655,100,100,2.3,0.0,0.0,1.3,0,0,0,0,0,0,0,0,0,0,0,False,0,0,0,False,46|52|61|64,54|72|60|68,52|69|65|74,75|80|83|86,58,95,40,50,4017|4035|4045|4054|4064|4074|4083|4093|4103|4112|4122|4132|4141|4151|4161|4170|4180|4190|4199|4210,78064|78214|78381|78548|78731|78931|79168|79418|79685|79968|80218|80485|80785|81102|81402|81669|81919|82153|82386|82603,-950.0;556.0|-941.2;560.9|-932.3;565.9|-924.1;570.4|-915.9;574.8|-907.4;579.1|-898.2;583.2|-888.9;586.5|-879.4;588.5|-869.9;588.8|-862.0;587.6|-854.2;584.8|-846.3;580.1|-839.1;573.3|-832.8;565.3|-827.3;557.3|-822.5;548.9|-818.5;540.2|-815.1;530.7|-812.1;521.4,250|232|210|191|176|163|149|136|125|117|112|111|110|116|125|135|144|151|159|166,66|100|100|76|56|49|41|37|20|0|0|0|0|0|0|0|0|0|0|0,39|1|0|0|0|0|0|0|0|3|21|35|53|65|84|89|89|90|91|100,6|6|6|5|4|4|3|2|2|2|2|2|2|2|2|2|3|3|3|3,0.0004|-0.0022|-0.0037|-0.0082|-0.0110|-0.0169|-0.0352|-0.0650|-0.1056|-0.1379|-0.1438|-0.1530|-0.1353|-0.0264|-0.0226|-0.0404|-0.0388|-0.0109|0.0135|0.0130,-0.014;-0.014;-0.021;-0.022|-0.042;-0.042;-0.041;-0.040|-0.041;-0.040;-0.054;-0.047|-0.043;-0.040;-0.034;-0.034|0.005;0.003;-0.028;-0.022|-0.028;-0.026;-0.025;-0.017|-0.026;-0.024;-0.027;-0.014|0.019;0.002;-0.017;-0.008|-0.017;-0.017;-0.081;-0.011|0.011;-0.005;0.006;0.001|0.028;0.002;0.003;0.000|0.046;0.011;0.001;-0.000|0.081;0.030;-0.001;-0.000|0.063;0.035;-0.003;-0.000|0.051;0.039;-0.001;-0.001|0.055;0.036;-0.002;-0.001|0.115;0.085;-0.002;-0.001|0.091;0.066;-0.003;-0.001|0.028;0.035;-0.002;-0.001|0.035;0.036;-0.001;-0.006,-0.010|0.007|0.003|0.010|0.034|0.008|0.012|0.033|-0.025|0.028|0.049|-0.003|0.007|0.030|0.002|0.034|-0.186|-0.016|0.177|-0.244,-2.20|-3.76|-3.58|-2.91|-1.18|-1.92|-1.66|-0.73|-1.10|-0.55|-0.31|-0.06|0.23|0.78|1.04|0.99|1.18|0.79|1.05|1.04,0.2.9-dev
Baku_Race_Aug17_001_L2,17,True,6,6,0.0,0.0,0,0,2.3000000000000007,5.051,4269.02,208,5,83736,4343.11,235,6,84903,4375.42,245,6,85387,2.1260000000000012,5.034,4331.83,233,6,84737,1651,0,100,2.6,1.7,0.0,1.6,0,0,0,0,0,0,0,0,0,0,0,False,0,0,0,False,50|63|66|73,53|60|68|71,53|59|69|71,75|80|83|86,58,95,40,50,4269|4274|4279|4285|4290|4296|4302|4307|4313|4318|4324|4329|4335|4340|4346|4351|4357|4362|4368|4375,83736|83836|83936|84020|84120|84203|84286|84386|84470|84553|84636|84720|84803|84870|84953|85037|85120|85203|85287|85387,-788.3;467.3|-785.6;462.2|-782.7;457.0|-780.3;452.7|-777.2;447.4|-774.7;443.0|-772.0;438.6|-768.7;433.3|-765.8;428.9|-762.9;424.5|-759.8;420.1|-756.6;415.8|-753.2;411.6|-750.3;408.3|-746.6;404.3|-742.8;400.3|-738.8;396.5|-734.7;392.7|-730.5;389.0|-725.4;384.6,208|211|214|216|219|221|223|226|227|230|231|233|234|235|236|238|239|241|242|245,0|0|0|0|0|0|0|0|0|0|0|0|0|0|0|0|0|0|0|0,100|100|100|100|100|100|100|100|100|100|100|100|100|100|100|100|100|100|100|100,5|5|5|5|5|5|5|5|5|6|6|6|6|6|6|6|6|6|6|6,0.0088|0.0088|0.0086|0.0096|0.0106|0.0116|0.0133|0.0145|0.0149|0.0293|0.0384|0.0431|0.0418|0.0381|0.0314|0.0233|0.0147|0.0084|0.0061|0.0020,0.027;0.030;-0.001;-0.001|0.026;0.029;-0.001;-0.001|0.025;0.028;-0.001;-0.001|0.025;0.028;-0.001;-0.001|0.024;0.027;-0.001;-0.001|0.023;0.027;-0.001;-0.001|0.023;0.027;-0.001;-0.001|0.022;0.027;-0.001;-0.001|0.022;0.026;-0.001;-0.001|0.026;0.035;-0.001;-0.001|0.021;0.034;-0.001;-0.001|0.022;0.037;-0.001;-0.001|0.022;0.035;-0.000;-0.001|0.023;0.037;-0.000;-0.001|0.023;0.034;-0.000;-0.001|0.022;0.031;-0.000;-0.001|0.021;0.028;-0.000;-0.001|0.021;0.025;-0.001;-0.001|0.021;0.023;-0.001;-0.001|0.021;0.022;-0.001;-0.001,-0.004|-0.000|0.001|0.003|0.003|0.004|0.005|0.003|0.009|0.029|0.028|0.044|-0.008|-0.001|-0.008|-0.016|-0.021|-0.018|-0.012|-0.010,0.84|0.82|0.79|0.77|0.75|0.73|0.70|0.68|0.66|0.94|0.54|0.53|0.50|0.50|0.53|0.56|0.58|0.60|0.59|0.59,0.2.9-dev
Baku_Race_Aug17_001_L2,18,True,6,6,0.0,0.0,0,0,2.035,5.039,4491.88,272,7,87004,4542.52,274,7,87670,4627.03,278,7,88754,1.9260000000000002,5.034,4584.58,273,7,88204,1750,0,100,3.7,0.0,0.0,0.0,0,0,0,0,0,0,0,0,0,0,0,False,0,0,0,False,48|52|63|65,52|62|66|71,56|73|69|79,75|80|83|86,58,95,40,50,4491|4498|4505|4512|4519|4526|4533|4541|4548|4555|4562|4569|4576|4583|4591|4598|4605|4612|4619|4627,87004|87087|87187|87287|87370|87470|87570|87654|87754|87854|87937|88021|88121|88204|88287|88387|88487|88571|88671|88754,-638.1;307.5|-633.3;303.3|-627.7;298.2|-622.1;293.0|-617.6;288.5|-612.4;282.9|-607.4;277.1|-603.6;272.0|-599.2;265.8|-595.2;259.3|-592.0;253.8|-589.1;248.2|-585.9;241.3|-583.5;235.4|-581.3;229.5|-579.0;222.3|-576.8;214.9|-575.1;208.8|-573.1;201.3|-571.5;195.1,272|273|274|275|275|275|274|274|274|274|273|273|273|273|273|274|275|276|277|278,0|0|0|0|0|0|0|0|0|0|0|0|0|0|0|0|0|0|0|0,100|100|100|100|100|100|100|100|100|100|100|100|100|100|100|100|100|100|100|100,7|7|7|7|7|7|7|7|7|7|7|7|7|7|7|7|7|7|7|7,-0.0053|-0.0081|-0.0219|-0.0294|-0.0382|-0.0510|-0.0500|-0.0389|-0.0338|-0.0418|-0.0481|-0.0448|-0.0387|-0.0327|-0.0233|-0.0130|-0.0022|0.0028|0.0010|0.0009,0.019;0.017;-0.000;-0.000|0.019;0.017;-0.000;-0.000|0.021;0.016;-0.000;-0.001|0.024;0.016;-0.000;-0.000|0.026;0.016;-0.000;-0.000|0.030;0.017;0.000;-0.000|0.033;0.019;-0.000;-0.000|0.033;0.020;-0.000;-0.000|0.030;0.019;-0.000;-0.000|0.028;0.018;-0.000;-0.000|0.030;0.018;-0.000;-0.000|0.030;0.017;-0.000;-0.000|0.030;0.018;-0.000;-0.000|0.029;0.018;-0.000;-0.000|0.026;0.018;-0.001;-0.000|0.022;0.017;-0.001;-0.000|0.019;0.017;-0.001;-0.000|0.018;0.018;-0.000;-0.000|0.017;0.018;-0.000;-0.000|0.017;0.017;-0.000;-0.000,-0.008|-0.015|-0.032|-0.024|-0.029|-0.020|-0.004|0.003|0.006|-0.010|-0.013|0.002|0.002|0.012|0.025|0.043|0.049|0.035|0.010|0.003,0.38|0.37|0.33|0.26|0.18|0.08|0.04|0.08|0.13|0.13|0.12|0.12|0.13|0.16|0.23|0.30|0.35|0.36|0.35|0.34,0.2.9-dev
Baku_Race_Aug17_001_L2,19,True,6,6,0.0,0.0,0,0,1.9260000000000002,5.041,4641.27,280,7,88937,4723.98,280,7,89971,4798.4,286,7,90921,1.9619999999999997,4.975,4743.83,277,7,90221,1984,0,100,2.2,0.0,0.0,0.0,0,0,0,0,0,0,0,0,0,0,0,False,0,0,0,False,55|71|68|78,74|73|79|79,76|70|83|77,76|80|84|87,58,95,40,50,4641|4648|4656|4664|4673|4681|4689|4698|4706|4714|4722|4731|4739|4747|4755|4764|4772|4780|4788|4798,88937|89054|89137|89254|89354|89454|89588|89671|89771|89871|89971|90071|90171|90271|90388|90488|90604|90704|90804|90921,-567.8;181.4|-565.3;172.6|-563.5;166.3|-560.8;157.5|-558.2;150.1|-555.4;142.7|-551.3;132.9|-548.5;127.0|-544.7;120.0|-540.6;113.3|-536.2;106.9|-531.4;100.8|-526.4;95.0|-521.0;89.4|-514.6;83.1|-508.8;77.9|-502.0;71.9|-495.9;66.9|-489.8;62.0|-482.5;56.4,280|282|282|283|284|285|285|284|283|281|280|278|277|278|278|279|281|282|284|286,0|0|0|0|0|0|0|0|0|0|0|0|0|0|0|0|0|0|0|0,100|100|100|100|100|100|100|100|100|100|100|100|100|100|100|100|100|100|100|100,7|7|7|7|7|7|7|7|7|7|7|7|7|7|7|7|7|7|7|7,0.0057|0.0109|0.0175|0.0216|0.0204|0.0284|0.0487|0.0614|0.0704|0.0718|0.0631|0.0486|0.0322|0.0179|0.0130|0.0163|0.0192|0.0079|-0.0012|-0.0008,0.016;0.018;-0.000;-0.000|0.016;0.018;-0.000;-0.000|0.015;0.019;-0.000;-0.000|0.015;0.020;-0.000;-0.000|0.015;0.021;-0.000;-0.000|0.015;0.022;-0.000;-0.000|0.015;0.026;-0.000;-0.000|0.016;0.030;-0.000;0.000|0.019;0.035;-0.000;0.001|0.021;0.037;-0.000;0.001|0.022;0.037;-0.000;0.000|0.021;0.034;-0.000;-0.000|0.019;0.029;-0.000;-0.001|0.017;0.023;-0.000;-0.001|0.016;0.020;-0.000;-0.000|0.016;0.020;-0.000;-0.000|0.019;0.024;-0.000;-0.001|0.019;0.023;-0.000;-0.001|0.020;0.020;-0.000;-0.001|0.020;0.020;-0.001;-0.001,0.010|0.019|0.028|0.014|0.008|0.018|0.031|0.022|0.010|0.002|-0.005|-0.011|-0.020|-0.033|-0.015|0.002|0.005|-0.016|-0.021|-0.008,0.33|0.31|0.28|0.25|0.23|0.19|0.07|-0.04|-0.13|-0.17|-0.13|-0.03|0.10|0.23|0.29|0.29|0.44|0.46|0.47|0.45,0.2.9-dev
Baku_Race_Aug17_001_L2,20,True,6,6,0.0,0.0,0,0,1.8899999999999988,4.969,5021.96,311,8,93588,5080.12,312,8,94255,5154.14,314,8,95105,1.8759999999999994,4.917,5112.04,312,8,94622,1517,0,100,11.9,9.5,0.0,0.0,0,0,0,0,0,0,0,0,0,0,0,False,0,0,0,False,56|54|67|64,56|54|67|62,53|51|65|60,77|81|85|88,58,95,40,50,5021|5027|5034|5041|5048|5055|5062|5069|5075|5082|5089|5096|5103|5110|5117|5123|5130|5137|5144|5154,93588|93672|93738|93822|93905|93988|94055|94139|94222|94289|94372|94455|94539|94622|94705|94789|94839|94922|95005|95105,-302.4;-76.1|-296.4;-80.1|-291.5;-83.2|-285.4;-87.0|-279.2;-90.8|-273.0;-94.4|-267.9;-97.2|-261.6;-100.7|-255.2;-104.0|-250.0;-106.6|-243.5;-109.7|-236.9;-112.7|-230.3;-115.7|-223.7;-118.5|-217.0;-121.4|-210.3;-124.2|-206.3;-125.9|-199.6;-128.7|-192.9;-131.5|-184.9;-134.8,311|311|311|311|311|311|311|312|312|312|312|312|312|312|312|313|313|313|314|314,0|0|0|0|0|0|0|0|0|0|0|0|0|0|0|0|0|0|0|0,100|100|100|100|100|100|100|100|100|100|100|100|100|100|100|100|100|100|100|100,8|8|8|8|8|8|8|8|8|8|8|8|8|8|8|8|8|8|8|8,0.0078|0.0114|0.0139|0.0129|0.0107|0.0105|0.0130|0.0174|0.0160|0.0125|0.0084|0.0058|0.0060|0.0039|-0.0001|-0.0011|-0.0008|0.0006|0.0011|-0.0001,0.013;0.015;-0.000;-0.000|0.013;0.016;-0.000;-0.000|0.013;0.016;-0.000;-0.000|0.013;0.016;-0.000;-0.000|0.013;0.016;-0.000;-0.000|0.013;0.016;-0.000;-0.000|0.013;0.016;-0.000;-0.000|0.013;0.017;-0.000;-0.000|0.013;0.017;-0.000;-0.000|0.013;0.017;-0.000;-0.000|0.013;0.016;-0.000;-0.000|0.013;0.015;-0.000;-0.000|0.013;0.015;-0.000;-0.000|0.014;0.015;-0.000;-0.000|0.014;0.014;-0.000;-0.000|0.014;0.014;-0.000;-0.000|0.014;0.014;-0.000;-0.000|0.014;0.014;-0.000;-0.000|0.016;0.017;-0.000;-0.000|0.016;0.016;-0.000;-0.000,0.003|0.007|0.008|0.003|-0.001|-0.000|0.004|0.007|0.003|-0.001|-0.004|-0.005|-0.003|-0.004|-0.006|-0.005|-0.003|0.001|0.003|-0.001,0.09|0.09|0.08|0.07|0.07|0.07|0.07|0.05|0.05|0.05|0.06|0.08|0.08|0.09|0.09|0.09|0.09|0.09|0.23|0.22,0.2.9-dev
Baku_Race_Aug17_001_L3,1,False,6,6,175.5,327,8,1916,1.6280000000000001,5.005,180.04,325,8,1966,323.71,114,2,4733,386.54,161,3,6450,1.6449999999999996,5.166,343.41,120,3,5316,4534,100,100,0.9,0.0,0.0,6.9,0,0,0,0,0,0,0,0,0,0,0,False,0,0,0,False,40|41|51|52,57|66|57|64,54|66|63|71,78|82|87|89,58,95,40,50,175|190|201|212|223|234|245|255|266|277|288|299|310|321|332|342|353|364|375|386,1966|2099|2216|2383|2516|2666|2849|3049|3249|3499|3783|4099|4433|4683|4966|5316|5650|5933|6216|6450,763.1;-512.0|774.1;-516.3|783.2;-519.9|795.4;-524.7|804.4;-528.3|813.7;-532.1|824.1;-536.3|834.4;-540.6|843.6;-544.6|853.6;-549.4|863.2;-555.1|871.6;-562.3|878.1;-571.0|881.7;-578.2|884.1;-586.9|884.9;-598.3|883.5;-609.7|880.9;-620.0|877.2;-630.8|873.4;-640.3,325|310|293|270|252|232|210|190|171|149|133|120|116|115|115|120|129|139|152|161,43|100|100|100|100|100|83|72|74|75|53|5|0|0|0|0|0|0|0|0,100|19|0|0|0|0|0|0|0|0|0|1|30|32|50|65|79|100|100|100,8|8|8|8|7|7|6|5|4|4|3|2|2|2|3|3|3|3|3|3,-0.0004|-0.0008|-0.0012|-0.0012|-0.0022|-0.0030|-0.0028|-0.0046|-0.0157|-0.0436|-0.0771|-0.1012|-0.0998|-0.1225|-0.0876|-0.0531|-0.0420|-0.0258|-0.0066|-0.0031,0.001;0.001;-0.011;-0.011|-0.027;-0.027;-0.029;-0.029|-0.032;-0.032;-0.030;-0.030|-0.036;-0.036;-0.034;-0.033|-0.038;-0.037;-0.039;-0.037|-0.047;-0.045;-0.046;-0.041|-0.043;-0.042;-0.035;-0.032|-0.034;-0.033;-0.034;-0.029|-0.060;-0.057;-0.048;-0.030|-0.059;-0.044;-0.069;-0.027|-0.033;-0.025;-0.054;-0.006|-0.001;-0.010;-0.037;-0.002|0.028;0.005;0.001;-0.000|0.050;0.019;0.005;-0.000|0.169;0.112;-0.004;-0.001|0.059;0.029;-0.003;-0.000|0.064;0.037;-0.002;-0.001|0.069;0.058;-0.006;-0.001|0.060;0.049;-0.001;-0.001|0.041;0.038;-0.001;-0.001,-0.010|-0.008|-0.002|-0.002|-0.019|-0.005|-0.005|-0.017|-0.005|-0.013|0.001|-0.006|-0.025|0.088|0.062|0.026|0.003|0.124|-0.018|-0.018,-1.41|-4.03|-4.08|-3.98|-3.89|-3.82|-3.24|-2.73|-2.70|-2.29|-1.48|-0.77|-0.10|-0.07|0.85|0.60|0.89|1.32|1.23|1.09,0.2.9-dev
Baku_Race_Aug17_001_L3,2,False,6,6,563.7,249,6,9466,1.700000000000001,5.041,571.72,244,6,9583,669.52,98,2,11949,712.84,132,2,13399,1.652000000000001,5.084,694.98,110,2,12866,3933,100,100,1.9,0.0,0.0,7.9,0,0,0,0,0,0,0,0,0,0,0,False,0,0,0,False,47|53|62|66,56|67|62|69,55|69|67|75,78|82|86|89,58,95,40,50,563|577|585|592|600|607|614|622|629|637|644|652|659|667|674|682|689|696|704|712,9583|9683|9800|9933|10066|10216|10400|10566|10766|10983|11233|11516|11733|11899|12133|12433|12699|12933|13166|13399,799.6;-810.1|796.9;-816.2|794.0;-822.9|790.9;-830.0|788.1;-836.6|785.2;-843.4|782.0;-850.9|779.3;-857.1|776.1;-863.7|772.4;-869.9|767.7;-876.0|761.6;-881.6|756.4;-884.9|752.2;-886.9|746.0;-888.7|737.7;-889.4|730.1;-888.5|723.3;-886.6|716.1;-884.1|708.5;-881.1,244|233|218|200|186|169|152|139|126|116|107|103|101|99|98|101|106|112|121|132,57|100|100|97|90|83|87|93|73|36|4|0|0|0|0|0|0|0|0|0,28|5|0|0|0|0|0|0|0|0|0|11|16|24|47|51|59|72|99|100,6|6|6|6|5|5|4|3|3|2|2|2|2|2|2|2|2|2|2|2,0.0058|0.0062|0.0028|0.0005|-0.0011|-0.0012|-0.0073|-0.0287|-0.0459|-0.0708|-0.0939|-0.1075|-0.1268|-0.1273|-0.1161|-0.0927|-0.0789|-0.0215|-0.0049|-0.0043,-0.016;-0.015;-0.018;-0.019|-0.041;-0.041;-0.039;-0.048|-0.053;-0.054;-0.043;-0.056|-0.067;-0.069;-0.050;-0.062|-0.041;-0.042;-0.065;-0.068|-0.066;-0.066;-0.048;-0.047|-0.070;-0.068;-0.074;-0.055|-0.005;-0.009;-0.015;-0.013|-0.039;-0.031;-0.026;-0.021|-0.011;-0.020;-0.025;-0.012|-0.002;-0.010;-0.007;-0.002|0.014;-0.004;0.002;0.000|0.059;0.006;0.000;0.002|0.057;0.010;0.012;0.000|0.078;0.030;-0.005;-0.000|0.078;0.029;-0.003;-0.000|0.082;0.034;-0.003;-0.001|0.063;0.041;-0.002;-0.001|0.107;0.104;-0.002;-0.001|0.096;0.093;-0.002;-0.001,0.023|0.007|-0.005|-0.005|0.000|-0.001|-0.008|-0.032|-0.046|-0.005|-0.001|0.008|0.137|0.018|0.009|-0.002|-0.004|-0.016|-0.004|-0.001,-2.18|-3.73|-3.73|-3.63|-3.06|-2.99|-2.95|-1.08|-1.61|-1.08|-0.57|-0.32|-0.16|-0.17|0.30|0.44|0.59|0.95|1.29|1.32,0.2.9-dev
Baku_Race_Aug17_001_L3,3,False,6,6,1402.69,304,8,22983,2.026,5.097,1405.5,302,8,23016,1559.32,83,2,26499,1606.06,144,3,28049,1.9030000000000005,4.614,1565.16,86,2,26749,5066,100,100,14.4,9.4,0.0,11.0,0,0,0,0,0,0,0,0,0,0,0,False,0,0,0,False,41|43|53|55,61|82|57|68,57|73|65|74,77|82|87|89,58,95,40,50,1402|1415|1426|1436|1447|1457|1468|1478|1489|1500|1510|1521|1531|1542|1553|1563|1574|1584|1595|1606,23016|23149|23283|23433|23583|23749|23933|24133|24349|24583|24849|25166|25449|25783|26233|26716|27116|27466|27783|28049,67.2;-619.2|57.0;-614.9|47.5;-610.8|37.4;-606.5|28.2;-602.5|18.6;-598.5|8.9;-594.3|-0.9;-590.1|-10.6;-585.7|-19.7;-581.1|-28.6;-575.3|-36.8;-567.6|-42.0;-560.3|-45.6;-551.6|-46.8;-540.1|-43.5;-529.3|-38.5;-520.2|-33.2;-510.9|-27.8;-501.3|-23.0;-492.2,302|290|271|251|233|215|200|185|168|149|135|120|108|97|88|86|101|117|133|144,36|85|100|93|87|68|58|58|65|68|59|21|6|0|0|0|0|0|0|0,77|12|1|0|0|0|0|0|0|0|0|0|0|22|14|59|89|94|97|100,8|8|8|8|7|7|6|5|4|4|3|2|2|2|2|2|2|3|3|3,-0.0004|-0.0002|-0.0003|0.0001|-0.0002|-0.0006|-0.0008|-0.0055|-0.0258|-0.0575|-0.0817|-0.1582|-0.2674|-0.3039|-0.2993|-0.0489|-0.0025|0.0025|0.0119|0.0111,-0.001;-0.001;-0.010;-0.010|-0.025;-0.025;-0.025;-0.025|-0.035;-0.035;-0.034;-0.033|-0.037;-0.037;-0.034;-0.034|-0.036;-0.036;-0.033;-0.033|-0.020;-0.020;-0.025;-0.025|-0.026;-0.026;-0.021;-0.021|-0.028;-0.028;-0.023;-0.022|-0.017;-0.020;-0.058;-0.027|-0.034;-0.034;-0.056;-0.023|-0.033;-0.025;-0.040;-0.012|-0.012;-0.015;-0.089;-0.013|0.004;-0.009;-0.038;-0.007|0.055;0.009;0.008;0.001|0.047;0.003;0.003;-0.001|0.036;0.023;-0.001;-0.001|0.092;0.089;-0.002;-0.002|0.195;0.195;-0.002;-0.001|0.058;0.069;-0.001;-0.002|0.052;0.062;-0.001;-0.001,0.018|0.007|0.000|0.001|0.016|-0.006|-0.000|0.019|-0.010|0.004|0.005|-0.007|0.005|-0.002|-0.079|-0.099|0.004|-0.002|-0.002|0.000,-1.36|-3.47|-3.97|-3.71|-3.43|-2.59|-2.32|-2.28|-1.67|-1.80|-1.40|-1.14|-1.07|-0.55|-0.63|0.70|1.34|1.33|1.27|1.25,0.2.9-dev
Baku_Race_Aug17_001_L3,4,False,6,6,1684.84,200,5,29666,1.9030000000000005,4.965,1686.7,200,5,29699,1767.34,87,2,31933,1812.93,132,3,33516,1.3840000000000003,5.036,1783.6,96,2,32583,3850,100,95,0.0,0.0,0.0,8.3,0,0,0,0,0,0,0,0,0,0,0,False,0,0,0,False,52|63|65|71,64|66|71|69,61|61|72|70,77|82|86|89,58,95,40,50,1684|1692|1699|1706|1712|1719|1726|1732|1739|1746|1752|1759|1766|1772|1779|1786|1792|1799|1806|1812,29699|29816|29949|30083|30233|30416|30583|30816|31033|31299|31533|31699|31899|32149|32433|32683|32916|33133|33349|33516,8.3;-418.0|10.7;-412.0|13.4;-405.7|15.9;-399.8|18.4;-393.8|21.2;-387.1|23.4;-381.5|25.8;-374.3|27.1;-368.3|27.4;-361.3|26.5;-355.5|25.2;-351.5|23.1;-347.0|19.5;-342.2|14.2;-337.4|8.8;-333.6|3.0;-330.1|-3.0;-327.1|-9.6;-324.0|-15.1;-321.6,200|193|179|164|149|135|125|108|98|91|90|89|88|87|92|100|107|116|125|132,33|77|100|100|72|53|60|53|23|0|0|0|0|0|0|0|0|0|0|0,96|25|2|2|2|1|0|0|0|3|28|27|25|40|60|67|74|84|89|96,5|5|5|5|4|4|3|3|3|3|2|2|2|2|2|2|2|2|2|3,-0.0031|-0.0015|0.0006|0.0019|0.0032|0.0108|0.0344|0.0869|0.1170|0.1567|0.1478|0.1097|0.1091|0.0696|0.0601|0.0514|0.0360|0.0182|0.0079|0.0063,0.014;0.013;-0.015;-0.013|-0.026;-0.026;-0.035;-0.033|-0.061;-0.060;-0.036;-0.044|-0.074;-0.073;-0.064;-0.067|-0.029;-0.030;-0.038;-0.043|-0.033;-0.037;-0.024;-0.028|-0.035;-0.035;-0.029;-0.074|-0.038;-0.056;-0.023;-0.079|-0.023;-0.028;-0.011;-0.066|-0.007;0.011;0.000;0.003|0.018;0.101;0.000;0.000|0.040;0.112;0.000;0.002|0.023;0.077;0.001;0.023|0.023;0.068;-0.000;-0.003|0.024;0.047;-0.001;-0.001|0.037;0.066;-0.001;-0.002|0.042;0.064;-0.001;-0.002|0.052;0.068;-0.001;-0.002|0.051;0.059;-0.001;-0.001|0.098;0.108;-0.001;-0.002,-0.005|-0.014|0.003|-0.005|-0.004|-0.007|-0.014|-0.015|0.009|-0.001|-0.273|0.160|0.205|0.003|-0.002|0.003|0.001|0.004|0.002|-0.007,-0.20|-2.59|-3.01|-3.03|-2.55|-1.97|-2.08|-1.72|-1.20|-0.46|-0.05|-0.05|0.00|0.33|0.69|0.92|1.01|1.17|1.18|1.43,0.2.9-dev
Baku_Race_Aug17_001_L3,5,False,6,6,2006.07,238,6,37082,4.828999999999999,5.139,2003.87,238,6,37049,2112.79,101,2,39607,2126.89,103,2,40073,4.842999999999998,5.092,0.0,0.0,0,0,3024,100,33,0.0,0.0,0.0,10.8,0,0,0,0,0,0,0,0,0,0,0,False,0,0,0,False,50|51|65|65,58|69|63|70,58|70|63|71,77|82|86|89,58,95,40,50,2003|2009|2016|2022|2029|2035|2042|2048|2055|2061|2068|2074|2081|2087|2094|2100|2107|2113|2120|2126,37049|37149|37249|37349|37466|37573|37707|37857|37990|38140|38307|38523|38707|38907|39107|39257|39457|39640|39857|40073,-190.4;-245.8|-196.2;-242.7|-201.9;-239.6|-207.2;-236.6|-213.0;-233.2|-218.4;-230.0|-224.2;-226.5|-230.0;-222.6|-234.8;-219.2|-239.6;-215.3|-244.4;-210.9|-249.5;-205.2|-253.0;-200.3|-255.9;-194.7|-258.0;-189.0|-259.0;-184.7|-259.5;-179.0|-259.3;-173.8|-258.2;-167.7|-256.2;-161.9,238|236|227|214|200|188|174|163|153|144|134|122|116|110|107|105|103|101|101|103,5|54|94|100|93|88|100|97|64|62|60|41|17|1|0|0|0|0|0|0,100|69|13|6|5|2|0|0|0|0|0|0|0|0|5|13|20|27|32|32,6|6|6|6|6|5|5|4|4|3|3|3|2|2|2|2|2|2|2|2,-0.0053|-0.0050|-0.0061|-0.0089|-0.0109|-0.0156|-0.0208|-0.0344|-0.0405|-0.0442|-0.0620|-0.0858|-0.0990|-0.0904|-0.1084|-0.1229|-0.1259|-0.1123|-0.1004|-0.0272,0.019;0.017;-0.003;-0.002|-0.004;-0.004;-0.021;-0.019|-0.036;-0.035;-0.044;-0.036|-0.053;-0.052;-0.068;-0.044|-0.048;-0.047;-0.060;-0.052|-0.035;-0.036;-0.035;-0.031|-0.073;-0.073;-0.084;-0.062|-0.022;-0.024;-0.096;-0.040|-0.043;-0.044;-0.055;-0.025|0.008;-0.006;-0.067;-0.020|-0.048;-0.039;-0.093;-0.017|0.002;-0.011;-0.105;-0.020|-0.012;-0.015;-0.043;-0.008|0.002;-0.008;-0.003;-0.000|0.009;-0.005;0.003;0.000|0.028;-0.002;0.003;0.000|0.029;0.004;0.005;0.000|0.039;0.006;0.001;-0.000|0.041;0.009;-0.001;-0.000|0.017;0.008;-0.001;0.000,0.002|0.021|0.016|0.008|0.006|0.004|0.006|-0.013|0.018|-0.014|0.006|-0.007|-0.001|-0.005|-0.069|-0.055|-0.069|-0.059|-0.003|-0.068,0.39|-1.42|-3.35|-3.67|-3.28|-2.66|-2.97|-1.81|-2.25|-0.61|-2.01|-1.35|-0.95|-0.50|-0.35|-0.42|-0.15|-0.07|0.09|0.26,0.2.9-dev
Baku_Race_Aug17_001_L3,6,False,6,6,0.0,0.0,0,0,4.842999999999998,5.092,2127.84,103,2,40107,2169.54,87,2,41490,2210.24,132,3,42907,4.996,5.037,2181.16,93,2,41973,2800,0,100,0.0,0.0,0.0,1.2,0,0,0,0,0,0,0,0,0,0,0,False,0,0,0,False,58|70|62|70,70|69|66|68,66|64|69|70,77|82|86|88,58,95,40,50,2127|2131|2136|2140|2144|2149|2153|2157|2162|2166|2170|2175|2179|2183|2188|2192|2196|2201|2205|2210,40107|40257|40407|40557|40723|40873|40973|41073|41223|41390|41573|41757|41923|42090|42240|42407|42523|42657|42790|42907,-255.9;-161.0|-254.3;-157.0|-252.8;-152.9|-251.6;-148.7|-250.8;-144.0|-250.5;-139.8|-250.5;-137.1|-250.8;-134.5|-251.6;-130.8|-253.0;-127.0|-255.2;-123.1|-257.9;-119.5|-260.8;-116.5|-264.2;-113.7|-267.5;-111.1|-271.5;-108.3|-274.5;-106.2|-278.1;-103.7|-281.9;-101.0|-285.4;-98.6,103|104|104|104|102|98|95|92|88|87|88|89|91|97|103|110|115|121|127|132,0|0|0|0|0|0|0|0|0|0|0|0|0|0|0|0|0|0|0|0,32|28|26|13|0|0|0|0|24|40|42|43|60|71|81|85|85|88|99|100,2|2|2|2|2|2|2|2|2|2|2|2|2|2|2|2|2|2|2|3,-0.0173|0.0416|0.0765|0.0997|0.1861|0.2566|0.2998|0.3183|0.2849|0.1974|0.1620|0.1353|0.0516|0.0270|0.0256|0.0079|-0.0003|-0.0030|-0.0020|-0.0004,0.013;0.009;-0.001;0.000|0.005;0.012;-0.000;-0.000|0.003;0.018;-0.000;-0.000|-0.003;0.016;-0.000;0.001|-0.008;0.007;0.001;0.005|-0.007;0.021;0.002;0.009|-0.005;0.024;0.002;0.012|-0.004;0.028;0.003;0.011|0.012;0.071;0.001;0.005|0.025;0.092;-0.000;-0.001|0.025;0.092;-0.000;-0.001|0.025;0.090;-0.000;-0.002|0.039;0.085;-0.000;-0.003|0.042;0.062;-0.001;-0.002|0.059;0.073;-0.001;-0.002|0.075;0.074;-0.001;-0.002|0.068;0.065;-0.001;-0.002|0.060;0.058;-0.001;-0.001|0.072;0.069;-0.001;-0.001|0.163;0.163;-0.002;-0.001,-0.056|-0.032|-0.009|-0.020|-0.043|-0.033|-0.002|-0.006|0.004|0.009|0.001|0.008|0.012|0.014|-0.006|0.010|-0.001|-0.001|-0.004|-0.010,0.25|0.14|0.06|-0.16|-0.56|-0.68|-0.80|-0.79|-0.43|0.07|0.17|0.26|0.73|1.01|1.14|1.24|1.26|1.23|1.31|1.41,0.2.9-dev
Baku_Race_Aug17_001_L3,7,False,6,6,2450.01,259,7,47073,4.863999999999999,5.121,2452.41,258,7,47106,2567.62,74,2,50140,2636.44,156,3,52490,5.1019999999999985,5.04,2580.5,81,2,50756,5417,100,100,2.5,0.0,0.0,7.9,0,0,0,0,0,0,0,0,0,0,0,False,0,0,0,False,49|49|64|65,70|61|68|64,62|56|74|72,77|81|86|88,58,95,40,50,2450|2461|2471|2481|2490|2500|2510|2519|2529|2539|2548|2558|2568|2577|2587|2597|2606|2616|2626|2636,47106|47256|47390|47556|47740|47940|48173|48423|48723|49106|49406|49756|50173|50640|51056|51406|51723|52006|52256|52490,-479.8;45.7|-488.2;52.0|-495.1;57.2|-502.9;63.2|-510.7;69.2|-518.2;75.1|-525.9;81.0|-533.2;86.6|-541.1;91.9|-550.7;96.1|-558.1;97.3|-566.2;96.3|-574.2;92.3|-580.6;84.9|-584.8;76.1|-587.7;67.0|-590.2;57.4|-592.5;47.7|-594.6;38.2|-596.8;28.7,258|243|225|203|181|160|141|123|104|93|87|80|74|79|91|105|119|133|145|156,33|100|100|100|100|100|91|81|55|1|0|0|0|0|0|0|0|0|0|0,100|13|0|0|0|0|0|0|0|0|0|0|25|57|72|83|96|100|100|100,7|7|7|7|6|5|4|3|2|2|2|2|2|2|2|2|2|3|3|3,-0.0011|-0.0012|-0.0021|-0.0015|-0.0017|-0.0010|0.0048|0.0282|0.0836|0.1607|0.1951|0.2071|0.2053|0.0960|0.0540|0.0159|0.0039|0.0003|-0.0033|-0.0066,0.007;0.007;-0.011;-0.011|-0.038;-0.038;-0.041;-0.039|-0.050;-0.049;-0.047;-0.043|-0.054;-0.053;-0.060;-0.052|-0.074;-0.077;-0.069;-0.065|-0.063;-0.062;-0.067;-0.064|-0.037;-0.034;-0.077;-0.075|0.019;0.026;-0.023;-0.032|-0.026;-0.036;-0.007;-0.019|-0.009;0.007;-0.000;-0.001|-0.007;0.015;0.001;0.015|-0.008;0.017;0.000;0.003|0.007;0.075;0.000;0.001|0.020;0.056;-0.001;-0.001|0.044;0.079;-0.001;-0.002|0.065;0.082;-0.001;-0.002|0.092;0.101;-0.001;-0.002|0.149;0.154;-0.001;-0.002|0.061;0.060;-0.001;-0.001|0.048;0.044;-0.001;-0.001,0.016|0.001|0.006|0.001|0.005|0.006|0.034|-0.081|-0.022|0.008|0.078|0.008|-0.003|-0.007|-0.005|-0.010|-0.005|0.001|-0.007|-0.005,-0.61|-3.76|-3.79|-3.62|-3.43|-3.05|-2.41|-0.52|-1.47|-0.52|-0.49|-0.52|-0.15|0.56|0.98|1.22|1.35|1.41|1.32|1.17,0.2.9-dev
Baku_Race_Aug17_001_L3,8,False,6,6,2700.93,202,5,53773,5.030999999999999,5.098,2703.75,202,5,53823,2750.53,117,2,54923,2751.04,117,2,54940,5.062000000000001,5.098,0.0,0.0,0,0,1167,100,1,0.3,0.0,0.0,4.2,0,0,0,0,0,0,0,0,0,0,0,False,0,0,0,False,57|52|72|71,61|61|69|71,61|61|69|71,78|81|86|88,58,95,40,50,2700|2705|2708|2710|2713|2715|2718|2720|2723|2725|2728|2730|2733|2735|2738|2740|2743|2745|2748|2751,53823|53873|53940|53956|54006|54056|54106|54173|54223|54273|54323|54390|54456|54506|54573|54640|54706|54790|54856|54940,-615.0;-36.2|-615.7;-38.9|-616.7;-42.3|-616.9;-43.2|-617.6;-45.6|-618.3;-48.0|-619.0;-50.4|-619.9;-53.4|-620.6;-55.6|-621.3;-57.7|-622.0;-59.7|-622.9;-62.4|-623.9;-65.0|-624.7;-66.8|-625.7;-69.2|-626.8;-71.5|-627.8;-73.6|-629.3;-76.2|-630.5;-78.1|-632.0;-80.4,202|198|190|188|182|177|172|166|162|159|154|149|146|142|137|132|128|124|121|117,44|81|100|100|100|100|100|100|100|100|100|100|100|100|100|100|92|74|58|38,71|22|8|7|6|5|5|3|2|2|2|1|1|1|0|0|0|0|0|0,5|5|5|5|5|5|4|4|4|4|4|3|3|3|3|3|2|2|2|2,-0.0019|-0.0028|-0.0043|-0.0049|-0.0077|-0.0121|-0.0165|-0.0220|-0.0245|-0.0269|-0.0315|-0.0382|-0.0459|-0.0516|-0.0607|-0.0711|-0.0828|-0.0938|-0.1014|-0.0974,0.002;0.001;-0.018;-0.017|-0.027;-0.027;-0.037;-0.035|-0.058;-0.057;-0.073;-0.063|-0.063;-0.062;-0.081;-0.067|-0.060;-0.058;-0.055;-0.052|-0.040;-0.038;-0.041;-0.039|-0.007;-0.009;-0.075;-0.050|-0.030;-0.027;-0.005;-0.016|-0.043;-0.043;-0.071;-0.048|-0.034;-0.033;-0.023;-0.026|-0.045;-0.037;-0.029;-0.010|-0.018;-0.023;-0.078;-0.028|-0.031;-0.034;-0.067;-0.038|-0.033;-0.036;-0.026;-0.026|-0.046;-0.039;-0.025;-0.027|-0.049;-0.048;-0.036;-0.030|-0.101;-0.089;-0.051;-0.021|-0.008;-0.022;-0.074;-0.027|-0.018;-0.029;-0.065;-0.023|-0.017;-0.028;-0.058;-0.016,0.001|0.006|-0.002|-0.004|-0.019|-0.020|-0.030|-0.035|0.017|-0.039|0.016|0.017|-0.004|-0.030|-0.038|-0.032|-0.008|-0.006|0.007|0.004,-0.92|-2.70|-3.42|-3.42|-3.12|-2.93|-2.21|-1.88|-2.60|-1.98|-2.43|-2.26|-2.06|-1.81|-1.80|-1.87|-1.82|-1.27|-1.46|-1.26,0.2.9-dev
Baku_Race_Aug17_001_L3,9,False,6,6,2751.56,116,2,54956,5.062000000000001,5.098,2752.06,115,2,54973,2768.73,103,2,55440,2777.4,108,2,55740,5.131000000000002,5.055,2775.32,106,2,55673,784,34,69,0.0,0.0,0.0,1.9,0,0,0,0,0,0,0,0,0,0,0,False,0,0,0,False,61|61|69|71,62|66|68|74,62|66|69|75,78|81|85|88,58,95,40,50,2751|2753|2754|2755|2756|2758|2759|2760|2762|2763|2764|2766|2767|2768|2770|2771|2772|2774|2775|2777,54973|55006|55056|55090|55140|55173|55223|55240|55256|55290|55323|55373|55406|55456|55506|55540|55590|55640|55690|55740,-632.7;-81.2|-633.3;-82.1|-634.3;-83.3|-635.0;-84.1|-636.0;-85.2|-636.7;-85.9|-637.8;-86.9|-638.2;-87.3|-638.5;-87.6|-639.3;-88.2|-640.1;-88.8|-641.2;-89.7|-642.0;-90.3|-643.2;-91.0|-644.5;-91.7|-645.3;-92.2|-646.7;-92.8|-648.0;-93.4|-649.4;-93.9|-650.8;-94.4,115|113|111|110|109|108|107|106|106|105|105|104|104|103|104|104|104|106|107|108,31|26|15|10|3|0|0|0|0|0|0|0|0|0|0|0|0|0|0|0,0|0|0|0|0|3|10|14|16|22|28|35|36|40|46|50|55|62|67|73,2|2|2|2|2|2|2|2|2|2|2|2|2|2|2|2|2|2|2|2,-0.0909|-0.0880|-0.0906|-0.1022|-0.1248|-0.1436|-0.1615|-0.1632|-0.1643|-0.1630|-0.1583|-0.1414|-0.1237|-0.0889|-0.0541|-0.0388|-0.0258|-0.0133|0.0011|0.0140,-0.021;-0.027;-0.097;-0.015|-0.026;-0.022;-0.091;-0.011|-0.018;-0.018;-0.046;-0.006|-0.010;-0.014;-0.026;-0.004|-0.001;-0.010;-0.009;-0.002|0.007;-0.007;0.002;0.001|0.019;-0.003;0.004;0.001|0.028;-0.003;0.004;0.001|0.035;-0.000;0.004;0.001|0.052;0.004;0.002;0.000|0.071;0.010;0.002;0.000|0.096;0.019;0.001;-0.000|0.108;0.024;0.001;0.000|0.109;0.026;0.000;0.000|0.098;0.029;-0.001;0.000|0.085;0.029;-0.002;0.000|0.055;0.024;-0.004;-0.000|0.034;0.023;-0.003;-0.000|0.029;0.029;-0.001;-0.001|0.032;0.038;-0.001;-0.001,0.024|0.009|-0.015|-0.023|-0.017|-0.022|-0.036|-0.048|-0.045|-0.096|-0.148|-0.192|-0.227|-0.278|-0.266|-0.251|-0.179|-0.088|-0.040|-0.043,-1.35|-1.28|-1.02|-0.87|-0.71|-0.62|-0.54|-0.55|-0.50|-0.47|-0.42|-0.25|-0.10|0.08|0.30|0.42|0.59|0.74|0.81|0.90,0.2.9-dev
Baku_Race_Aug17_001_L3,10,False,6,6,0.0,0.0,0,0,5.131000000000002,5.055,2778.46,110,2,55773,2812.27,131,2,56723,2812.89,131,2,56740,5.287000000000001,5.055,2789.48,123,2,56106,967,0,84,0.0,0.0,0.0,0.9,0,0,0,0,0,0,0,0,0,0,0,False,0,0,0,False,61|66|69|75,59|65|68|74,59|65|68|74,78|81|85|88,58,95,40,50,2778|2779|2781|2783|2785|2786|2788|2790|2792|2794|2796|2798|2799|2801|2803|2805|2807|2809|2810|2812,55773|55823|55873|55940|55990|56040|56090|56156|56223|56256|56306|56356|56423|56456|56506|56556|56606|56656|56690|56740,-651.7;-94.8|-653.2;-95.4|-654.6;-95.9|-656.6;-96.7|-658.1;-97.3|-659.6;-97.9|-661.2;-98.5|-663.4;-99.4|-665.5;-100.2|-666.7;-100.6|-668.3;-101.1|-670.1;-101.6|-672.4;-102.3|-673.5;-102.6|-675.3;-103.0|-677.0;-103.3|-678.8;-103.6|-680.6;-103.9|-681.8;-104.0|-683.6;-104.2,110|111|113|116|119|121|123|125|127|128|129|129|130|130|130|131|131|131|131|131,0|0|0|0|0|0|0|0|0|0|0|0|0|0|0|0|0|0|0|0,78|83|90|92|92|89|86|80|72|65|57|53|53|53|53|53|51|40|29|16,2|2|2|2|2|2|2|2|2|2|2|2|2|2|2|2|2|2|2|2,0.0143|0.0127|0.0133|0.0075|-0.0015|-0.0114|-0.0171|-0.0281|-0.0407|-0.0475|-0.0541|-0.0580|-0.0613|-0.0623|-0.0636|-0.0635|-0.0621|-0.0588|-0.0539|-0.0471,0.037;0.045;-0.001;-0.001|0.045;0.054;-0.001;-0.001|0.052;0.064;-0.001;-0.001|0.061;0.071;-0.001;-0.001|0.062;0.066;-0.001;-0.001|0.062;0.056;-0.001;-0.001|0.058;0.046;-0.001;-0.001|0.050;0.035;-0.001;-0.001|0.044;0.026;-0.001;-0.001|0.040;0.022;-0.001;-0.001|0.033;0.016;-0.000;-0.000|0.030;0.013;-0.000;-0.000|0.031;0.012;-0.000;-0.000|0.032;0.012;-0.000;-0.000|0.033;0.013;-0.000;-0.000|0.034;0.013;-0.000;-0.000|0.034;0.013;-0.001;-0.000|0.027;0.009;-0.001;-0.000|0.020;0.005;-0.000;0.000|0.015;0.001;0.000;0.000,-0.043|-0.040|-0.043|-0.046|-0.042|-0.041|-0.037|-0.036|-0.025|-0.026|-0.032|-0.036|-0.043|-0.054|-0.053|-0.043|0.005|0.087|0.122|0.149,1.00|1.12|1.20|1.27|1.28|1.23|1.12|0.95|0.72|0.60|0.37|0.25|0.19|0.21|0.20|0.19|0.19|0.08|-0.08|-0.22,0.2.9-dev
Baku_Race_Aug17_001_L3,11,False,6,6,2816.49,129,2,56840,5.287000000000001,5.055,2815.3,130,2,56806,2862.3,99,2,58206,2889.06,114,2,59106,5.2269999999999985,5.092,0.0,0.0,0,0,2300,14,62,0.0,0.0,0.0,2.2,0,0,0,0,0,0,0,0,0,0,0,False,0,0,0,False,59|65|68|74,68|63|70|71,70|61|71|70,78|81|85|88,58,95,40,50,2815|2818|2822|2826|2830|2834|2838|2841|2845|2849|2853|2857|2861|2865|2869|2872|2876|2880|2884|2889,56806|56906|57023|57123|57240|57373|57490|57623|57740|57856|57956|58073|58190|58306|58440|58573|58706|58840|58973|59106,-686.0;-104.4|-689.6;-104.6|-693.6;-104.8|-697.1;-105.0|-700.9;-105.4|-705.2;-106.1|-708.8;-107.0|-712.8;-108.2|-716.1;-109.5|-719.2;-111.0|-721.7;-112.5|-724.5;-114.3|-727.0;-116.3|-729.4;-118.5|-731.9;-121.3|-734.1;-124.3|-736.1;-127.5|-737.8;-131.0|-739.4;-134.7|-741.0;-138.6,130|127|124|122|118|115|113|110|108|105|103|101|100|99|100|101|104|106|110|114,7|12|13|14|9|3|0|0|0|0|0|0|0|0|0|0|0|0|0|0,9|3|2|0|0|0|0|0|0|0|3|23|33|39|45|48|51|55|61|62,2|2|2|2|2|2|2|2|2|2|2|2|2|2|2|2|2|2|2|2,-0.0293|0.0030|0.0307|0.0636|0.0857|0.0936|0.1090|0.1296|0.1598|0.1784|0.1872|0.1881|0.1819|0.1640|0.1325|0.1095|0.0747|0.0523|0.0253|-0.0107,0.006;-0.005;-0.006;-0.003|-0.011;-0.007;-0.007;-0.005|-0.010;-0.008;-0.006;-0.009|-0.012;-0.009;-0.006;-0.017|-0.012;-0.007;-0.004;-0.019|-0.009;-0.001;-0.001;-0.006|-0.009;0.003;0.000;0.001|-0.007;0.009;0.001;0.004|-0.007;0.010;0.002;0.006|-0.007;0.012;0.001;0.008|-0.006;0.012;0.001;0.007|0.009;0.049;0.001;0.006|0.021;0.070;-0.000;0.003|0.024;0.076;-0.000;-0.001|0.024;0.072;-0.000;-0.004|0.024;0.068;-0.000;-0.005|0.024;0.058;-0.000;-0.004|0.023;0.042;-0.001;-0.002|0.027;0.034;-0.001;-0.001|0.031;0.026;-0.001;-0.001,0.104|0.060|0.067|0.071|0.085|0.107|0.100|0.107|0.121|0.106|0.113|0.090|0.055|0.009|0.002|-0.003|-0.013|-0.034|-0.044|-0.075,-0.44|-0.69|-0.74|-0.81|-0.72|-0.54|-0.52|-0.50|-0.51|-0.57|-0.58|-0.33|-0.09|0.12|0.30|0.41|0.56|0.67|0.77|0.76,0.2.9-dev
Baku_Race_Aug17_001_L3,12,False,6,6,0.0,0.0,0,0,5.2269999999999985,5.092,2889.59,114,2,59123,2936.94,102,2,60540,2990.23,149,3,62156,5.127000000000001,4.941,2952.78,110,2,61106,3033,0,100,0.0,0.0,0.0,1.1,0,0,0,0,0,0,0,0,0,0,0,False,0,0,0,False,70|61|70|70,68|72|68|73,62|68|71|76,78|81|85|88,58,95,40,50,2889|2894|2900|2905|2910|2915|2921|2926|2931|2937|2942|2947|2952|2958|2963|2968|2974|2979|2984|2990,59123|59290|59456|59640|59823|59956|60090|60206|60356|60573|60773|60940|61140|61290|61456|61606|61756|61890|62023|62156,-741.2;-139.0|-743.3;-144.0|-745.9;-148.6|-749.2;-153.2|-753.0;-157.2|-756.1;-159.6|-759.3;-161.8|-762.2;-163.4|-766.1;-165.0|-772.1;-166.6|-777.8;-167.2|-782.7;-167.2|-788.7;-166.4|-793.3;-165.4|-798.6;-164.0|-803.6;-162.6|-808.8;-161.1|-813.5;-159.7|-818.5;-158.2|-823.7;-156.5,114|115|113|109|107|105|103|102|101|102|105|107|111|115|121|126|132|137|143|149,0|0|0|0|0|0|0|0|0|0|0|0|0|0|0|0|0|0|0|0,61|4|0|12|20|8|17|30|41|51|53|60|67|73|80|83|89|96|99|100,2|2|2|2|2|2|2|2|2|2|2|2|2|2|2|2|2|3|3|3,-0.0168|-0.0833|-0.1189|-0.1148|-0.1075|-0.1176|-0.1321|-0.1326|-0.1328|-0.1158|-0.0934|-0.0744|-0.0434|-0.0069|-0.0061|-0.0074|-0.0070|-0.0059|-0.0065|-0.0059,0.032;0.024;-0.001;-0.001|0.006;-0.004;0.001;-0.000|0.007;-0.007;0.002;0.000|0.021;-0.005;0.002;0.000|0.031;0.003;0.001;0.000|0.032;-0.002;0.001;0.001|0.036;0.001;0.002;0.000|0.060;0.012;0.015;0.000|0.061;0.019;-0.001;0.000|0.084;0.030;-0.002;-0.000|0.083;0.032;-0.002;-0.000|0.087;0.039;-0.003;-0.001|0.080;0.042;-0.003;-0.001|0.054;0.041;-0.002;-0.001|0.046;0.043;-0.001;-0.001|0.048;0.043;-0.001;-0.001|0.050;0.049;-0.001;-0.001|0.115;0.112;-0.001;-0.001|0.081;0.076;-0.001;-0.001|0.065;0.062;-0.001;-0.001,-0.092|-0.090|-0.086|-0.069|-0.060|-0.293|-0.060|0.033|0.033|-0.019|-0.021|-0.019|-0.018|-0.017|-0.004|0.002|-0.004|-0.002|-0.003|-0.004,0.74|-0.25|-0.49|-0.42|-0.18|-0.45|-0.34|-0.30|0.11|0.31|0.36|0.53|0.72|0.96|0.98|1.02|1.01|1.30|1.25|1.20,0.2.9-dev
Baku_Race_Aug17_001_L3,13,True,6,6,0.0,0.0,0,0,5.151999999999999,4.924,3233.26,269,7,66173,3331.98,275,7,67457,3396.56,281,7,68290,5.214,4.759,3333.29,275,7,67474,2117,0,100,13.5,11.5,0.0,1.9,0,0,0,0,0,0,0,0,0,0,0,False,0,0,0,False,48|51|66|69,55|68|69|78,56|70|69|80,77|81|85|88,58,95,40,50,3233|3240|3249|3257|3266|3275|3283|3292|3300|3309|3318|3326|3335|3344|3352|3361|3369|3378|3387|3396,66173|66273|66390|66507|66640|66740|66840|66957|67074|67190|67290|67407|67507|67624|67724|67840|67957|68074|68174|68290,-1044.8;-54.8|-1051.3;-51.0|-1058.8;-46.4|-1066.3;-41.6|-1074.6;-35.9|-1080.7;-31.3|-1086.7;-26.5|-1093.4;-20.6|-1099.7;-14.3|-1105.7;-7.7|-1110.6;-1.8|-1116.1;5.3|-1120.4;11.6|-1125.2;19.2|-1128.9;25.8|-1133.0;33.8|-1136.7;42.0|-1140.2;50.3|-1143.0;57.5|-1146.3;66.0,269|271|272|273|274|275|275|275|275|275|275|275|275|275|276|276|277|278|279|281,0|0|0|0|0|0|0|0|0|0|0|0|0|0|0|0|0|0|0|0,100|100|100|100|100|100|100|100|100|100|100|100|100|100|100|100|100|100|100|100,7|7|7|7|7|7|7|7|7|7|7|7|7|7|7|7|7|7|7|7,-0.0086|-0.0117|-0.0153|-0.0198|-0.0266|-0.0316|-0.0349|-0.0343|-0.0338|-0.0354|-0.0386|-0.0434|-0.0322|-0.0256|-0.0262|-0.0247|-0.0139|-0.0043|-0.0034|-0.0049,0.020;0.018;-0.000;-0.000|0.020;0.017;-0.000;-0.000|0.021;0.017;-0.000;-0.000|0.023;0.017;-0.000;-0.000|0.024;0.017;-0.000;-0.000|0.026;0.017;-0.000;-0.000|0.027;0.017;-0.000;-0.000|0.028;0.017;-0.000;-0.000|0.028;0.017;-0.000;-0.000|0.027;0.017;-0.000;-0.000|0.033;0.022;-0.001;-0.000|0.032;0.020;-0.000;-0.000|0.026;0.016;-0.000;-0.000|0.027;0.018;-0.000;-0.000|0.026;0.018;-0.000;-0.000|0.024;0.017;-0.000;-0.000|0.022;0.017;-0.001;-0.000|0.019;0.017;-0.001;-0.000|0.018;0.017;-0.000;-0.000|0.018;0.017;-0.000;-0.000,0.016|0.017|0.017|0.023|0.015|0.017|0.010|-0.004|-0.008|0.003|0.082|0.005|-0.022|0.006|0.000|-0.004|-0.024|-0.035|-0.018|0.000,0.37|0.36|0.33|0.30|0.25|0.20|0.17|0.15|0.15|0.15|0.15|0.19|0.16|0.21|0.23|0.24|0.28|0.33|0.33|0.33,0.2.9-dev
Baku_Race_Aug17_001_L3,14,False,6,6,0.0,0.0,0,0,5.214,4.759,3425.29,285,7,68657,3550.24,295,7,70191,3579.05,297,7,70541,5.254000000000001,4.596,3545.93,295,7,70141,1884,0,100,2.8,0.0,0.0,0.0,0,0,0,0,0,0,0,0,0,0,0,False,0,0,0,False,55|67|67|78,53|63|63|74,53|62|63|74,77|82|86|89,58,95,40,50,3425|3431|3439|3447|3455|3463|3471|3479|3488|3496|3504|3512|3520|3528|3536|3545|3553|3561|3569|3579,68657|68741|68841|68941|69041|69141|69257|69357|69457|69557|69657|69774|69857|69957|70041|70141|70241|70341|70441|70541,-1156.0;93.2|-1158.1;99.4|-1160.6;107.0|-1162.9;114.6|-1165.1;122.3|-1167.2;130.1|-1169.4;139.2|-1171.1;147.1|-1172.7;155.0|-1174.2;163.0|-1175.5;171.0|-1176.9;180.4|-1177.8;187.2|-1178.7;195.3|-1179.3;202.1|-1179.9;210.3|-1180.2;218.5|-1180.3;226.7|-1180.2;235.0|-1180.0;243.2,285|285|286|287|288|289|290|290|291|292|293|293|294|294|295|295|295|296|296|297,0|0|0|0|0|0|0|0|0|0|0|0|0|0|0|0|0|0|0|0,100|100|100|100|100|100|100|100|100|100|100|100|100|100|100|100|100|100|100|100,7|7|7|7|7|7|7|7|7|7|7|7|7|7|7|7|7|7|7|7,-0.0074|-0.0087|-0.0100|-0.0111|-0.0132|-0.0142|-0.0111|-0.0087|-0.0083|-0.0095|-0.0109|-0.0114|-0.0129|-0.0171|-0.0184|-0.0178|-0.0129|-0.0103|-0.0067|0.0022,0.018;0.016;-0.000;-0.000|0.018;0.016;-0.000;-0.000|0.018;0.015;-0.000;-0.000|0.018;0.015;-0.000;-0.000|0.018;0.015;-0.000;-0.000|0.019;0.015;-0.000;-0.000|0.018;0.015;-0.000;-0.000|0.018;0.015;-0.000;-0.000|0.017;0.015;-0.000;-0.000|0.017;0.015;-0.000;-0.000|0.017;0.015;-0.000;-0.000|0.018;0.015;-0.000;-0.000|0.018;0.015;-0.000;-0.000|0.020;0.015;-0.000;-0.000|0.020;0.015;-0.000;-0.000|0.019;0.014;-0.000;-0.000|0.019;0.015;-0.000;-0.000|0.018;0.015;-0.000;-0.000|0.017;0.015;-0.000;-0.000|0.016;0.015;-0.000;-0.000,0.006|0.008|0.008|0.007|0.011|0.006|-0.005|-0.010|-0.006|0.003|0.005|0.002|0.006|0.017|0.009|0.001|-0.014|-0.016|-0.020|-0.035,0.29|0.28|0.27|0.26|0.24|0.23|0.22|0.23|0.23|0.22|0.21|0.20|0.19|0.16|0.17|0.14|0.16|0.17|0.19|0.20,0.2.9-dev
Baku_Race_Aug17_001_L3,15,False,6,6,3640.11,301,7,71274,5.301,4.596,3645.67,299,7,71341,3773.77,101,2,73975,3817.65,143,3,75342,5.346,4.25,3789.26,109,2,74525,4068,100,100,1.4,0.0,0.0,0.4,0,0,0,0,0,0,0,0,0,0,0,False,0,0,0,False,50|58|61|69,60|70|62|69,57|68|65|72,78|82|86|89,58,95,40,50,3640|3653|3662|3671|3680|3690|3699|3708|3717|3726|3735|3744|3753|3762|3771|3780|3789|3798|3807|3817,71341|71441|71558|71691|71825|71958|72108|72275|72458|72658|72875|73108|73375|73675|73908|74225|74558|74842|75092|75342,-1178.9;309.9|-1178.9;318.1|-1178.9;327.2|-1178.9;337.0|-1178.8;346.2|-1178.7;354.7|-1178.6;363.6|-1178.5;372.8|-1178.4;381.9|-1178.2;391.0|-1178.0;399.9|-1177.5;408.5|-1176.0;417.2|-1173.0;425.7|-1169.7;431.6|-1164.2;438.6|-1156.8;444.9|-1149.1;449.7|-1141.4;453.8|-1133.0;458.2,299|289|274|256|238|223|205|188|172|155|140|126|112|105|102|102|110|120|131|143,47|81|100|97|96|88|85|85|100|96|94|83|27|0|0|0|0|0|0|0,76|20|8|3|0|0|0|0|0|0|0|0|0|0|16|47|67|85|90|100,7|7|7|7|6|6|5|5|4|4|3|2|2|2|2|2|2|2|2|3,-0.0025|-0.0016|-0.0011|-0.0006|-0.0006|-0.0016|0.0008|0.0013|0.0006|-0.0029|-0.0212|-0.0546|-0.0727|-0.1298|-0.1513|-0.1232|-0.0438|-0.0204|-0.0028|0.0053,-0.003;-0.003;-0.013;-0.013|-0.023;-0.023;-0.024;-0.023|-0.034;-0.034;-0.035;-0.033|-0.041;-0.041;-0.041;-0.039|-0.034;-0.034;-0.050;-0.046|-0.057;-0.057;-0.045;-0.040|-0.028;-0.028;-0.039;-0.037|-0.048;-0.046;-0.047;-0.057|-0.030;-0.032;-0.075;-0.089|-0.059;-0.062;-0.060;-0.075|-0.044;-0.040;-0.021;-0.030|-0.018;-0.024;-0.033;-0.024|-0.020;-0.020;-0.048;-0.009|0.005;-0.008;0.001;-0.000|0.017;-0.002;0.021;0.001|0.065;0.023;-0.004;-0.001|0.067;0.037;-0.003;-0.001|0.062;0.048;-0.002;-0.001|0.050;0.048;-0.001;-0.001|0.093;0.101;-0.002;-0.002,0.009|0.002|-0.003|-0.003|-0.007|-0.008|-0.009|-0.018|-0.008|0.002|0.051|0.010|0.015|0.070|-0.135|0.019|0.010|0.002|0.012|-0.007,-1.58|-3.27|-3.92|-3.80|-3.56|-3.39|-3.11|-3.10|-2.31|-2.74|-1.81|-1.43|-1.26|-0.48|-0.22|0.40|0.91|1.19|1.17|1.53,0.2.9-dev
Baku_Race_Aug17_001_L3,16,False,6,6,4024.72,257,6,78876,5.224,4.297,4025.91,257,6,78893,4127.81,111,2,81074,4210.0,169,3,83291,5.334,4.234,4151.64,118,2,81791,4415,100,100,4.2,2.1,0.0,1.5,0,0,0,0,0,0,0,0,0,0,0,False,0,0,0,False,47|52|62|65,58|71|63|72,54|69|66|75,77|82|85|89,58,95,40,50,4024|4035|4045|4054|4064|4074|4083|4093|4103|4112|4122|4132|4141|4151|4161|4170|4180|4190|4199|4209,78893|79043|79193|79343|79509|79710|79924|80157|80424|80691|80957|81224|81474|81791|82091|82358|82608|82858|83075|83291,-949.9;556.3|-940.7;561.4|-932.0;566.2|-924.1;570.4|-915.9;574.7|-907.0;579.1|-898.1;582.9|-889.0;585.8|-879.2;587.6|-870.0;587.8|-861.4;586.6|-853.6;583.8|-846.9;580.0|-839.1;573.4|-832.6;565.7|-827.4;557.6|-823.2;549.0|-819.2;539.5|-815.9;530.6|-812.6;521.2,257|246|226|208|188|170|154|140|129|120|114|111|112|118|126|133|142|153|161|169,22|86|100|94|98|97|83|61|28|1|0|0|0|0|0|0|0|0|0|0,100|8|0|0|0|0|0|0|0|0|11|44|50|65|78|81|91|100|100|100,6|6|6|5|5|4|3|3|2|2|2|2|2|2|2|2|3|3|3|3,-0.0015|-0.0030|-0.0042|-0.0056|-0.0099|-0.0290|-0.0514|-0.0630|-0.0781|-0.1052|-0.1437|-0.1413|-0.0993|-0.0612|-0.0510|-0.0406|-0.0230|-0.0063|-0.0049|0.0010,0.011;0.010;-0.007;-0.007|-0.030;-0.030;-0.030;-0.029|-0.047;-0.046;-0.047;-0.040|-0.014;-0.014;-0.055;-0.042|-0.070;-0.069;-0.082;-0.051|-0.031;-0.032;-0.043;-0.031|-0.064;-0.059;-0.019;-0.018|-0.031;-0.025;-0.024;-0.015|-0.010;-0.020;-0.056;-0.012|0.007;-0.008;-0.000;-0.000|0.022;-0.005;0.042;0.001|0.062;0.023;-0.000;-0.000|0.061;0.022;-0.002;-0.001|0.062;0.029;-0.003;-0.001|0.066;0.037;-0.002;-0.001|0.059;0.034;-0.002;-0.001|0.131;0.121;-0.004;-0.001|0.055;0.046;-0.001;-0.001|0.049;0.040;-0.001;-0.001|0.036;0.036;-0.001;-0.001,0.003|0.004|0.002|0.021|0.005|-0.001|0.025|0.011|-0.036|0.078|0.108|-0.005|-0.001|0.019|0.007|0.004|0.047|0.005|-0.145|0.011,-0.25|-3.30|-3.75|-2.79|-3.38|-2.29|-1.71|-1.39|-1.08|-0.60|-0.69|0.10|0.32|0.66|0.86|0.84|1.42|1.21|1.07|0.99,0.2.9-dev
Baku_Race_Aug17_001_L3,17,True,6,6,0.0,0.0,0,0,5.339999999999998,4.234,4269.39,213,5,84408,4330.56,233,6,85375,4375.22,247,6,86042,5.336,4.311,4332.79,234,6,85408,1634,0,100,4.5,3.7,0.0,1.5,0,0,0,0,0,0,0,0,0,0,0,False,0,0,0,False,51|63|68|74,57|61|71|74,58|60|73|73,77|82|85|89,58,95,40,50,4269|4274|4279|4285|4290|4296|4302|4307|4313|4318|4324|4329|4335|4340|4346|4351|4357|4362|4368|4375,84408|84492|84592|84675|84775|84858|84958|85058|85125|85208|85308|85375|85458|85542|85625|85708|85792|85875|85959|86042,-789.2;466.5|-786.9;462.1|-784.1;456.7|-781.7;452.2|-778.8;446.8|-776.3;442.2|-773.2;436.7|-770.1;431.2|-767.8;427.5|-764.9;423.0|-761.1;417.8|-758.4;414.4|-754.9;410.3|-751.2;406.3|-747.4;402.4|-743.4;398.5|-739.4;394.7|-735.2;390.9|-731.0;387.2|-726.7;383.5,213|216|218|221|223|225|228|230|231|232|233|233|234|236|237|239|241|242|245|247,0|0|0|0|0|0|0|0|0|0|0|0|0|0|0|0|0|0|0|0,100|100|100|100|100|100|100|100|100|100|100|100|100|100|100|100|100|100|100|100,5|5|5|5|5|5|5|5|5|5|6|6|6|6|6|6|6|6|6|6,0.0065|0.0057|0.0062|0.0066|0.0052|0.0052|0.0112|0.0498|0.0597|0.0674|0.0507|0.0363|0.0200|0.0165|0.0190|0.0166|0.0156|0.0119|0.0078|0.0047,0.032;0.035;-0.001;-0.001|0.026;0.028;-0.001;-0.001|0.025;0.027;-0.001;-0.001|0.024;0.027;-0.001;-0.001|0.024;0.026;-0.001;-0.001|0.023;0.025;-0.001;-0.001|0.022;0.025;-0.001;-0.001|0.020;0.031;-0.001;-0.000|0.021;0.037;-0.001;-0.000|0.023;0.043;-0.000;-0.001|0.035;0.057;-0.001;-0.002|0.027;0.043;-0.000;-0.001|0.025;0.036;-0.000;-0.001|0.023;0.030;-0.001;-0.001|0.022;0.028;-0.001;-0.001|0.021;0.027;-0.001;-0.001|0.021;0.026;-0.001;-0.001|0.024;0.029;-0.001;-0.001|0.025;0.029;-0.001;-0.001|0.025;0.027;-0.001;-0.001,-0.003|-0.003|0.001|0.001|-0.002|-0.000|0.027|0.051|0.033|0.016|0.008|0.018|-0.028|-0.018|-0.016|-0.004|-0.003|-0.007|-0.009|-0.010,1.00|0.82|0.76|0.74|0.72|0.70|0.67|0.54|0.45|0.36|0.73|0.46|0.53|0.59|0.60|0.60|0.59|0.64|0.77|0.75,0.2.9-dev
Baku_Race_Aug17_001_L3,18,True,6,6,0.0,0.0,0,0,5.2509999999999994,4.396,4492.17,275,7,87642,4574.23,279,7,88692,4627.0,282,7,89359,5.154,4.434,4583.79,278,7,88809,1717,0,100,6.1,3.1,0.0,0.0,0,0,0,0,0,0,0,0,0,0,0,False,0,0,0,False,52|54|66|68,57|67|69|76,58|70|70|79,78|83|86|89,58,95,40,50,4492|4498|4505|4512|4519|4526|4533|4541|4548|4555|4562|4569|4576|4583|4591|4598|4605|4612|4619|4627,87642|87742|87826|87909|88009|88126|88192|88292|88376|88476|88559|88642|88742|88826|88909|88992|89093|89176|89276|89359,-636.7;308.5|-631.2;303.2|-626.7;298.7|-622.2;294.0|-617.0;288.3|-611.2;281.4|-608.0;277.3|-603.4;271.1|-599.8;265.7|-595.6;259.2|-592.3;253.6|-589.3;247.8|-586.0;240.8|-583.5;234.9|-581.3;228.8|-579.2;222.7|-577.0;215.3|-575.3;209.0|-573.3;201.4|-571.7;195.1,275|276|277|277|278|279|279|279|280|280|279|279|279|278|278|279|279|280|281|282,0|0|0|0|0|0|0|0|0|0|0|0|0|0|0|0|0|0|0|0,100|100|100|100|100|100|100|100|100|100|100|100|100|100|100|100|100|100|100|100,7|7|7|7|7|7|7|7|7|7|7|7|7|7|7|7|7|7|7|7,-0.0136|-0.0145|-0.0162|-0.0243|-0.0278|-0.0236|-0.0247|-0.0265|-0.0284|-0.0456|-0.0457|-0.0343|-0.0385|-0.0333|-0.0235|-0.0140|-0.0085|-0.0056|-0.0025|0.0033,0.020;0.017;-0.000;-0.000|0.021;0.016;-0.000;-0.000|0.021;0.016;-0.000;-0.000|0.022;0.016;-0.000;-0.000|0.024;0.016;-0.000;-0.000|0.024;0.016;-0.000;-0.000|0.024;0.016;-0.000;-0.000|0.024;0.016;-0.000;-0.000|0.024;0.016;-0.000;-0.000|0.028;0.017;-0.000;-0.000|0.031;0.018;-0.000;-0.000|0.030;0.018;-0.000;-0.000|0.029;0.018;-0.000;-0.000|0.028;0.018;-0.000;-0.000|0.026;0.017;-0.000;-0.000|0.023;0.017;-0.001;-0.000|0.020;0.017;-0.000;-0.000|0.019;0.017;-0.000;-0.000|0.018;0.017;-0.000;-0.000|0.017;0.017;-0.000;-0.000,-0.005|-0.002|-0.008|-0.020|-0.012|-0.002|-0.001|-0.002|-0.018|-0.035|-0.016|0.004|0.003|0.015|0.024|0.038|0.031|0.025|0.020|0.027,0.33|0.32|0.30|0.27|0.23|0.22|0.21|0.20|0.19|0.10|0.07|0.09|0.08|0.12|0.18|0.25|0.29|0.31|0.32|0.32,0.2.9-dev
Baku_Race_Aug17_001_L3,19,True,6,6,0.0,0.0,0,0,5.141,4.434,4641.47,284,7,89543,4725.11,285,7,90576,4798.05,288,7,91493,5.2379999999999995,4.39,4743.98,283,7,90810,1950,0,100,2.1,0.0,0.0,0.0,0,0,0,0,0,0,0,0,0,0,0,False,0,0,0,False,57|68|69|78,71|71|78|78,74|69|82|77,78|83|86|90,58,95,40,50,4641|4648|4656|4664|4673|4681|4689|4698|4706|4714|4722|4731|4739|4747|4755|4764|4772|4780|4788|4798,89543|89643|89743|89843|89959|90059|90176|90259|90359|90459|90559|90660|90760|90860|90976|91076|91193|91293|91393|91493,-568.2;181.1|-566.1;173.5|-563.9;165.8|-561.5;158.2|-558.4;149.5|-555.4;142.1|-551.6;133.5|-548.6;127.6|-544.8;120.6|-540.7;113.8|-536.2;107.2|-531.4;100.9|-526.4;94.9|-521.0;89.1|-514.5;82.5|-508.8;77.1|-501.9;71.0|-495.7;65.9|-489.5;60.9|-483.2;56.0,284|285|286|286|287|287|287|287|287|286|285|284|283|284|284|285|285|286|287|288,0|0|0|0|0|0|0|0|0|0|0|0|0|0|0|0|0|0|0|0,100|100|100|100|100|100|100|100|100|100|100|100|100|100|100|100|100|100|100|100,7|7|7|7|7|7|7|7|7|7|7|7|7|7|7|7|7|7|7|7,0.0122|0.0166|0.0205|0.0242|0.0283|0.0299|0.0290|0.0384|0.0509|0.0542|0.0493|0.0361|0.0220|0.0196|0.0192|0.0197|0.0217|0.0092|-0.0016|-0.0011,0.016;0.018;-0.000;-0.000|0.015;0.019;-0.000;-0.000|0.015;0.020;-0.000;-0.000|0.015;0.021;-0.000;-0.000|0.015;0.022;-0.000;-0.000|0.015;0.023;-0.000;-0.000|0.015;0.023;-0.000;-0.000|0.015;0.024;-0.000;-0.000|0.016;0.027;-0.000;0.000|0.017;0.031;-0.000;0.000|0.019;0.032;-0.000;0.000|0.019;0.030;-0.000;-0.000|0.018;0.026;-0.000;-0.000|0.016;0.022;-0.000;-0.000|0.016;0.021;-0.000;-0.000|0.015;0.021;-0.000;-0.000|0.015;0.021;-0.000;-0.000|0.016;0.020;-0.000;-0.000|0.016;0.017;-0.000;-0.000|0.016;0.016;-0.000;-0.000,0.020|0.021|0.019|0.014|0.011|0.006|0.002|0.015|0.018|0.008|0.001|-0.013|-0.020|-0.022|-0.008|0.005|0.001|-0.018|-0.026|-0.011,0.29|0.26|0.23|0.20|0.16|0.14|0.13|0.09|0.01|-0.05|-0.05|0.02|0.13|0.20|0.23|0.23|0.21|0.24|0.27|0.27,0.2.9-dev
Baku_Race_Aug17_001_L3,20,True,6,6,0.0,0.0,0,0,5.2429999999999986,4.369,5021.19,310,8,94160,5083.94,312,8,94877,5153.57,314,8,95677,5.266,4.402,5111.5,312,8,95194,1517,0,100,8.1,4.6,0.0,0.0,0,0,0,0,0,0,0,0,0,0,0,False,0,0,0,False,55|54|67|64,54|52|65|62,52|51|64|60,79|83|87|90,58,95,40,50,5021|5027|5034|5041|5048|5055|5062|5069|5075|5082|5089|5096|5103|5110|5117|5123|5130|5137|5144|5153,94160|94244|94327|94410|94477|94560|94644|94710|94794|94877|94944|95027|95110|95194|95260|95344|95444|95511|95577|95677,-302.1;-74.5|-296.0;-78.3|-290.0;-82.2|-283.8;-86.0|-278.9;-89.0|-272.7;-92.7|-266.5;-96.4|-261.5;-99.3|-255.2;-102.8|-248.9;-106.2|-243.7;-108.9|-237.3;-112.1|-230.8;-115.3|-224.2;-118.4|-218.9;-120.8|-212.3;-123.8|-204.4;-127.3|-199.0;-129.6|-193.7;-131.9|-185.7;-135.3,310|310|310|311|311|311|311|312|312|312|312|312|312|312|312|313|313|313|313|314,0|0|0|0|0|0|0|0|0|0|0|0|0|0|0|0|0|0|0|0,100|100|100|100|100|100|100|100|100|100|100|100|100|100|100|100|100|100|100|100,8|8|8|8|8|8|8|8|8|8|8|8|8|8|8|8|8|8|8|8,0.0032|0.0035|0.0042|0.0051|0.0065|0.0086|0.0121|0.0140|0.0136|0.0108|0.0093|0.0087|0.0080|0.0061|0.0039|0.0043|0.0042|0.0033|0.0022|0.0013,0.014;0.015;-0.000;-0.000|0.014;0.015;-0.000;-0.000|0.014;0.015;-0.000;-0.000|0.014;0.015;-0.000;-0.000|0.014;0.015;-0.000;-0.000|0.014;0.015;-0.000;-0.000|0.013;0.016;-0.000;-0.000|0.013;0.016;-0.000;-0.000|0.013;0.016;-0.000;-0.000|0.013;0.016;-0.000;-0.000|0.013;0.016;-0.000;-0.000|0.013;0.016;-0.000;-0.000|0.013;0.015;-0.000;-0.000|0.014;0.015;-0.000;-0.000|0.014;0.015;-0.000;-0.000|0.014;0.015;-0.000;-0.000|0.014;0.015;-0.000;-0.000|0.014;0.015;-0.000;-0.000|0.014;0.014;-0.000;-0.000|0.014;0.014;-0.000;-0.000,-0.001|-0.000|0.001|0.003|0.004|0.007|0.009|0.009|0.004|0.001|-0.001|-0.000|-0.001|-0.003|-0.003|-0.002|-0.001|-0.002|-0.002|-0.003,0.11|0.11|0.11|0.10|0.10|0.09|0.08|0.07|0.06|0.06|0.07|0.07|0.08|0.08|0.08|0.08|0.08|0.08|0.08|0.08,0.2.9-dev
Baku_Race_Aug17_001_L4,1,False,6,6,182.82,320,8,2033,5.416,4.557,179.86,320,8,1999,308.67,116,3,4366,387.25,160,3,6466,5.485000000000001,4.09,344.66,121,3,5350,4467,100,100,0.0,0.0,0.0,8.9,0,0,0,0,0,0,0,0,0,0,0,False,0,0,0,False,41|42|51|52,57|64|57|63,55|69|63|71,80|84|89|92,58,95,40,50,179|190|201|212|223|234|245|255|266|277|288|299|310|321|332|342|353|364|375|387,1999|2133|2249|2399|2533|2699|2866|3049|3266|3516|3783|4099|4433|4683|4983|5300|5633|5950|6200|6466,763.1;-511.8|774.0;-516.1|783.3;-519.8|794.4;-524.3|803.7;-528.0|814.3;-532.3|824.0;-536.2|833.6;-540.3|843.6;-544.7|853.7;-549.7|862.8;-555.2|871.6;-562.5|878.4;-571.1|882.0;-578.3|884.6;-587.6|885.4;-598.1|883.9;-609.5|880.8;-620.8|877.5;-630.3|873.4;-641.0,320|314|299|277|259|237|215|194|171|152|137|122|116|116|117|121|128|139|150|160,0|68|100|100|100|100|100|100|100|81|52|9|0|0|0|0|0|0|0|0,100|50|7|0|0|0|0|0|0|0|0|0|44|43|60|62|74|96|100|100,8|8|8|8|8|7|6|6|5|4|3|3|3|3|3|3|3|3|3|3,-0.0003|0.0001|0.0003|-0.0008|-0.0015|-0.0030|-0.0040|-0.0086|-0.0186|-0.0399|-0.0609|-0.1094|-0.1273|-0.1280|-0.1001|-0.0725|-0.0459|-0.0133|-0.0081|-0.0059,0.012;0.012;-0.000;-0.000|-0.013;-0.013;-0.018;-0.018|-0.030;-0.030;-0.030;-0.030|-0.035;-0.035;-0.033;-0.033|-0.039;-0.039;-0.037;-0.036|-0.042;-0.042;-0.046;-0.042|-0.064;-0.062;-0.058;-0.047|-0.059;-0.057;-0.060;-0.049|-0.066;-0.064;-0.069;-0.050|-0.044;-0.046;-0.097;-0.037|-0.023;-0.020;-0.083;-0.007|-0.010;-0.015;-0.027;-0.004|0.060;0.019;0.001;-0.000|0.055;0.016;0.000;-0.000|0.076;0.031;-0.003;-0.000|0.074;0.034;-0.004;-0.000|0.058;0.033;-0.002;-0.001|0.065;0.054;-0.002;-0.001|0.056;0.048;-0.001;-0.001|0.044;0.037;-0.001;-0.001,-0.002|-0.014|-0.003|-0.001|-0.002|-0.019|-0.006|-0.001|-0.008|-0.022|-0.007|-0.007|0.005|-0.009|0.001|0.007|0.007|0.050|-0.016|-0.033,-0.06|-2.60|-4.05|-4.01|-3.94|-3.84|-3.71|-3.30|-3.00|-2.48|-1.54|-0.89|0.02|0.01|0.35|0.46|0.77|1.20|1.21|1.19,0.2.9-dev
Baku_Race_Aug17_001_L4,2,False,6,6,561.63,243,6,9500,5.446,3.945,570.57,236,6,9633,663.83,98,2,12016,712.16,131,2,13583,5.327999999999999,4.107,692.29,108,2,12983,4083,100,99,0.7,0.0,0.0,11.2,0,0,0,0,0,0,0,0,0,0,0,False,0,0,0,False,47|55|61|65,55|66|62|68,54|69|66|74,79|84|88|91,58,95,40,50,561|577|585|592|600|607|614|622|629|637|644|652|659|667|674|682|689|696|704|712,9633|9750|9883|10033|10166|10316|10516|10683|10900|11150|11416|11699|11933|12099|12349|12649|12899|13166|13366|13583,799.8;-809.0|796.9;-815.8|793.8;-823.1|790.6;-830.6|788.0;-836.7|785.3;-843.1|781.9;-850.9|779.3;-856.8|776.2;-863.7|772.5;-870.6|768.0;-876.7|762.2;-882.2|756.8;-885.7|752.6;-887.5|745.9;-889.3|737.4;-889.8|730.2;-888.8|722.4;-886.3|716.3;-883.9|709.2;-881.0,236|222|204|186|173|160|145|132|119|106|102|100|99|99|100|103|107|114|121|131,81|100|100|100|67|62|68|54|44|25|0|0|0|0|0|0|0|0|0|0,23|0|0|0|0|0|0|0|0|0|22|25|27|43|48|53|60|73|89|99,6|6|6|5|5|5|4|3|3|3|3|2|2|2|2|2|2|2|2|2,0.0008|-0.0005|0.0001|-0.0006|-0.0004|-0.0007|-0.0027|-0.0093|-0.0278|-0.0763|-0.1047|-0.1258|-0.1418|-0.1391|-0.1140|-0.0907|-0.0611|-0.0107|0.0001|0.0020,-0.024;-0.025;-0.030;-0.030|-0.048;-0.049;-0.046;-0.047|-0.066;-0.066;-0.055;-0.055|-0.039;-0.039;-0.079;-0.078|-0.042;-0.042;-0.028;-0.028|-0.038;-0.037;-0.028;-0.027|-0.050;-0.050;-0.037;-0.034|-0.021;-0.020;-0.028;-0.024|-0.035;-0.030;-0.028;-0.018|-0.025;-0.022;-0.027;-0.010|0.025;-0.000;0.001;0.000|0.045;0.007;0.000;0.000|0.051;0.009;0.001;0.000|0.079;0.023;-0.001;-0.000|0.094;0.035;-0.003;-0.000|0.098;0.043;-0.004;-0.000|0.091;0.044;-0.004;-0.001|0.062;0.047;-0.002;-0.001|0.059;0.058;-0.001;-0.001|0.069;0.071;-0.001;-0.001,0.009|0.000|0.002|0.002|-0.002|0.000|-0.002|-0.007|-0.015|-0.018|-0.004|-0.005|-0.000|-0.003|0.000|-0.001|-0.005|-0.017|-0.005|-0.002,-2.86|-3.71|-3.67|-3.31|-2.59|-2.33|-2.43|-2.02|-1.67|-1.18|-0.14|-0.07|-0.12|0.14|0.31|0.43|0.60|0.97|1.19|1.32,0.2.9-dev
Baku_Race_Aug17_001_L4,3,False,6,6,1395.7,310,8,23183,6.177999999999999,3.934,1405.65,302,8,23299,1524.17,104,2,25766,1606.6,161,3,28133,6.369,4.031,1560.0,110,2,26883,4950,100,100,13.1,6.1,0.0,9.4,0,0,0,0,0,0,0,0,0,0,0,False,0,0,0,False,41|43|55|56,55|59|59|62,53|64|68|75,79|83|88|91,58,95,40,50,1395|1415|1426|1436|1447|1457|1468|1478|1489|1500|1510|1521|1531|1542|1553|1563|1574|1584|1595|1606,23299|23433|23566|23716|23899|24049|24249|24466|24733|24999|25316|25683|25966|26266|26649|27016|27333|27616|27883|28133,67.1;-618.9|57.1;-614.7|47.7;-610.7|37.9;-606.6|27.0;-602.0|18.9;-598.5|9.1;-594.3|-0.6;-590.1|-11.0;-585.4|-19.8;-580.6|-28.2;-574.8|-35.8;-567.1|-40.3;-560.1|-43.3;-551.9|-44.5;-540.8|-42.7;-529.8|-39.6;-519.6|-36.0;-509.8|-31.8;-499.9|-27.1;-490.1,302|284|265|244|221|203|182|165|143|127|108|105|104|104|106|114|126|139|151|161,79|100|100|100|100|86|71|66|69|59|22|0|0|0|0|0|0|0|0|0,38|5|0|0|0|0|0|0|0|0|0|28|38|43|52|75|91|100|100|100,8|8|8|7|7|6|5|5|4|3|3|3|2|2|2|2|2|3|3|3,0.0003|-0.0009|-0.0003|-0.0004|-0.0006|-0.0015|-0.0015|-0.0040|-0.0283|-0.0515|-0.0579|-0.1100|-0.1344|-0.1377|-0.0792|-0.0296|-0.0159|-0.0081|-0.0001|-0.0033,-0.018;-0.018;-0.022;-0.022|-0.033;-0.033;-0.032;-0.032|-0.038;-0.037;-0.035;-0.034|-0.040;-0.040;-0.040;-0.039|-0.053;-0.053;-0.048;-0.046|-0.039;-0.039;-0.045;-0.041|-0.015;-0.015;-0.031;-0.030|-0.040;-0.038;-0.030;-0.028|-0.060;-0.055;-0.065;-0.030|-0.049;-0.050;-0.103;-0.022|-0.025;-0.021;-0.023;-0.008|0.029;0.002;0.001;-0.000|0.065;0.016;-0.000;-0.000|0.087;0.031;-0.000;-0.000|0.086;0.038;-0.004;-0.000|0.058;0.043;-0.018;-0.001|0.065;0.056;-0.002;-0.001|0.164;0.148;-0.002;-0.001|0.072;0.061;-0.002;-0.001|0.043;0.041;-0.001;-0.001,0.018|0.001|0.000|0.005|0.006|0.003|-0.006|0.005|0.011|0.004|0.000|0.008|0.004|-0.002|-0.005|-0.024|-0.002|0.009|-0.016|-0.004,-3.06|-4.01|-3.96|-3.83|-3.74|-3.17|-2.44|-2.42|-2.43|-2.07|-1.08|-0.09|0.12|0.12|0.40|0.86|1.16|1.30|1.29|1.11,0.2.9-dev
Baku_Race_Aug17_001_L4,4,False,6,6,1677.54,209,5,29499,6.524000000000001,4.014,1687.05,197,5,29666,1769.04,87,2,31966,1812.82,133,3,33499,6.366000000000001,4.083,1783.44,95,2,32566,4000,100,93,0.4,0.0,0.0,6.7,0,0,0,0,0,0,0,0,0,0,0,False,0,0,0,False,50|58|68|73,64|63|71|70,63|59|74|72,78|83|88|91,58,95,40,50,1677|1692|1699|1706|1712|1719|1726|1732|1739|1746|1752|1759|1766|1772|1779|1786|1792|1799|1806|1812,29666|29799|29916|30066|30233|30399|30599|30816|31033|31283|31516|31666|31866|32133|32416|32666|32899|33133|33316|33499,7.9;-417.4|10.7;-411.0|13.0;-405.8|15.7;-399.7|18.5;-393.3|20.9;-387.5|23.4;-381.1|25.4;-374.6|26.6;-368.4|27.1;-361.3|26.4;-355.1|25.4;-351.3|23.5;-346.6|19.9;-341.2|14.9;-336.3|9.4;-332.6|3.6;-329.4|-3.0;-326.2|-8.7;-323.7|-14.7;-321.1,197|181|168|156|142|130|118|108|103|100|95|92|88|87|91|98|107|117|125|133,100|100|100|86|77|73|49|24|1|0|0|0|0|0|0|0|0|0|0|0,10|0|0|0|0|0|0|0|1|1|4|14|21|44|55|70|83|84|86|94,5|5|5|4|4|3|2|2|2|2|2|2|2|2|2|2|2|2|2|3,-0.0001|0.0016|0.0044|0.0046|0.0084|0.0213|0.0445|0.0614|0.0910|0.1496|0.1792|0.1752|0.1655|0.1275|0.0851|0.0459|0.0256|0.0090|0.0059|0.0056,-0.049;-0.049;-0.060;-0.062|-0.077;-0.078;-0.071;-0.071|-0.080;-0.081;-0.072;-0.079|-0.020;-0.021;-0.012;-0.001|-0.069;-0.071;-0.043;-0.054|-0.052;-0.054;-0.032;-0.071|0.002;0.018;-0.015;-0.036|-0.018;-0.018;-0.009;-0.019|-0.008;-0.000;-0.000;-0.001|-0.007;0.008;0.000;0.002|-0.005;0.040;0.000;0.001|0.010;0.071;0.001;0.022|0.015;0.073;0.001;0.011|0.035;0.096;-0.000;-0.002|0.029;0.075;-0.001;-0.002|0.044;0.077;-0.001;-0.002|0.064;0.087;-0.001;-0.002|0.061;0.073;-0.001;-0.002|0.048;0.054;-0.001;-0.001|0.097;0.105;-0.001;-0.002,-0.006|-0.001|-0.004|-0.008|-0.005|-0.018|-0.006|-0.015|-0.005|-0.020|-0.413|0.208|0.229|-0.020|0.006|0.005|0.002|0.004|0.002|-0.007,-3.44|-3.32|-3.14|-1.90|-2.60|-2.50|-0.19|-1.06|-0.40|-0.45|-0.66|-0.32|-0.26|0.24|0.57|0.97|1.18|1.23|1.13|1.42,0.2.9-dev
Baku_Race_Aug17_001_L4,5,False,6,6,2001.37,247,6,36899,8.166999999999998,4.021,2003.65,246,6,36932,2121.31,97,2,39793,2126.92,98,2,39993,8.71,4.003,0.0,0.0,0,0,3094,100,31,3.8,2.1,0.0,7.5,0,0,0,0,0,0,0,0,0,0,0,False,0,0,0,False,51|50|68|69,62|77|65|75,61|77|65|75,78|83|88|91,58,95,40,50,2001|2009|2016|2022|2029|2035|2042|2048|2055|2061|2068|2074|2081|2087|2094|2100|2107|2113|2120|2126,36932|37032|37149|37249|37349|37460|37576|37743|37893|38043|38193|38393|38593|38810|38976|39160|39360|39543|39760|39993,-190.1;-245.8|-196.1;-242.6|-202.7;-239.0|-208.0;-235.9|-213.0;-233.1|-218.4;-229.8|-223.5;-226.7|-230.0;-222.4|-235.4;-218.6|-240.1;-214.8|-244.4;-211.0|-249.2;-205.8|-253.1;-200.5|-256.3;-194.5|-258.1;-189.7|-259.4;-184.5|-259.8;-178.8|-259.6;-173.7|-258.3;-167.9|-255.9;-162.0,246|240|226|213|201|189|176|162|151|142|132|121|116|111|108|104|101|99|98|98,31|82|100|100|100|89|83|69|68|57|44|28|7|0|0|0|0|0|0|0,100|53|7|0|0|0|0|0|0|0|0|0|0|11|7|10|26|30|31|29,6|6|6|6|6|5|5|4|4|3|3|3|2|2|2|2|2|2|2|2,-0.0072|-0.0068|-0.0065|-0.0084|-0.0085|-0.0118|-0.0173|-0.0257|-0.0447|-0.0580|-0.0529|-0.0674|-0.1093|-0.1416|-0.1711|-0.1929|-0.2006|-0.1926|-0.1444|-0.0441,0.010;0.009;-0.012;-0.010|-0.018;-0.018;-0.035;-0.028|-0.046;-0.045;-0.058;-0.040|-0.047;-0.043;-0.028;-0.028|-0.058;-0.056;-0.074;-0.050|-0.033;-0.032;-0.036;-0.031|-0.066;-0.065;-0.076;-0.036|-0.022;-0.019;-0.036;-0.006|-0.052;-0.054;-0.096;-0.029|-0.008;-0.016;-0.035;-0.012|-0.047;-0.035;-0.086;-0.018|0.007;-0.004;-0.056;-0.012|-0.004;-0.011;-0.017;-0.004|0.022;-0.004;0.005;0.001|0.027;-0.003;0.006;0.001|0.030;-0.001;0.006;0.001|0.056;0.011;0.003;0.000|0.063;0.013;0.002;0.000|0.064;0.014;0.000;-0.000|0.028;0.009;-0.001;0.000,0.014|0.017|0.008|-0.003|0.005|-0.003|0.008|-0.015|0.013|-0.002|0.002|0.008|-0.003|0.004|0.002|0.001|-0.001|-0.001|-0.005|-0.047,-0.52|-2.72|-3.71|-3.13|-3.48|-2.56|-3.05|-1.83|-2.44|-1.03|-1.77|-1.08|-0.74|-0.47|-0.51|-0.54|-0.26|-0.18|-0.03|0.21,0.2.9-dev
Baku_Race_Aug17_001_L4,6,False,6,6,0.0,0.0,0,0,8.71,4.003,2127.83,98,2,40026,2158.51,91,2,41093,2210.7,138,3,42793,8.983,3.895,2182.31,104,2,41943,2767,0,95,0.0,0.0,0.0,1.2,0,0,0,0,0,0,0,0,0,0,0,False,0,0,0,False,61|77|65|75,69|74|69|73,66|67|72|74,78|83|87|90,58,95,40,50,2127|2131|2136|2140|2144|2149|2153|2157|2162|2166|2170|2175|2179|2183|2188|2192|2196|2201|2205|2210,40026|40193|40343|40510|40693|40860|40993|41093|41210|41360|41526|41693|41860|42010|42176|42293|42426|42543|42660|42793,-255.5;-161.2|-253.5;-157.2|-251.9;-153.4|-250.7;-149.2|-250.1;-144.6|-250.1;-140.4|-250.6;-137.0|-251.1;-134.6|-252.0;-131.8|-253.6;-128.2|-255.9;-124.5|-258.6;-120.9|-261.7;-117.5|-264.9;-114.6|-268.7;-111.3|-271.6;-109.0|-275.1;-106.3|-278.4;-103.9|-281.8;-101.4|-285.9;-98.5,98|98|96|92|91|90|91|91|92|93|95|97|101|106|112|116|122|127|132|138,0|0|0|0|0|0|0|0|0|0|0|0|0|0|0|0|0|0|0|0,29|5|2|18|36|36|38|42|43|45|48|53|60|69|78|81|87|93|94|96,2|2|2|2|2|2|2|2|2|2|2|2|2|2|2|2|2|2|3|3,-0.0317|0.1010|0.2006|0.2360|0.1917|0.1337|0.1345|0.1194|0.1231|0.1304|0.0828|0.0766|0.0594|0.0401|0.0235|0.0233|0.0123|0.0067|-0.0006|-0.0006,0.019;0.008;-0.001;0.000|-0.005;0.003;-0.000;0.001|-0.007;0.014;0.001;0.004|0.004;0.055;0.001;0.005|0.024;0.093;0.000;0.000|0.026;0.090;-0.000;-0.001|0.021;0.081;-0.000;-0.000|0.036;0.099;-0.000;-0.006|0.025;0.085;-0.000;-0.005|0.028;0.087;-0.000;-0.002|0.026;0.075;-0.000;-0.002|0.024;0.060;-0.001;-0.002|0.028;0.057;-0.001;-0.002|0.037;0.060;-0.001;-0.002|0.048;0.066;-0.001;-0.002|0.047;0.064;-0.001;-0.002|0.053;0.065;-0.001;-0.002|0.059;0.067;-0.001;-0.002|0.052;0.054;-0.001;-0.001|0.086;0.088;-0.001;-0.002,-0.058|-0.046|-0.015|-0.003|-0.002|-0.004|-0.069|0.209|0.043|0.005|0.006|0.006|0.007|0.002|0.003|-0.001|0.006|0.002|0.004|-0.000,0.22|-0.29|-0.53|-0.43|-0.01|0.12|0.06|0.29|0.39|0.30|0.46|0.56|0.72|0.92|1.09|1.11|1.18|1.24|1.20|1.42,0.2.9-dev
Baku_Race_Aug17_001_L4,7,False,6,6,2439.33,266,7,46643,9.155999999999999,3.402,2452.76,256,7,46826,2570.41,74,2,49993,2636.3,153,3,52243,9.092999999999998,3.234,2583.28,84,2,50609,5600,100,100,11.9,11.3,0.0,8.5,0,0,0,0,0,0,0,0,0,0,0,False,0,0,0,False,50|51|67|68,71|61|70|66,63|56|74|71,78|83|87|90,58,95,40,50,2439|2461|2471|2481|2490|2500|2510|2519|2529|2539|2548|2558|2568|2577|2587|2597|2606|2616|2626|2636,46826|46959|47109|47276|47476|47676|47909|48159|48459|48826|49126|49476|49893|50376|50793|51143|51476|51743|52009|52243,-480.0;45.9|-487.4;51.3|-495.1;57.0|-502.8;62.8|-511.1;69.0|-518.5;74.7|-526.2;80.8|-533.5;86.5|-541.5;92.0|-550.8;96.1|-558.3;97.3|-566.3;96.5|-574.3;92.6|-580.8;84.9|-584.6;75.9|-587.6;67.0|-590.3;57.1|-592.6;48.1|-594.9;38.3|-597.1;28.9,256|239|219|197|176|159|143|126|107|94|87|79|75|78|90|103|118|130|142|153,81|100|100|100|77|63|54|64|44|5|0|0|0|0|0|0|0|0|0|0,18|0|0|0|0|0|0|0|0|0|0|2|30|58|73|78|89|91|100|100,7|7|7|6|6|5|4|3|2|2|2|2|2|2|2|2|2|3|3|3,-0.0002|-0.0020|-0.0012|-0.0040|-0.0038|-0.0040|-0.0001|0.0354|0.0871|0.1525|0.2103|0.2500|0.2426|0.0838|0.0286|0.0183|0.0075|0.0015|0.0008|-0.0024,-0.025;-0.025;-0.027;-0.027|-0.045;-0.044;-0.042;-0.040|-0.055;-0.054;-0.050;-0.045|-0.026;-0.029;-0.035;-0.030|-0.057;-0.053;-0.040;-0.034|-0.040;-0.038;-0.029;-0.027|-0.032;-0.032;-0.023;-0.023|-0.033;-0.032;-0.035;-0.089|-0.012;0.006;-0.019;-0.100|-0.012;-0.000;-0.003;-0.014|-0.008;0.013;0.001;0.020|-0.006;0.024;0.001;0.005|0.015;0.102;-0.000;0.001|0.038;0.102;-0.000;-0.002|0.042;0.057;-0.001;-0.001|0.056;0.070;-0.001;-0.002|0.072;0.081;-0.001;-0.002|0.103;0.109;-0.001;-0.002|0.061;0.063;-0.001;-0.001|0.051;0.050;-0.001;-0.001,0.013|0.004|0.003|-0.007|0.002|0.002|0.004|-0.008|-0.017|-0.003|0.080|0.006|-0.004|-0.017|0.000|-0.003|-0.003|0.006|-0.003|-0.003,-3.12|-3.86|-3.76|-3.08|-2.90|-2.34|-1.99|-1.97|-0.69|-0.71|-0.56|-0.59|-0.14|0.63|1.00|1.14|1.27|1.39|1.29|1.21,0.2.9-dev
Baku_Race_Aug17_001_L4,8,False,6,6,2693.39,196,5,53409,9.146,3.305,2704.22,189,5,53609,2749.91,106,3,54776,2750.85,105,2,54809,9.155999999999999,3.305,0.0,0.0,0,0,1400,99,3,0.1,0.0,0.0,5.1,0,0,0,0,0,0,0,0,0,0,0,False,0,0,0,False,58|53|72|70,61|57|69|69,61|58|69|70,79|82|87|90,58,95,40,50,2693|2705|2708|2710|2713|2715|2718|2720|2723|2725|2728|2730|2733|2735|2738|2740|2743|2745|2748|2750,53609|53643|53693|53743|53793|53859|53909|53959|54043|54093|54143|54209|54293|54343|54409|54493|54559|54643|54743|54809,-614.5;-36.8|-615.0;-38.5|-615.7;-40.9|-616.4;-43.3|-617.1;-45.7|-618.0;-48.6|-618.7;-50.8|-619.4;-52.9|-620.5;-56.3|-621.1;-58.2|-621.8;-60.1|-622.7;-62.5|-623.8;-65.4|-624.5;-67.1|-625.4;-69.2|-626.7;-71.8|-627.7;-73.8|-629.0;-76.1|-630.6;-78.6|-631.8;-80.3,189|186|182|176|171|164|161|157|149|144|140|137|132|129|125|120|116|112|107|105,60|68|81|91|96|99|93|82|71|66|62|56|50|47|44|41|39|33|22|16,15|12|10|8|7|4|4|3|3|3|3|3|3|3|3|3|3|3|3|3,5|5|5|5|5|5|4|4|4|4|4|3|3|3|3|3|3|3|3|2,-0.0048|-0.0057|-0.0070|-0.0073|-0.0081|-0.0105|-0.0123|-0.0145|-0.0180|-0.0206|-0.0253|-0.0314|-0.0386|-0.0431|-0.0458|-0.0523|-0.0591|-0.0695|-0.0784|-0.0883,-0.023;-0.023;-0.026;-0.023|-0.029;-0.029;-0.031;-0.028|-0.041;-0.041;-0.045;-0.038|-0.056;-0.054;-0.067;-0.050|-0.063;-0.058;-0.044;-0.034|-0.020;-0.018;-0.007;-0.017|-0.002;-0.003;-0.065;-0.054|-0.039;-0.039;-0.051;-0.039|-0.057;-0.056;-0.054;-0.033|-0.058;-0.056;-0.055;-0.030|-0.060;-0.048;-0.051;-0.026|0.031;0.016;-0.024;-0.014|-0.028;-0.031;-0.058;-0.019|-0.037;-0.030;-0.039;-0.019|-0.038;-0.031;-0.050;-0.018|-0.038;-0.029;-0.049;-0.016|-0.037;-0.028;-0.057;-0.016|-0.033;-0.026;-0.054;-0.014|-0.021;-0.019;-0.035;-0.009|-0.008;-0.013;-0.022;-0.007,-0.002|-0.001|-0.001|0.002|-0.007|-0.038|0.005|0.004|-0.006|-0.011|-0.018|-0.060|0.019|-0.017|-0.000|-0.007|-0.005|-0.004|-0.006|0.001,-2.14|-2.48|-2.88|-3.11|-3.03|-1.81|-1.70|-2.57|-2.55|-2.43|-2.31|-0.35|-1.96|-1.77|-1.72|-1.62|-1.56|-1.40|-1.09|-1.20,0.2.9-dev
Baku_Race_Aug17_001_L4,9,False,6,6,2751.31,105,2,54826,9.155999999999999,3.305,2751.77,105,2,54843,2756.68,102,2,55009,2777.34,115,2,55626,9.109,3.466,2770.24,107,2,55393,800,15,82,0.0,0.0,0.0,1.9,0,0,0,0,0,0,0,0,0,0,0,False,0,0,0,False,61|58|69|70,61|59|69|70,60|60|68|72,79|82|87|90,58,95,40,50,2751|2753|2754|2755|2756|2758|2759|2760|2762|2763|2764|2766|2767|2768|2770|2771|2772|2774|2775|2777,54843|54893|54959|54993|55026|55059|55093|55126|55176|55209|55226|55259|55309|55343|55393|55443|55493|55526|55593|55626,-632.3;-81.0|-633.3;-82.2|-634.5;-83.6|-635.2;-84.3|-635.8;-85.0|-636.5;-85.7|-637.2;-86.3|-637.9;-86.9|-639.0;-87.9|-639.8;-88.4|-640.2;-88.7|-640.9;-89.3|-642.2;-90.1|-643.0;-90.6|-644.2;-91.4|-645.6;-92.1|-646.9;-92.8|-647.8;-93.3|-649.7;-94.2|-650.7;-94.7,105|104|103|103|102|102|102|102|103|103|103|104|105|105|107|108|110|111|114|115,12|4|0|0|0|0|0|0|0|0|0|0|0|0|0|0|0|0|0|0,4|7|16|22|29|34|39|45|51|52|54|56|60|62|65|70|75|78|82|84,2|2|2|2|2|2|2|2|2|2|2|2|2|2|2|2|2|2|2|2,-0.0941|-0.1060|-0.1168|-0.1186|-0.1186|-0.1163|-0.1109|-0.1044|-0.0881|-0.0810|-0.0772|-0.0704|-0.0593|-0.0485|-0.0323|-0.0194|-0.0139|-0.0125|-0.0113|-0.0141,0.054;0.009;-0.028;-0.006|0.011;-0.007;-0.018;-0.002|0.025;-0.002;0.002;0.000|0.032;0.002;0.001;0.000|0.040;0.006;0.001;-0.000|0.048;0.009;0.000;-0.000|0.060;0.014;-0.000;-0.000|0.071;0.019;-0.000;-0.000|0.085;0.027;-0.000;-0.000|0.093;0.030;-0.001;-0.000|0.096;0.031;-0.001;-0.000|0.101;0.034;-0.001;-0.000|0.106;0.039;-0.001;-0.000|0.101;0.038;-0.001;-0.000|0.079;0.035;-0.001;-0.000|0.052;0.030;-0.002;-0.001|0.036;0.028;-0.001;-0.001|0.035;0.030;-0.001;-0.001|0.041;0.038;-0.001;-0.001|0.045;0.041;-0.001;-0.001,-0.035|-0.000|0.003|-0.005|-0.012|-0.015|-0.031|-0.046|-0.069|-0.124|-0.134|-0.176|-0.223|-0.276|-0.267|-0.232|-0.163|-0.122|-0.082|-0.062,-0.03|-0.51|-0.31|-0.20|-0.11|-0.03|0.07|0.18|0.34|0.41|0.41|0.47|0.62|0.69|0.87|0.98|1.01|1.05|1.09|1.10,0.2.9-dev
Baku_Race_Aug17_001_L4,10,False,6,6,2810.52,138,2,56526,9.109,3.466,2777.9,116,2,55643,2811.88,137,2,56559,2813.82,135,2,56609,9.084000000000001,3.466,2789.57,128,2,55976,966,0,84,0.0,0.0,0.0,1.0,0,0,0,0,0,0,0,0,0,0,0,False,0,0,0,False,60|60|68|72,58|60|69|72,58|59|69|72,79|82|87|90,58,95,40,50,2777|2779|2781|2783|2785|2786|2788|2790|2792|2794|2796|2798|2799|2801|2803|2805|2807|2809|2810|2813,55643|55693|55776|55809|55859|55909|55959|56009|56059|56126|56176|56226|56276|56326|56359|56409|56459|56493|56543|56609,-651.1;-94.9|-652.6;-95.6|-655.1;-96.7|-656.1;-97.2|-657.7;-97.9|-659.3;-98.5|-660.9;-99.1|-662.6;-99.8|-664.3;-100.3|-666.6;-101.1|-668.4;-101.5|-670.2;-102.0|-672.0;-102.4|-673.8;-102.8|-675.1;-103.0|-677.0;-103.3|-678.9;-103.6|-680.1;-103.8|-682.0;-104.0|-684.5;-104.2,116|118|121|122|124|125|127|129|130|132|133|134|135|137|137|139|139|139|138|135,0|0|0|0|0|0|0|0|0|0|0|0|0|0|0|0|0|5|16|28,84|85|85|84|84|84|84|84|83|81|80|80|80|80|80|68|41|23|8|6,2|2|2|2|2|2|2|2|2|2|2|2|2|2|2|2|2|2|2|2,-0.0162|-0.0207|-0.0318|-0.0356|-0.0401|-0.0399|-0.0423|-0.0482|-0.0538|-0.0533|-0.0503|-0.0458|-0.0398|-0.0384|-0.0385|-0.0368|-0.0329|-0.0293|-0.0262|-0.0216,0.048;0.041;-0.001;-0.001|0.053;0.044;-0.001;-0.001|0.056;0.041;-0.002;-0.001|0.058;0.040;-0.001;-0.001|0.060;0.039;-0.001;-0.001|0.062;0.039;-0.002;-0.001|0.063;0.038;-0.002;-0.001|0.064;0.037;-0.002;-0.001|0.065;0.035;-0.001;-0.001|0.067;0.036;-0.002;-0.001|0.065;0.034;-0.002;-0.001|0.061;0.033;-0.002;-0.001|0.055;0.030;-0.001;-0.001|0.051;0.028;-0.001;-0.001|0.050;0.027;-0.001;-0.001|0.040;0.022;-0.001;-0.000|0.018;0.009;-0.000;-0.000|0.006;0.000;-0.004;-0.002|-0.004;-0.008;-0.012;-0.008|-0.017;-0.018;-0.023;-0.017,-0.053|-0.050|-0.038|-0.033|-0.022|-0.024|-0.031|-0.026|-0.020|-0.010|-0.030|-0.044|-0.043|-0.061|-0.075|-0.040|0.023|0.082|0.140|0.132,1.11|1.07|1.04|1.03|0.98|0.96|0.92|0.85|0.76|0.74|0.73|0.71|0.69|0.70|0.69|0.61|0.20|-0.28|-0.74|-1.11,0.2.9-dev
Baku_Race_Aug17_001_L4,11,False,6,6,2814.44,135,2,56626,9.084000000000001,3.466,2815.06,134,2,56643,2862.88,98,2,58109,2888.89,104,2,59009,9.296999999999999,3.466,0.0,0.0,0,0,2383,40,62,0.0,0.0,0.0,2.9,0,0,0,0,0,0,0,0,0,0,0,False,0,0,0,False,58|59|69|72,64|59|70|69,68|58|81|74,78|82|87|90,58,95,40,50,2814|2818|2822|2826|2830|2834|2838|2841|2845|2849|2853|2857|2861|2865|2869|2872|2876|2880|2884|2888,56643|56743|56859|56976|57093|57226|57376|57509|57626|57743|57859|57959|58076|58209|58326|58459|58593|58726|58876|59009,-685.8;-104.4|-689.4;-104.6|-693.5;-104.9|-697.3;-105.3|-701.0;-105.7|-704.9;-106.4|-709.2;-107.5|-712.8;-108.7|-715.9;-110.0|-718.9;-111.4|-721.7;-113.1|-724.0;-114.7|-726.6;-116.7|-729.2;-119.2|-731.3;-121.7|-733.4;-124.7|-735.3;-127.9|-736.8;-131.3|-738.2;-135.4|-739.2;-139.1,134|129|123|117|111|106|103|103|102|102|101|100|99|98|98|99|100|102|103|104,33|37|37|40|27|12|0|0|0|0|0|0|0|0|0|0|0|0|0|0,4|3|1|0|0|3|12|25|30|30|23|22|33|49|53|60|61|61|45|1,2|2|2|2|2|2|2|2|2|2|2|2|2|2|2|2|2|2|2|2,-0.0167|-0.0034|0.0191|0.0538|0.0688|0.0684|0.0848|0.0990|0.1186|0.1447|0.1653|0.1705|0.1669|0.1409|0.1090|0.0719|0.0270|-0.0310|-0.1054|-0.1554,-0.023;-0.022;-0.023;-0.018|-0.028;-0.023;-0.019;-0.019|-0.025;-0.021;-0.017;-0.026|-0.031;-0.026;-0.019;-0.065|-0.024;-0.027;-0.013;-0.070|-0.014;-0.013;-0.006;-0.019|-0.004;0.014;0.000;0.001|0.005;0.035;-0.000;0.000|0.013;0.058;0.000;0.001|0.019;0.075;0.000;0.002|0.017;0.072;0.001;0.003|0.019;0.075;0.001;0.004|0.029;0.091;0.000;0.005|0.065;0.133;-0.000;0.001|0.082;0.148;-0.000;-0.004|0.109;0.179;-0.000;-0.005|0.133;0.206;-0.000;-0.008|0.157;0.225;-0.000;-0.009|0.151;0.194;-0.000;-0.005|0.018;0.003;0.000;-0.003,0.108|0.065|0.066|0.068|0.081|0.090|0.083|0.101|0.116|0.118|0.128|0.129|0.089|0.023|0.020|0.013|0.005|-0.001|-0.017|-0.082,-1.26|-1.49|-1.45|-1.56|-1.28|-0.74|-0.26|-0.09|-0.00|-0.07|-0.12|-0.19|-0.19|0.19|0.34|0.46|0.55|0.60|0.61|0.04,0.2.9-dev
Baku_Race_Aug17_001_L4,12,False,6,6,0.0,0.0,0,0,9.296999999999999,3.466,2889.84,104,2,59043,2890.31,103,2,59059,2991.3,149,3,62626,8.997,3.374,2941.34,80,2,61026,3583,0,100,0.0,0.0,0.0,0.2,0,0,0,0,0,0,0,0,0,0,0,False,0,0,0,False,68|58|81|74,68|58|81|74,59|65|85|92,79|82|87|89,58,95,40,50,2889|2894|2900|2905|2910|2915|2921|2926|2931|2937|2942|2947|2952|2958|2963|2968|2974|2979|2984|2991,59043|59243|59426|59626|59859|60076|60259|60426|60626|60859|61093|61309|61509|61693|61876|62043|62193|62326|62493|62626,-739.4;-140.0|-740.9;-145.5|-742.9;-150.1|-745.7;-154.6|-749.8;-158.8|-754.1;-161.9|-758.1;-163.7|-761.8;-164.8|-766.4;-165.5|-771.6;-165.3|-776.7;-164.5|-781.8;-163.8|-787.0;-162.9|-792.1;-162.0|-797.6;-160.9|-802.9;-159.7|-808.0;-158.4|-812.7;-157.2|-818.9;-155.5|-824.0;-153.9,104|100|96|93|89|86|85|84|82|78|82|90|98|106|114|121|128|134|142|149,0|0|0|0|0|0|0|0|0|0|0|0|0|0|0|0|0|0|0|0,0|0|27|36|34|45|45|48|7|13|74|85|86|85|87|95|95|98|99|100,2|2|2|2|2|2|2|2|2|2|2|2|2|2|2|3|3|3|3|3,-0.1581|-0.1452|-0.1344|-0.1251|-0.0833|-0.0646|-0.0206|0.0074|0.0668|0.0748|0.0034|-0.0133|-0.0120|-0.0083|-0.0061|-0.0054|-0.0039|-0.0037|-0.0053|-0.0050,0.003;-0.015;0.001;-0.001|0.028;-0.010;0.003;0.001|0.096;0.018;0.006;0.001|0.147;0.063;0.010;0.001|0.159;0.080;0.014;0.001|0.199;0.117;0.012;0.000|0.229;0.142;0.004;-0.000|0.247;0.158;0.004;0.000|0.068;0.021;0.007;0.000|-0.004;0.003;-0.001;0.000|0.047;0.049;-0.001;-0.001|0.073;0.064;-0.001;-0.001|0.117;0.103;-0.002;-0.001|0.123;0.109;-0.002;-0.001|0.096;0.085;-0.002;-0.001|0.159;0.146;-0.002;-0.001|0.114;0.100;-0.002;-0.001|0.086;0.076;-0.002;-0.001|0.120;0.110;-0.002;-0.001|0.110;0.099;-0.002;-0.001,-0.121|-0.109|-0.099|-0.076|-0.046|-0.057|-0.040|-0.028|0.000|-0.052|-0.006|-0.009|-0.010|-0.004|-0.004|-0.003|-0.004|-0.006|-0.005|-0.004,-0.26|-0.52|-0.32|-0.14|-0.07|0.10|0.25|0.32|-0.16|-0.17|0.92|1.08|1.22|1.23|1.24|1.29|1.30|1.28|1.37|1.39,0.2.9-dev
Baku_Race_Aug17_001_L4,13,True,6,6,0.0,0.0,0,0,8.851,3.482,3232.55,269,7,66560,3297.21,273,7,67410,3396.42,279,7,68694,8.986,3.401,3333.58,272,7,67877,2134,0,100,15.6,13.3,0.0,0.8,0,0,0,0,0,0,0,0,0,0,0,False,0,0,0,False,48|51|72|76,51|62|72|80,55|72|73|86,78|82|88|90,58,95,40,50,3232|3240|3249|3257|3266|3275|3283|3292|3300|3309|3318|3326|3335|3344|3352|3361|3369|3378|3387|3396,66560|66693|66793|66910|67010|67143|67243|67360|67460|67593|67693|67793|67910|68027|68143|68243|68360|68493|68594|68694,-1043.7;-54.2|-1052.2;-49.1|-1058.7;-45.1|-1066.1;-40.3|-1072.4;-36.1|-1080.8;-30.3|-1086.9;-25.7|-1093.6;-19.9|-1099.1;-14.6|-1105.9;-7.1|-1110.6;-1.3|-1115.2;4.8|-1120.2;12.1|-1124.8;19.6|-1129.0;27.3|-1132.4;34.1|-1136.2;42.2|-1140.3;51.6|-1143.3;58.7|-1146.2;65.9,269|270|272|273|274|275|275|274|272|271|271|272|272|272|273|274|275|277|278|279,0|0|0|0|0|0|0|0|0|0|0|0|0|0|0|0|0|0|0|0,100|100|100|100|100|100|100|100|100|100|100|100|100|100|100|100|100|100|100|100,7|7|7|7|7|7|7|7|7|7|7|7|7|7|7|7|7|7|7|7,-0.0101|-0.0094|-0.0078|-0.0055|-0.0167|-0.0514|-0.0552|-0.0517|-0.0420|-0.0297|-0.0385|-0.0516|-0.0292|-0.0193|-0.0240|-0.0136|-0.0064|-0.0062|-0.0057|-0.0055,0.021;0.018;-0.000;-0.000|0.021;0.018;-0.000;-0.000|0.020;0.018;-0.000;-0.000|0.020;0.018;-0.000;-0.000|0.021;0.017;-0.000;-0.001|0.028;0.016;0.000;-0.000|0.036;0.019;0.000;-0.000|0.039;0.023;0.000;-0.000|0.038;0.024;-0.000;-0.000|0.031;0.021;-0.000;-0.000|0.034;0.025;-0.000;-0.000|0.033;0.021;0.000;-0.001|0.028;0.018;-0.000;-0.000|0.027;0.019;-0.001;-0.000|0.025;0.018;-0.000;-0.000|0.023;0.017;-0.001;-0.000|0.020;0.017;-0.000;-0.000|0.019;0.017;-0.000;-0.000|0.019;0.017;-0.000;-0.000|0.019;0.017;-0.000;-0.000,0.013|0.011|0.006|0.011|0.029|0.040|0.017|-0.001|-0.018|-0.007|0.073|0.048|-0.007|-0.002|-0.002|-0.023|-0.019|-0.009|-0.001|-0.001,0.37|0.36|0.35|0.35|0.33|0.13|0.01|-0.04|0.01|0.13|0.17|0.13|0.20|0.26|0.28|0.32|0.35|0.35|0.34|0.34,0.2.9-dev
Baku_Race_Aug17_001_L4,14,False,6,6,0.0,0.0,0,0,9.193000000000001,3.401,3423.75,285,7,69044,3524.82,296,7,70294,3578.52,299,7,70927,9.236,3.369,3546.56,297,7,70544,1883,0,100,6.1,4.3,0.0,0.0,0,0,0,0,0,0,0,0,0,0,0,False,0,0,0,False,54|69|72|84,53|65|67|79,52|63|66|78,78|82|88|91,58,95,40,50,3423|3431|3439|3447|3455|3463|3471|3479|3488|3496|3504|3512|3520|3528|3536|3545|3553|3561|3569|3578,69044|69144|69244|69344|69444|69544|69644|69760|69860|69960|70060|70161|70261|70344|70444|70544|70627|70727|70827|70927,-1155.9;91.6|-1158.5;99.1|-1161.0;106.7|-1163.3;114.3|-1165.5;122.1|-1167.5;129.9|-1169.4;137.8|-1171.5;147.1|-1173.1;155.1|-1174.5;163.2|-1175.9;171.3|-1177.1;179.4|-1178.1;187.6|-1178.8;194.4|-1179.5;202.6|-1180.0;210.9|-1180.3;217.8|-1180.4;226.1|-1180.4;234.4|-1180.3;242.7,285|286|288|289|290|291|293|293|294|295|295|296|296|296|297|297|298|298|299|299,0|0|0|0|0|0|0|0|0|0|0|0|0|0|0|0|0|0|0|0,100|100|100|100|100|100|100|100|100|100|100|100|100|100|100|100|100|100|100|100,7|7|7|7|7|7|7|7|7|7|7|7|7|7|7|7|7|7|7|7,-0.0089|-0.0110|-0.0135|-0.0120|-0.0109|-0.0105|-0.0101|-0.0097|-0.0095|-0.0095|-0.0108|-0.0162|-0.0166|-0.0096|-0.0084|-0.0165|-0.0134|-0.0094|-0.0077|-0.0050,0.022;0.019;-0.001;-0.001|0.022;0.019;-0.000;-0.001|0.022;0.019;-0.000;-0.000|0.022;0.018;-0.001;-0.000|0.022;0.018;-0.001;-0.000|0.022;0.018;-0.000;-0.000|0.018;0.015;-0.000;-0.000|0.018;0.015;-0.000;-0.000|0.018;0.015;-0.000;-0.000|0.017;0.015;-0.000;-0.000|0.017;0.015;-0.000;-0.000|0.018;0.014;-0.000;-0.000|0.019;0.014;-0.000;-0.000|0.019;0.016;-0.000;-0.000|0.018;0.015;-0.000;-0.000|0.018;0.014;-0.000;-0.000|0.018;0.015;-0.000;-0.000|0.018;0.015;-0.000;-0.000|0.017;0.015;-0.000;-0.000|0.016;0.015;-0.000;-0.000,0.005|0.009|0.010|0.001|-0.004|-0.003|0.000|-0.001|-0.002|-0.001|0.002|0.017|0.002|-0.012|-0.013|0.012|-0.001|-0.008|-0.013|-0.015,0.45|0.43|0.41|0.40|0.39|0.38|0.22|0.21|0.20|0.20|0.19|0.17|0.15|0.16|0.18|0.15|0.15|0.16|0.17|0.17,0.2.9-dev
Baku_Race_Aug17_001_L4,15,False,6,5,3632.96,302,7,71577,9.263000000000002,3.313,3645.44,294,7,71728,3785.18,95,2,74795,3817.43,124,2,75895,9.017000000000001,3.351,3798.64,103,2,75295,4318,100,73,1.3,0.0,0.0,0.4,0,0,0,0,0,0,0,0,0,0,0,False,0,0,0,False,50|59|64|73,58|76|62|71,57|73|63|72,78|83|88|91,58,95,40,50,3632|3653|3662|3671|3680|3690|3699|3708|3717|3726|3735|3744|3753|3762|3771|3780|3789|3798|3807|3817,71728|71861|71961|72094|72228|72378|72528|72694|72878|73078|73295|73528|73811|74111|74311|74628|74995|75312|75612|75895,-1179.1;309.6|-1179.1;320.2|-1179.1;327.8|-1179.0;337.2|-1179.0;346.0|-1178.9;355.2|-1178.7;363.7|-1178.6;372.5|-1178.5;381.6|-1178.4;390.6|-1178.2;399.6|-1177.7;408.3|-1176.1;417.7|-1172.8;426.5|-1169.8;431.6|-1164.3;438.8|-1156.6;444.8|-1148.6;448.4|-1140.0;451.3|-1131.4;454.8,294|277|263|245|229|212|198|184|170|156|141|128|115|109|106|99|96|104|114|124,69|100|100|100|100|81|66|59|57|56|55|48|12|0|0|0|0|0|0|0,25|3|0|0|0|0|0|0|0|0|0|0|0|0|0|0|49|65|71|73,7|7|7|7|6|6|5|4|4|3|3|2|2|2|2|2|2|2|2|2,-0.0017|-0.0027|-0.0026|-0.0009|-0.0011|-0.0008|0.0015|-0.0004|0.0005|-0.0031|-0.0203|-0.0489|-0.0932|-0.1312|-0.1716|-0.2466|-0.1148|-0.0218|0.0297|0.0305,-0.018;-0.018;-0.019;-0.020|-0.035;-0.035;-0.034;-0.033|-0.040;-0.039;-0.038;-0.035|-0.049;-0.047;-0.050;-0.044|-0.041;-0.041;-0.026;-0.034|-0.064;-0.065;-0.041;-0.039|-0.033;-0.033;-0.025;-0.026|-0.011;-0.014;-0.021;-0.024|-0.033;-0.037;-0.024;-0.028|-0.014;-0.014;-0.029;-0.032|-0.043;-0.041;-0.033;-0.026|-0.026;-0.032;-0.050;-0.019|-0.007;-0.013;-0.026;-0.004|0.005;-0.008;0.004;0.000|-0.002;-0.008;0.032;0.001|0.010;-0.007;0.012;0.001|0.082;0.026;-0.003;-0.001|0.065;0.041;-0.003;-0.001|0.033;0.046;-0.001;-0.001|0.032;0.047;-0.001;-0.002,0.015|0.005|0.000|-0.008|-0.008|-0.007|-0.006|-0.035|-0.003|0.006|0.023|0.029|0.000|0.015|-0.226|-0.015|0.032|-0.001|-0.013|-0.012,-2.78|-3.96|-3.94|-3.81|-3.21|-3.16|-2.59|-2.04|-2.17|-1.34|-2.02|-1.72|-0.81|-0.50|-0.41|-0.67|0.44|1.01|0.98|0.95,0.2.9-dev
Baku_Race_Aug17_001_L4,16,False,5,5,4021.34,249,6,79679,8.369000000000002,3.672,4027.11,247,6,79763,4141.53,108,3,82467,4210.14,171,4,84301,8.351,3.867,4147.78,110,3,82667,4622,100,100,2.0,0.0,0.0,1.3,0,0,0,0,0,0,0,0,0,0,0,False,0,0,0,False,47|54|62|66,57|76|64|77,54|69|69|79,78|83|87|91,58,95,40,50,4021|4035|4045|4054|4064|4074|4083|4093|4103|4112|4122|4132|4141|4151|4161|4170|4180|4190|4199|4210,79763|79896|80046|80213|80413|80613|80867|81117|81417|81700|81950|82200|82484|82800|83101|83384|83634|83867|84084|84301,-948.8;556.8|-941.0;561.2|-932.9;565.7|-924.7;570.3|-915.6;575.1|-907.4;579.3|-898.0;583.5|-889.3;586.4|-879.1;588.2|-869.7;588.1|-861.8;586.6|-854.4;583.9|-847.1;579.4|-840.1;572.6|-834.2;564.9|-828.6;556.4|-824.0;548.0|-819.9;539.2|-816.2;530.4|-812.7;521.0,247|233|214|195|174|157|139|127|122|117|114|110|108|113|122|133|144|154|162|171,56|90|100|98|68|63|47|14|0|0|0|0|0|0|0|0|0|0|0|0,48|11|0|0|0|0|0|0|20|16|40|41|49|73|85|96|100|100|100|100,6|6|6|5|5|4|3|3|3|3|3|3|3|3|3|3|3|3|3|4,0.0009|-0.0005|-0.0051|-0.0071|-0.0068|-0.0205|-0.0469|-0.0660|-0.0989|-0.1524|-0.1483|-0.1070|-0.0501|-0.0289|-0.0305|-0.0241|-0.0175|-0.0126|-0.0107|-0.0055,-0.010;-0.010;-0.018;-0.018|-0.033;-0.034;-0.034;-0.035|-0.055;-0.055;-0.054;-0.061|-0.037;-0.038;-0.041;-0.049|-0.028;-0.029;-0.036;-0.032|-0.048;-0.042;-0.041;-0.025|-0.040;-0.032;-0.047;-0.018|-0.014;-0.016;-0.020;-0.005|0.019;-0.000;0.002;0.000|0.026;-0.002;0.004;0.000|0.142;0.082;0.025;0.001|0.111;0.053;0.004;-0.000|0.086;0.046;-0.001;-0.000|0.058;0.034;-0.003;-0.001|0.054;0.038;-0.001;-0.001|0.081;0.059;-0.002;-0.001|0.085;0.065;-0.002;-0.001|0.060;0.048;-0.002;-0.001|0.046;0.039;-0.001;-0.001|0.061;0.054;-0.002;-0.001,-0.016|0.003|0.003|0.010|0.012|0.012|0.015|0.004|-0.017|0.038|0.248|-0.169|-0.003|0.037|0.002|0.003|-0.001|0.008|0.004|0.001,-1.89|-3.35|-3.67|-2.81|-2.47|-2.37|-1.86|-0.92|-0.23|-0.50|-0.16|-0.16|0.17|0.84|0.97|1.19|1.26|1.20|1.09|1.40,0.2.9-dev
Baku_Race_Aug17_001_L4,17,True,5,5,0.0,0.0,0,0,8.414000000000001,3.867,4269.25,208,5,85418,4349.06,239,6,86668,4376.09,247,6,87068,8.466000000000001,3.851,4332.03,234,6,86418,1650,0,100,1.2,0.0,0.0,1.4,0,0,0,0,0,0,0,0,0,0,0,False,0,0,0,False,52|64|69|77,52|59|69|73,51|58|69|72,78|83|87|91,58,95,40,50,4269|4274|4279|4285|4290|4296|4302|4307|4313|4318|4324|4329|4335|4340|4346|4351|4357|4362|4368|4376,85418|85518|85601|85701|85784|85884|85968|86068|86151|86235|86335|86418|86468|86551|86635|86718|86801|86885|86968|87068,-789.5;466.5|-786.6;461.4|-784.1;457.1|-781.0;452.0|-778.4;447.7|-775.2;442.5|-772.3;438.2|-768.8;433.1|-765.7;428.8|-762.5;424.6|-758.5;419.6|-755.1;415.4|-752.9;412.9|-749.3;408.8|-745.6;404.8|-741.7;400.8|-737.8;396.9|-733.7;393.0|-729.6;389.1|-724.5;384.5,208|211|214|216|219|221|223|225|227|230|232|234|235|236|238|240|241|243|245|247,0|0|0|0|0|0|0|0|0|0|0|0|0|0|0|0|0|0|0|0,100|100|100|100|100|100|100|100|100|100|100|100|100|100|100|100|100|100|100|100,5|5|5|5|5|5|5|5|5|6|6|6|6|6|6|6|6|6|6|6,0.0120|0.0072|0.0068|0.0104|0.0147|0.0219|0.0222|0.0198|0.0167|0.0144|0.0176|0.0213|0.0232|0.0210|0.0178|0.0150|0.0110|0.0121|0.0095|0.0084,0.027;0.032;-0.001;-0.001|0.027;0.030;-0.001;-0.001|0.026;0.029;-0.001;-0.001|0.025;0.029;-0.001;-0.001|0.024;0.029;-0.001;-0.001|0.023;0.030;-0.001;-0.001|0.023;0.031;-0.001;-0.001|0.023;0.030;-0.001;-0.001|0.023;0.029;-0.001;-0.001|0.023;0.029;-0.001;-0.001|0.023;0.031;-0.001;-0.001|0.021;0.030;-0.001;-0.001|0.022;0.030;-0.001;-0.001|0.022;0.030;-0.001;-0.001|0.022;0.028;-0.001;-0.001|0.022;0.027;-0.001;-0.001|0.022;0.026;-0.001;-0.001|0.021;0.025;-0.001;-0.001|0.025;0.029;-0.001;-0.001|0.025;0.028;-0.001;-0.001,-0.006|-0.010|-0.003|0.006|0.014|0.014|0.007|-0.001|-0.006|-0.001|0.013|0.033|-0.000|0.001|-0.003|-0.008|-0.009|-0.004|-0.002|-0.005,0.83|0.82|0.80|0.77|0.75|0.70|0.68|0.66|0.65|0.75|0.65|0.64|0.60|0.60|0.60|0.59|0.59|0.58|0.74|0.74,0.2.9-dev
Baku_Race_Aug17_001_L4,18,True,5,5,0.0,0.0,0,0,8.459000000000001,3.829,4492.21,276,7,88652,4585.02,277,7,89835,4628.05,281,7,90385,8.498999999999999,3.767,4585.02,277,7,89835,1733,0,100,6.2,3.3,0.0,0.0,0,0,0,0,0,0,0,0,0,0,0,False,0,0,0,False,47|52|64|67,56|72|70|80,57|73|70|82,77|83|87|91,58,95,40,50,4492|4498|4505|4512|4519|4526|4533|4541|4548|4555|4562|4569|4576|4583|4591|4598|4605|4612|4619|4628,88652|88735|88835|88918|89018|89102|89202|89302|89402|89485|89569|89652|89735|89835|89919|90002|90102|90202|90285|90385,-636.7;308.5|-632.0;304.1|-626.5;298.8|-621.9;294.2|-616.7;288.5|-612.4;283.6|-607.5;277.6|-602.9;271.3|-598.6;264.9|-595.2;259.4|-592.0;253.7|-589.1;248.0|-586.4;242.1|-583.5;235.0|-581.3;228.9|-579.4;222.8|-577.4;215.4|-575.5;207.8|-574.1;201.5|-572.4;193.9,276|277|278|278|279|279|279|279|279|279|279|278|278|277|277|277|278|279|280|281,0|0|0|0|0|0|0|0|0|0|0|0|0|0|0|0|0|0|0|0,100|100|100|100|100|100|100|100|100|100|100|100|100|100|100|100|100|100|100|100,7|7|7|7|7|7|7|7|7|7|7|7|7|7|7|7|7|7|7|7,-0.0087|-0.0124|-0.0195|-0.0207|-0.0289|-0.0353|-0.0347|-0.0387|-0.0323|-0.0325|-0.0410|-0.0456|-0.0427|-0.0366|-0.0285|-0.0216|-0.0096|0.0011|0.0062|0.0065,0.020;0.017;-0.000;-0.000|0.020;0.017;-0.000;-0.000|0.021;0.016;-0.000;-0.000|0.022;0.016;-0.000;-0.000|0.024;0.016;-0.000;-0.000|0.026;0.016;-0.000;-0.000|0.028;0.017;-0.000;-0.000|0.029;0.018;-0.000;-0.000|0.029;0.018;-0.000;-0.000|0.028;0.018;-0.000;-0.000|0.029;0.018;-0.000;-0.000|0.029;0.017;-0.000;-0.000|0.031;0.018;-0.000;-0.000|0.031;0.019;-0.000;-0.000|0.029;0.019;-0.000;-0.000|0.026;0.018;-0.001;-0.000|0.022;0.017;-0.001;-0.000|0.019;0.017;-0.001;-0.000|0.017;0.018;-0.000;-0.000|0.017;0.018;-0.000;-0.000,-0.002|-0.012|-0.015|-0.014|-0.019|-0.017|-0.011|-0.006|-0.002|-0.011|-0.015|-0.001|-0.005|0.003|0.016|0.028|0.049|0.054|0.043|0.012,0.35|0.33|0.29|0.27|0.21|0.16|0.13|0.09|0.12|0.13|0.10|0.07|0.07|0.09|0.14|0.20|0.28|0.33|0.34|0.32,0.2.9-dev
Baku_Race_Aug17_001_L4,19,True,5,5,0.0,0.0,0,0,8.498999999999999,3.767,4641.17,283,7,90552,4689.5,283,7,91169,4797.35,287,7,92519,8.586,3.752,4744.86,282,7,91852,1967,0,100,2.1,0.0,0.0,0.0,0,0,0,0,0,0,0,0,0,0,0,False,0,0,0,False,56|71|70|80,65|72|76|80,74|71|83|79,78|83|88|91,58,95,40,50,4641|4648|4656|4664|4673|4681|4689|4698|4706|4714|4722|4731|4739|4747|4755|4764|4772|4780|4788|4797,90552|90669|90752|90869|90969|91069|91186|91302|91386|91486|91586|91686|91786|91902|92002|92119|92219|92319|92419|92519,-569.4;181.2|-567.1;172.3|-565.4;165.9|-562.7;157.1|-560.1;149.6|-557.2;142.3|-553.3;133.9|-548.9;125.8|-545.5;120.2|-541.2;113.7|-536.6;107.3|-531.8;101.1|-526.6;95.2|-520.3;88.6|-514.6;83.2|-507.8;77.1|-501.7;72.0|-495.7;67.0|-489.6;61.9|-483.4;56.9,283|284|284|285|285|284|283|282|282|282|282|282|282|282|282|282|284|285|286|287,0|0|0|0|0|0|0|0|0|0|0|0|0|0|0|0|0|0|0|0,100|100|100|100|100|100|100|100|100|100|100|100|100|100|100|100|100|100|100|100,7|7|7|7|7|7|7|7|7|7|7|7|7|7|7|7|7|7|7|7,0.0070|0.0215|0.0258|0.0387|0.0477|0.0470|0.0380|0.0293|0.0311|0.0369|0.0405|0.0396|0.0369|0.0312|0.0191|-0.0035|-0.0008|0.0054|0.0066|0.0057,0.016;0.018;-0.000;-0.000|0.015;0.020;-0.000;-0.000|0.015;0.021;-0.000;-0.000|0.015;0.024;-0.000;-0.000|0.016;0.028;-0.000;-0.000|0.018;0.031;-0.000;0.000|0.019;0.031;-0.000;-0.000|0.018;0.027;-0.000;-0.000|0.017;0.025;-0.000;-0.000|0.016;0.025;-0.000;-0.000|0.016;0.027;-0.000;-0.000|0.017;0.028;-0.000;-0.000|0.017;0.028;-0.000;-0.000|0.017;0.027;-0.000;-0.000|0.017;0.024;-0.000;-0.001|0.017;0.019;-0.000;-0.001|0.017;0.017;-0.000;-0.000|0.017;0.018;-0.000;-0.000|0.016;0.018;-0.000;-0.000|0.016;0.018;-0.000;-0.000,0.009|0.036|0.027|0.032|0.019|0.007|-0.007|-0.013|-0.011|0.002|0.007|0.003|-0.001|-0.008|-0.020|-0.040|-0.018|0.006|0.007|0.000,0.31|0.27|0.23|0.13|0.04|0.00|0.03|0.10|0.13|0.13|0.11|0.09|0.09|0.13|0.20|0.30|0.31|0.30|0.29|0.28,0.2.9-dev
Baku_Race_Aug17_001_L4,20,True,5,5,0.0,0.0,0,0,8.586,3.658,5022.63,310,8,95203,5085.12,311,8,95920,5151.66,312,8,96687,8.622,3.653,5112.61,311,8,96237,1484,0,100,9.3,7.3,0.0,0.0,0,0,0,0,0,0,0,0,0,0,0,False,0,0,0,False,55|55|67|65,55|54|67|63,53|52|65|61,79|84|89|92,58,95,40,50,5022|5027|5034|5041|5048|5055|5062|5069|5075|5082|5089|5096|5103|5110|5117|5123|5130|5137|5144|5151,95203|95286|95353|95453|95503|95587|95687|95737|95837|95903|95987|96053|96137|96237|96320|96370|96453|96537|96620|96687,-301.7;-76.3|-295.6;-80.2|-290.8;-83.3|-283.4;-87.9|-279.8;-90.2|-273.6;-93.9|-266.1;-98.2|-262.3;-100.3|-254.6;-104.3|-249.5;-107.0|-243.0;-110.1|-237.8;-112.6|-231.2;-115.5|-223.3;-119.0|-216.7;-121.9|-212.7;-123.6|-206.0;-126.5|-199.4;-129.4|-192.7;-132.2|-187.4;-134.5,310|311|311|311|311|311|311|311|311|311|311|311|311|311|312|312|312|312|312|312,0|0|0|0|0|0|0|0|0|0|0|0|0|0|0|0|0|0|0|0,100|100|100|100|100|100|100|100|100|100|100|100|100|100|100|100|100|100|100|100,8|8|8|8|8|8|8|8|8|8|8|8|8|8|8|8|8|8|8|8,0.0054|0.0069|0.0082|0.0106|0.0113|0.0123|0.0137|0.0145|0.0152|0.0141|0.0120|0.0087|-0.0000|-0.0017|0.0005|0.0018|0.0032|0.0014|0.0010|0.0018,0.014;0.015;-0.000;-0.000|0.014;0.015;-0.000;-0.000|0.013;0.015;-0.000;-0.000|0.013;0.015;-0.000;-0.000|0.013;0.016;-0.000;-0.000|0.013;0.016;-0.000;-0.000|0.013;0.016;-0.000;-0.000|0.013;0.016;-0.000;-0.000|0.013;0.017;-0.000;-0.000|0.013;0.017;-0.000;-0.000|0.013;0.016;-0.000;-0.000|0.013;0.016;-0.000;-0.000|0.014;0.015;-0.000;-0.000|0.014;0.014;-0.000;-0.000|0.014;0.014;-0.000;-0.000|0.014;0.014;-0.000;-0.000|0.014;0.014;-0.000;-0.000|0.014;0.014;-0.000;-0.000|0.014;0.014;-0.000;-0.000|0.014;0.014;-0.000;-0.000,0.002|0.003|0.005|0.006|0.005|0.005|0.005|0.005|0.003|0.002|0.001|-0.005|-0.013|-0.008|-0.001|0.003|0.002|0.000|-0.001|0.000,0.08|0.08|0.07|0.06|0.06|0.05|0.04|0.04|0.03|0.03|0.03|0.05|0.06|0.07|0.07|0.07|0.07|0.06|0.06|0.06,0.2.9-dev
Baku_Race_Aug17_001_L5,1,False,5,5,187.57,314,8,2133,8.588,4.099,181.74,315,8,2066,326.87,113,3,4883,386.98,158,3,6583,8.198000000000002,3.75,349.12,119,3,5583,4517,100,100,0.0,0.0,0.0,8.7,0,0,0,0,0,0,0,0,0,0,0,False,0,0,0,False,40|42|51|52,57|68|58|66,55|67|63|71,80|84|90|93,58,95,40,50,181|190|201|212|223|234|245|255|266|277|288|299|310|321|332|342|353|364|375|386,2066|2199|2299|2449|2583|2766|2916|3116|3349|3583|3866|4183|4500|4750|5033|5400|5733|6033|6316|6583,764.9;-512.3|775.7;-516.6|783.5;-519.7|794.6;-524.1|803.7;-527.7|815.2;-532.4|823.8;-535.9|834.1;-540.3|844.6;-545.0|853.7;-549.5|863.1;-555.4|871.6;-562.6|878.1;-570.9|881.8;-578.1|884.3;-586.6|885.2;-598.3|883.8;-609.3|881.0;-619.6|877.5;-630.2|873.4;-640.7,315|310|296|275|256|232|212|189|167|149|132|122|117|115|113|116|123|134|147|158,0|74|100|100|100|100|100|100|99|85|39|0|0|0|0|0|0|0|0|0,100|50|2|0|0|0|0|0|0|0|0|6|31|29|45|57|76|100|100|100,8|8|8|8|8|7|7|6|5|4|3|3|3|3|3|3|3|3|3|3,-0.0004|-0.0005|-0.0010|-0.0011|-0.0017|-0.0032|-0.0043|-0.0088|-0.0178|-0.0506|-0.0518|-0.0956|-0.1264|-0.1263|-0.0913|-0.0804|-0.0420|-0.0143|-0.0089|-0.0034,0.013;0.013;-0.000;-0.000|-0.014;-0.014;-0.020;-0.020|-0.032;-0.032;-0.030;-0.030|-0.036;-0.037;-0.034;-0.034|-0.041;-0.041;-0.038;-0.037|-0.045;-0.044;-0.051;-0.044|-0.049;-0.048;-0.061;-0.048|-0.073;-0.071;-0.079;-0.062|-0.060;-0.056;-0.078;-0.048|-0.039;-0.043;-0.086;-0.035|0.027;0.012;-0.079;-0.016|0.003;-0.007;0.002;0.000|0.042;0.008;0.002;0.000|0.048;0.010;0.002;-0.000|0.050;0.016;-0.001;-0.000|0.057;0.022;-0.002;-0.000|0.059;0.034;-0.002;-0.001|0.065;0.063;-0.003;-0.001|0.064;0.053;-0.002;-0.001|0.042;0.038;-0.001;-0.001,-0.003|-0.021|-0.000|-0.002|-0.003|-0.013|-0.005|-0.010|-0.025|-0.022|0.009|-0.009|-0.001|-0.157|0.007|-0.003|0.010|0.120|-0.012|0.017,-0.02|-2.75|-4.07|-4.01|-3.94|-3.84|-3.65|-3.29|-3.06|-2.31|-0.73|-0.48|-0.20|-0.34|0.14|0.39|0.81|1.31|1.25|1.13,0.2.9-dev
Baku_Race_Aug17_001_L5,2,False,5,5,566.34,241,6,9716,8.024000000000001,3.494,570.79,239,6,9783,672.61,98,2,12299,713.0,132,2,13649,7.939999999999998,3.418,687.56,103,2,12866,3933,97,90,0.0,0.0,0.0,11.4,0,0,0,0,0,0,0,0,0,0,0,False,0,0,0,False,47|53|61|64,56|69|63|71,54|68|66|74,79|84|89|92,58,95,40,50,566|577|585|592|600|607|614|622|629|637|644|652|659|667|674|682|689|696|704|713,9783|9916|10033|10150|10300|10466|10616|10800|11016|11216|11483|11766|11983|12149|12383|12666|12949|13199|13416|13649,800.0;-809.3|796.6;-817.2|793.8;-823.8|791.2;-829.9|788.1;-837.1|785.0;-844.5|782.3;-850.6|779.4;-857.3|776.0;-864.5|772.7;-870.1|767.9;-876.5|761.8;-881.9|756.6;-885.1|752.3;-886.9|746.1;-888.6|738.3;-889.0|730.3;-888.0|722.8;-886.3|715.9;-884.2|708.1;-881.5,239|226|212|198|181|165|153|137|124|112|105|102|101|100|98|100|106|115|122|132,45|87|94|97|85|68|69|65|52|33|1|0|0|0|0|0|0|0|0|0,60|7|3|1|0|0|0|0|0|0|0|34|32|29|41|37|71|75|86|90,6|6|6|6|5|5|4|4|3|2|2|2|2|2|2|2|2|2|2|2,-0.0007|-0.0011|0.0001|0.0009|0.0003|-0.0014|-0.0029|-0.0136|-0.0529|-0.0704|-0.1086|-0.1367|-0.1213|-0.1188|-0.0771|-0.0406|-0.0313|-0.0304|-0.0155|-0.0095,-0.005;-0.005;-0.015;-0.016|-0.036;-0.037;-0.036;-0.036|-0.050;-0.050;-0.044;-0.044|-0.067;-0.068;-0.055;-0.059|-0.012;-0.012;-0.050;-0.054|-0.047;-0.047;-0.033;-0.032|-0.035;-0.035;-0.045;-0.043|-0.064;-0.057;-0.041;-0.032|-0.052;-0.040;-0.063;-0.023|0.041;0.013;-0.017;-0.008|0.001;-0.009;-0.002;-0.000|0.057;0.012;0.001;-0.000|0.096;0.022;-0.001;0.001|0.076;0.021;0.011;0.000|0.097;0.043;0.000;-0.000|0.043;0.017;-0.002;-0.000|0.064;0.041;-0.002;-0.001|0.068;0.044;-0.002;-0.001|0.065;0.055;-0.002;-0.001|0.059;0.054;-0.001;-0.001,0.008|0.005|0.006|0.000|-0.003|0.000|-0.003|-0.019|-0.008|-0.054|-0.009|-0.000|-0.034|0.001|0.002|-0.000|-0.002|-0.003|-0.004|-0.001,-1.40|-3.31|-3.51|-3.51|-2.49|-2.57|-2.36|-2.37|-1.90|-0.37|-0.54|-0.04|0.08|-0.22|0.18|0.23|0.97|1.01|1.09|1.11,0.2.9-dev
Baku_Race_Aug17_001_L5,3,False,5,5,1415.39,297,7,23633,8.05,3.099,1405.74,297,7,23516,1536.49,105,2,26083,1606.11,160,3,28133,8.280999999999999,3.082,1563.83,114,2,27016,4617,100,100,8.0,8.0,0.0,16.2,0,0,0,0,0,0,0,0,0,0,0,False,0,0,0,False,41|43|53|55,57|69|59|67,54|69|67|77,78|83|89|92,58,95,40,50,1405|1415|1426|1436|1447|1457|1468|1478|1489|1500|1510|1521|1531|1542|1553|1563|1574|1584|1595|1606,23516|23666|23766|23916|24066|24216|24416|24616|24816|25083|25366|25699|25983|26283|26666|27016|27333|27649|27883|28133,67.0;-618.9|55.6;-614.0|48.2;-610.8|37.6;-606.4|27.9;-602.3|18.9;-598.5|8.1;-594.0|-1.5;-589.9|-10.0;-585.9|-19.9;-580.7|-28.5;-574.9|-36.1;-567.2|-40.6;-560.1|-43.6;-551.8|-44.8;-540.6|-43.1;-530.0|-40.0;-519.9|-35.9;-508.9|-32.1;-500.3|-27.5;-490.5,297|296|285|264|243|224|199|177|160|140|124|110|106|105|108|114|126|139|150|160,0|36|100|100|100|100|100|100|100|95|59|0|0|0|0|0|0|0|0|0,100|76|5|0|0|0|0|0|0|0|0|1|37|41|55|67|99|100|100|100,7|7|7|7|7|6|5|4|4|3|2|2|2|2|2|2|2|2|3|3,-0.0004|0.0026|0.0022|-0.0001|-0.0005|-0.0011|-0.0047|-0.0128|-0.0248|-0.0527|-0.1001|-0.1526|-0.1602|-0.1333|-0.0925|-0.0280|-0.0160|-0.0092|-0.0062|-0.0052,0.014;0.013;-0.000;-0.000|-0.000;-0.000;-0.010;-0.010|-0.032;-0.033;-0.030;-0.032|-0.038;-0.039;-0.035;-0.037|-0.044;-0.045;-0.040;-0.041|-0.050;-0.050;-0.045;-0.046|-0.039;-0.038;-0.043;-0.042|-0.009;-0.017;-0.017;-0.016|-0.053;-0.043;-0.021;-0.025|-0.051;-0.053;-0.110;-0.049|-0.026;-0.022;-0.049;-0.013|0.004;-0.010;-0.011;0.001|0.068;0.021;0.001;-0.000|0.078;0.026;-0.000;-0.000|0.095;0.042;-0.003;-0.000|0.074;0.044;-0.002;-0.001|0.092;0.080;-0.002;-0.001|0.073;0.063;-0.002;-0.001|0.079;0.065;-0.002;-0.001|0.044;0.040;-0.001;-0.001,-0.001|0.016|0.012|0.006|0.006|0.013|-0.003|-0.021|0.001|0.004|-0.003|0.000|-0.001|-0.006|0.005|0.041|-0.006|-0.004|0.002|-0.005,0.08|-1.24|-3.99|-3.96|-3.89|-3.77|-3.25|-2.01|-2.08|-2.32|-1.30|-0.74|-0.04|0.09|0.39|0.79|1.25|1.18|1.32|1.08,0.2.9-dev
Baku_Race_Aug17_001_L5,4,False,5,5,1680.57,206,5,29583,8.374,3.082,1688.16,200,5,29716,1768.56,91,2,31883,1813.61,131,2,33466,8.524,2.887,1790.05,101,2,32733,3883,100,92,0.0,0.0,0.0,9.0,0,0,0,0,0,0,0,0,0,0,0,False,0,0,0,False,50|61|66|73,65|64|70|69,63|60|72|71,78|83|88|91,58,95,40,50,1680|1692|1699|1706|1712|1719|1726|1732|1739|1746|1752|1759|1766|1772|1779|1786|1792|1799|1806|1813,29716|29816|29966|30083|30233|30399|30583|30783|30983|31233|31433|31616|31799|32066|32333|32599|32833|33049|33282|33466,8.8;-416.6|11.1;-411.7|14.1;-404.8|16.3;-399.8|18.9;-393.9|21.4;-387.8|23.7;-381.4|25.6;-374.8|26.9;-368.5|27.3;-361.1|26.8;-355.6|25.6;-350.9|23.7;-346.5|20.0;-340.8|15.2;-336.0|9.4;-331.9|3.7;-328.7|-2.2;-325.7|-9.2;-322.6|-15.2;-320.1,200|189|173|161|149|137|127|120|111|101|97|94|92|91|93|98|105|113|123|131,73|99|91|81|59|49|37|30|25|7|0|0|0|0|0|0|0|0|0|0,22|6|0|0|0|0|0|0|0|0|13|14|26|34|42|56|74|82|90|92,5|5|5|4|4|3|3|2|2|2|2|2|2|2|2|2|2|2|2|2,0.0026|0.0029|0.0046|0.0063|0.0124|0.0250|0.0402|0.0606|0.0980|0.1623|0.1768|0.1709|0.1714|0.1427|0.1043|0.0463|0.0400|0.0175|0.0068|0.0016,-0.025;-0.025;-0.029;-0.032|-0.059;-0.060;-0.061;-0.075|-0.065;-0.061;-0.033;-0.038|-0.032;-0.034;-0.044;-0.056|-0.038;-0.043;-0.025;-0.031|0.009;0.014;-0.021;-0.032|-0.026;-0.030;-0.014;-0.027|-0.019;-0.019;-0.011;-0.024|-0.020;-0.020;-0.011;-0.046|-0.014;-0.003;-0.004;-0.031|-0.001;0.037;0.000;0.005|0.013;0.055;0.000;0.009|0.010;0.059;-0.000;0.002|0.013;0.062;-0.000;-0.001|0.018;0.063;-0.000;-0.002|0.024;0.042;-0.001;-0.001|0.043;0.067;-0.001;-0.002|0.069;0.084;-0.001;-0.002|0.085;0.090;-0.001;-0.002|0.105;0.105;-0.001;-0.002,-0.005|-0.001|-0.002|-0.005|-0.008|-0.006|-0.008|-0.013|-0.009|-0.005|0.031|0.341|-0.242|0.004|0.007|0.006|-0.001|0.002|0.002|-0.001,-2.54|-3.37|-2.89|-2.74|-2.21|-0.89|-1.52|-1.20|-1.15|-0.81|-0.46|-0.22|-0.32|0.08|0.31|0.67|0.99|1.13|1.22|1.29,0.2.9-dev
Baku_Race_Aug17_001_L5,5,False,5,5,1999.09,250,6,36782,8.639999999999999,2.894,2003.71,248,6,36849,2114.05,102,2,39457,2127.2,103,2,39891,8.654000000000002,2.87,0.0,0.0,0,0,3109,100,32,9.5,9.5,0.0,7.4,0,0,0,0,0,0,0,0,0,0,0,False,0,0,0,False,51|51|71|71,60|74|67|77,60|75|67|78,78|83|88|91,58,95,40,50,1999|2009|2016|2022|2029|2035|2042|2048|2055|2061|2068|2074|2081|2087|2094|2100|2107|2113|2120|2127,36849|36949|37049|37166|37266|37374|37507|37657|37791|37974|38124|38324|38541|38724|38924|39074|39274|39457|39657|39891,-190.4;-246.2|-196.3;-242.9|-201.9;-239.8|-208.1;-236.2|-213.0;-233.3|-218.3;-230.0|-224.0;-226.4|-229.8;-222.5|-234.5;-219.2|-240.4;-214.7|-244.6;-210.9|-249.3;-205.7|-253.5;-199.9|-256.2;-194.8|-258.2;-189.1|-259.1;-184.7|-259.7;-178.8|-259.4;-173.6|-258.2;-168.0|-255.9;-161.7,248|238|225|211|200|188|173|162|150|139|131|122|115|111|108|106|104|102|102|103,51|84|100|100|99|97|83|72|73|72|47|30|0|0|0|0|0|0|0|0,50|3|0|0|0|0|0|0|0|0|0|0|0|9|27|27|27|31|32|32,6|6|6|6|6|5|5|4|4|3|3|2|2|2|2|2|2|2|2|2,-0.0089|-0.0064|-0.0080|-0.0078|-0.0085|-0.0094|-0.0129|-0.0195|-0.0359|-0.0547|-0.0591|-0.0926|-0.1273|-0.1489|-0.1305|-0.1488|-0.1575|-0.1410|-0.0861|-0.0088,-0.007;-0.009;-0.020;-0.016|-0.033;-0.033;-0.037;-0.028|-0.050;-0.047;-0.045;-0.029|-0.055;-0.053;-0.071;-0.047|-0.038;-0.037;-0.045;-0.040|-0.048;-0.047;-0.055;-0.045|-0.070;-0.069;-0.079;-0.040|-0.039;-0.038;-0.086;-0.030|-0.060;-0.049;-0.055;-0.024|-0.043;-0.040;-0.091;-0.019|-0.035;-0.027;-0.052;-0.017|-0.008;-0.017;-0.034;-0.011|0.007;-0.008;0.004;0.001|0.016;-0.004;0.006;0.001|0.047;0.010;0.002;0.000|0.063;0.011;0.002;0.000|0.064;0.014;0.004;0.000|0.066;0.017;0.002;0.000|0.054;0.015;-0.001;-0.000|0.012;0.010;-0.001;-0.000,0.024|0.009|0.004|0.008|0.000|0.009|0.008|0.027|0.014|-0.004|0.007|0.022|0.004|0.001|-0.003|0.102|-0.065|0.012|-0.011|-0.059,-1.62|-3.22|-3.72|-3.58|-3.04|-3.05|-3.02|-2.59|-2.27|-2.20|-1.50|-1.03|-0.56|-0.53|-0.16|-0.26|-0.21|-0.11|0.09|0.25,0.2.9-dev
Baku_Race_Aug17_001_L5,6,False,5,5,0.0,0.0,0,0,8.654000000000002,2.87,2127.67,103,2,39907,2165.94,93,2,41124,2210.85,134,3,42674,8.740000000000002,2.577,2187.81,103,2,41974,2767,0,92,0.0,0.0,0.0,1.3,0,0,0,0,0,0,0,0,0,0,0,False,0,0,0,False,60|75|67|78,70|72|70|74,68|66|74|75,78|83|88|91,58,95,40,50,2127|2131|2136|2140|2144|2149|2153|2157|2162|2166|2170|2175|2179|2183|2188|2192|2196|2201|2205|2210,39907|40057|40207|40391|40541|40674|40791|40891|41007|41157|41357|41524|41691|41840|42007|42157|42290|42407|42540|42674,-255.7;-161.3|-254.0;-157.3|-252.5;-153.2|-251.1;-148.1|-250.5;-143.9|-250.4;-140.2|-250.5;-137.1|-250.9;-134.4|-251.7;-131.4|-253.0;-127.8|-255.4;-123.2|-258.0;-119.7|-261.0;-116.5|-264.1;-113.9|-267.9;-111.0|-271.5;-108.4|-275.0;-106.0|-278.2;-103.8|-281.9;-101.1|-285.9;-98.3,103|104|105|102|100|98|96|95|94|93|92|93|96|99|104|110|116|122|127|134,0|0|0|0|0|0|0|0|0|0|0|0|0|0|0|0|0|0|0|0,32|32|15|7|17|26|26|26|26|31|37|49|56|60|69|87|88|88|89|94,2|2|2|2|2|2|2|2|2|2|2|2|2|2|2|2|2|2|2|3,-0.0049|0.0356|0.1004|0.1927|0.2098|0.1970|0.1916|0.1941|0.1972|0.1896|0.1625|0.1162|0.0819|0.0307|0.0059|0.0024|0.0011|-0.0028|-0.0020|-0.0010,0.011;0.010;-0.001;-0.000|0.008;0.014;-0.000;-0.000|-0.003;0.015;-0.000;0.001|-0.005;0.018;0.001;0.004|0.002;0.042;0.001;0.005|0.014;0.072;0.000;0.004|0.013;0.068;0.000;0.003|0.015;0.070;0.000;0.003|0.014;0.068;0.000;0.003|0.015;0.069;0.000;0.002|0.019;0.077;-0.000;-0.000|0.034;0.096;-0.000;-0.003|0.043;0.099;-0.000;-0.004|0.043;0.079;-0.001;-0.003|0.037;0.042;-0.001;-0.001|0.069;0.074;-0.001;-0.002|0.077;0.080;-0.001;-0.002|0.068;0.067;-0.001;-0.001|0.055;0.054;-0.001;-0.001|0.090;0.089;-0.001;-0.001,-0.055|-0.040|-0.033|-0.004|-0.037|-0.024|-0.003|-0.000|0.001|0.001|0.004|0.002|0.005|0.014|0.015|-0.002|0.001|0.002|0.001|0.002,0.24|0.21|-0.15|-0.49|-0.40|-0.22|-0.21|-0.20|-0.19|-0.11|0.05|0.39|0.58|0.81|0.91|1.25|1.28|1.25|1.17|1.39,0.2.9-dev
Baku_Race_Aug17_001_L5,7,False,5,5,2451.14,250,7,46924,8.673,2.807,2453.45,249,7,46957,2571.11,67,2,50057,2636.33,152,3,52357,8.531,2.816,2578.39,72,2,50474,5433,91,100,0.0,0.0,0.0,12.2,0,0,0,0,0,0,0,0,0,0,0,False,0,0,0,False,50|50|64|65,75|61|70|63,65|56|81|76,78|82|88|91,58,95,40,50,2451|2461|2471|2481|2490|2500|2510|2519|2529|2539|2548|2558|2568|2577|2587|2597|2606|2616|2626|2636,46957|47090|47240|47407|47574|47774|47990|48207|48474|48840|49107|49440|49907|50474|50890|51257|51574|51857|52140|52357,-480.4;46.6|-487.6;52.0|-495.3;57.8|-503.3;63.7|-510.7;69.3|-518.7;75.5|-526.5;81.4|-533.4;86.5|-541.1;91.7|-551.3;96.3|-558.3;97.6|-566.2;97.2|-575.2;93.3|-581.8;84.8|-585.1;76.2|-588.1;66.9|-590.5;57.5|-592.5;48.0|-594.6;37.4|-596.7;28.8,249|238|222|207|192|172|152|134|118|100|91|81|70|72|87|103|117|130|143|152,33|77|68|60|69|90|75|58|64|20|0|0|0|0|0|0|0|0|0|0,79|10|2|0|0|0|0|0|0|0|0|0|0|65|91|95|98|100|100|100,7|7|7|7|7|6|5|4|4|3|3|2|2|2|2|2|3|3|3|3,-0.0003|-0.0002|-0.0014|-0.0016|-0.0021|-0.0005|0.0048|0.0262|0.0895|0.1862|0.2631|0.2886|0.3403|0.0657|0.0196|0.0051|-0.0118|-0.0183|-0.0054|-0.0032,0.003;0.003;-0.011;-0.011|-0.028;-0.029;-0.027;-0.027|-0.029;-0.029;-0.024;-0.024|-0.027;-0.027;-0.023;-0.022|-0.036;-0.035;-0.030;-0.029|-0.066;-0.066;-0.061;-0.055|-0.030;-0.030;-0.065;-0.057|-0.061;-0.061;-0.026;-0.043|-0.015;-0.003;-0.023;-0.040|-0.023;-0.030;-0.017;-0.053|-0.012;0.012;0.001;0.000|0.003;0.055;0.002;0.004|-0.006;0.042;0.002;0.006|0.041;0.098;-0.001;-0.002|0.094;0.110;-0.001;-0.002|0.200;0.223;-0.001;-0.002|0.234;0.256;-0.001;-0.002|0.115;0.106;-0.001;-0.002|0.072;0.062;-0.002;-0.001|0.052;0.048;-0.001;-0.001,0.020|0.008|0.003|0.003|0.003|0.007|-0.016|-0.013|-0.032|-0.047|0.004|-0.001|0.001|-0.028|-0.021|0.003|-0.010|-0.024|0.004|0.005,-0.90|-3.01|-2.79|-2.44|-2.66|-3.15|-2.02|-2.07|-1.29|-1.30|-1.01|-0.41|-0.70|0.77|1.22|1.24|1.23|1.37|1.29|1.18,0.2.9-dev
Baku_Race_Aug17_001_L5,8,False,5,5,2702.9,198,5,53707,8.43,2.816,2703.81,197,5,53724,2750.52,114,2,54857,2751.03,114,2,54874,8.447,2.903,0.0,0.0,0,0,1167,100,0,0.0,0.0,0.0,5.6,0,0,0,0,0,0,0,0,0,0,0,False,0,0,0,False,59|53|76|73,62|60|73|73,62|60|73|73,78|82|88|90,58,95,40,50,2702|2705|2708|2710|2713|2715|2718|2720|2723|2725|2728|2730|2733|2735|2738|2740|2743|2745|2748|2751,53724|53774|53824|53857|53907|53974|54040|54074|54124|54174|54257|54307|54357|54424|54490|54557|54640|54707|54790|54874,-614.5;-36.4|-615.3;-39.0|-616.0;-41.6|-616.5;-43.2|-617.3;-45.6|-618.3;-48.8|-619.2;-51.8|-619.7;-53.2|-620.4;-55.3|-621.0;-57.4|-622.2;-60.7|-622.9;-62.6|-623.6;-64.5|-624.5;-66.9|-625.5;-69.1|-626.5;-71.3|-627.9;-73.9|-629.0;-75.9|-630.4;-78.2|-632.0;-80.4,197|194|189|185|180|172|166|163|159|154|147|144|141|136|132|128|123|119|117|114,38|64|82|92|100|100|100|100|100|100|100|92|88|86|77|66|55|43|32|18,52|18|7|4|2|0|0|0|0|0|0|0|0|0|0|0|0|0|0|0,5|5|5|5|5|4|4|4|4|4|4|3|3|3|3|3|3|3|2|2,-0.0035|-0.0046|-0.0051|-0.0055|-0.0064|-0.0089|-0.0116|-0.0129|-0.0158|-0.0197|-0.0306|-0.0369|-0.0413|-0.0495|-0.0569|-0.0663|-0.0768|-0.0824|-0.0877|-0.0888,-0.001;-0.001;-0.016;-0.015|-0.022;-0.022;-0.027;-0.026|-0.039;-0.039;-0.042;-0.038|-0.054;-0.053;-0.061;-0.052|-0.065;-0.061;-0.035;-0.038|-0.076;-0.076;-0.067;-0.045|-0.045;-0.043;-0.087;-0.064|-0.057;-0.055;-0.078;-0.059|-0.044;-0.038;-0.019;-0.027|-0.062;-0.058;-0.093;-0.063|-0.062;-0.055;-0.079;-0.037|-0.026;-0.028;-0.048;-0.035|-0.019;-0.023;-0.013;-0.021|-0.042;-0.034;-0.011;-0.013|-0.051;-0.043;-0.088;-0.015|-0.043;-0.048;-0.093;-0.031|-0.038;-0.045;-0.095;-0.026|0.007;-0.008;-0.044;-0.016|0.018;-0.007;-0.077;-0.014|-0.009;-0.014;-0.024;-0.007,0.003|0.004|0.002|0.002|-0.011|-0.007|-0.001|0.007|-0.045|0.029|0.026|-0.022|-0.029|-0.007|0.032|0.015|0.018|-0.025|-0.016|-0.003,-0.85|-2.16|-2.86|-3.17|-3.09|-2.99|-2.81|-2.91|-2.05|-2.79|-2.69|-2.22|-1.36|-1.80|-2.14|-1.95|-1.75|-1.10|-0.62|-0.85,0.2.9-dev
Baku_Race_Aug17_001_L5,9,False,5,5,2751.53,113,2,54890,8.447,2.903,2752.51,112,2,54924,2755.67,110,2,55024,2776.84,117,2,55624,8.505999999999998,2.903,2774.11,115,2,55540,734,15,69,0.0,0.0,0.0,1.7,0,0,0,0,0,0,0,0,0,0,0,False,0,0,0,False,62|60|73|73,62|61|72|74,62|64|72|76,78|82|88|90,58,95,40,50,2751|2753|2754|2755|2756|2758|2759|2760|2762|2763|2764|2766|2767|2768|2770|2771|2772|2774|2775|2776,54924|54974|54990|55024|55074|55107|55157|55174|55207|55240|55257|55290|55324|55374|55440|55474|55507|55540|55590|55624,-632.9;-81.6|-633.9;-82.8|-634.3;-83.2|-634.9;-84.0|-636.0;-85.1|-636.7;-85.8|-637.9;-86.9|-638.2;-87.2|-639.0;-87.9|-639.8;-88.5|-640.2;-88.8|-641.0;-89.5|-641.9;-90.1|-643.2;-90.9|-644.9;-92.0|-645.9;-92.5|-646.8;-93.0|-647.8;-93.4|-649.2;-94.1|-650.2;-94.5,112|111|111|110|110|110|110|110|110|110|111|111|111|112|113|113|114|115|116|117,10|1|0|0|0|0|0|0|0|0|0|0|0|0|0|0|0|0|0|0,2|11|15|21|33|39|46|47|50|52|53|55|57|58|60|61|63|65|68|71,2|2|2|2|2|2|2|2|2|2|2|2|2|2|2|2|2|2|2|2,-0.0932|-0.1015|-0.1037|-0.1086|-0.1088|-0.1082|-0.1057|-0.1037|-0.0970|-0.0891|-0.0842|-0.0767|-0.0705|-0.0625|-0.0546|-0.0472|-0.0363|-0.0261|-0.0183|-0.0144,-0.008;-0.013;-0.027;-0.005|0.008;-0.005;-0.003;-0.000|0.016;-0.005;0.001;0.000|0.028;0.001;0.002;0.000|0.041;0.009;0.001;0.000|0.051;0.013;0.000;-0.000|0.066;0.020;-0.000;-0.000|0.070;0.021;-0.000;-0.000|0.079;0.025;-0.000;-0.000|0.087;0.029;-0.000;-0.000|0.091;0.030;-0.000;-0.000|0.099;0.032;-0.000;-0.000|0.104;0.035;-0.001;-0.000|0.098;0.033;-0.001;-0.000|0.078;0.028;-0.001;-0.000|0.065;0.026;-0.002;-0.000|0.051;0.024;-0.002;-0.000|0.037;0.023;-0.002;-0.000|0.029;0.024;-0.001;-0.001|0.030;0.026;-0.001;-0.001,0.008|-0.011|-0.010|-0.014|-0.011|-0.011|-0.038|-0.046|-0.073|-0.129|-0.136|-0.215|-0.225|-0.295|-0.261|-0.229|-0.198|-0.154|-0.074|-0.040,-0.81|-0.50|-0.41|-0.28|-0.09|0.01|0.14|0.17|0.21|0.29|0.30|0.33|0.41|0.44|0.55|0.65|0.69|0.78|0.77|0.79,0.2.9-dev
Baku_Race_Aug17_001_L5,10,False,5,5,0.0,0.0,0,0,8.505999999999998,2.903,2777.99,118,2,55657,2812.35,138,2,56574,2812.99,137,2,56590,8.519999999999998,2.819,2789.18,129,2,55974,933,0,86,0.0,0.0,0.0,0.9,0,0,0,0,0,0,0,0,0,0,0,False,0,0,0,False,61|63|72|76,59|62|71|75,59|62|71|75,78|82|88|90,58,95,40,50,2777|2779|2781|2783|2785|2786|2788|2790|2792|2794|2796|2798|2799|2801|2803|2805|2807|2809|2810|2812,55657|55707|55774|55807|55857|55924|55974|56024|56074|56124|56174|56224|56274|56324|56374|56407|56457|56507|56557|56590,-651.2;-94.9|-652.7;-95.6|-654.8;-96.4|-655.8;-96.9|-657.4;-97.5|-659.6;-98.3|-661.3;-99.0|-663.0;-99.6|-664.7;-100.2|-666.4;-100.8|-668.2;-101.3|-670.0;-101.9|-671.8;-102.4|-673.7;-102.8|-675.5;-103.3|-676.8;-103.5|-678.7;-103.9|-680.6;-104.2|-682.5;-104.4|-683.7;-104.6,118|119|122|123|125|127|129|130|132|133|135|136|137|138|139|139|139|139|138|137,0|0|0|0|0|0|0|0|0|0|0|0|0|0|0|0|0|0|0|7,73|78|82|83|86|86|86|85|83|82|81|80|77|70|59|48|37|25|15|8,2|2|2|2|2|2|2|2|2|2|2|2|2|2|2|2|2|2|2|2,-0.0095|-0.0100|-0.0126|-0.0138|-0.0180|-0.0213|-0.0212|-0.0233|-0.0280|-0.0361|-0.0438|-0.0481|-0.0494|-0.0507|-0.0538|-0.0541|-0.0526|-0.0520|-0.0534|-0.0508,0.033;0.030;-0.001;-0.001|0.039;0.036;-0.001;-0.001|0.045;0.041;-0.001;-0.001|0.046;0.041;-0.001;-0.001|0.049;0.041;-0.001;-0.001|0.051;0.040;-0.001;-0.001|0.051;0.039;-0.001;-0.001|0.051;0.036;-0.001;-0.001|0.050;0.034;-0.001;-0.001|0.050;0.031;-0.001;-0.001|0.051;0.030;-0.001;-0.001|0.050;0.028;-0.001;-0.001|0.047;0.025;-0.001;-0.001|0.043;0.021;-0.001;-0.001|0.035;0.015;-0.001;-0.000|0.028;0.011;-0.000;-0.000|0.018;0.005;-0.000;0.000|0.012;0.001;0.000;0.000|0.009;-0.001;0.001;0.000|0.005;-0.006;-0.009;-0.004,-0.021|-0.036|-0.043|-0.038|-0.030|-0.031|-0.033|-0.028|-0.026|-0.033|-0.042|-0.047|-0.042|-0.045|-0.060|-0.064|0.003|0.117|0.164|0.154,0.83|0.88|1.00|1.01|1.02|1.00|0.98|0.93|0.85|0.80|0.73|0.67|0.61|0.52|0.31|0.17|-0.04|-0.20|-0.32|-0.53,0.2.9-dev
Baku_Race_Aug17_001_L5,11,False,5,5,2813.63,137,2,56607,8.519999999999998,2.819,2814.89,136,2,56640,2887.83,82,2,59090,2888.55,82,2,59124,8.563,2.835,0.0,0.0,0,0,2517,30,54,0.0,0.0,0.0,2.9,0,0,0,0,0,0,0,0,0,0,0,False,0,0,0,False,59|62|71|75,76|62|87|77,76|62|87|77,78|82|88|90,58,95,40,50,2813|2818|2822|2826|2830|2834|2838|2841|2845|2849|2853|2857|2861|2865|2869|2872|2876|2880|2884|2888,56640|56740|56857|56974|57090|57207|57340|57457|57590|57724|57824|57940|58074|58207|58340|58490|58657|58790|58974|59124,-685.6;-104.8|-689.3;-105.1|-693.5;-105.2|-697.5;-105.4|-701.4;-105.7|-705.1;-106.2|-709.2;-107.0|-712.6;-107.9|-716.2;-109.2|-719.6;-110.8|-722.0;-112.1|-724.6;-113.8|-727.3;-115.9|-729.8;-118.3|-732.0;-120.9|-734.2;-124.2|-736.1;-128.0|-737.3;-131.1|-738.3;-135.5|-738.7;-138.9,136|132|127|122|117|114|111|107|102|99|96|94|92|92|93|93|92|89|84|82,18|30|26|26|17|3|6|9|0|0|0|0|0|0|0|0|0|0|0|0,2|0|0|0|0|0|0|0|0|0|12|28|47|52|54|54|13|0|3|10,2|2|2|2|2|2|2|2|2|2|2|2|2|2|2|2|2|2|2|2,-0.0411|-0.0139|0.0126|0.0510|0.0889|0.1228|0.1572|0.1761|0.1971|0.2075|0.2066|0.2049|0.1823|0.1436|0.1056|0.0541|-0.0307|-0.1025|-0.1643|-0.1936,-0.004;-0.014;-0.019;-0.009|-0.024;-0.025;-0.022;-0.013|-0.024;-0.017;-0.013;-0.012|-0.019;-0.018;-0.012;-0.027|-0.016;-0.014;-0.009;-0.040|-0.011;-0.003;-0.001;-0.010|-0.011;0.003;-0.005;-0.014|-0.016;-0.005;-0.010;-0.042|-0.011;0.008;0.001;-0.007|-0.007;0.021;0.002;0.012|0.001;0.040;0.002;0.013|0.029;0.085;0.001;0.010|0.073;0.141;-0.001;0.003|0.103;0.184;-0.001;-0.001|0.126;0.212;-0.000;-0.001|0.151;0.246;0.000;0.003|0.109;0.199;0.001;0.012|0.022;0.084;0.001;0.029|-0.003;0.014;0.001;0.007|0.011;-0.009;0.001;-0.002,0.111|0.064|0.061|0.067|0.091|0.101|0.105|0.099|0.107|0.075|0.067|0.065|0.027|0.034|0.010|0.020|0.026|-0.035|-0.004|-0.066,-0.82|-1.30|-1.18|-1.19|-0.96|-0.64|-0.71|-0.88|-0.68|-0.63|-0.56|-0.28|0.07|0.29|0.33|0.33|0.14|-0.15|-0.20|-0.14,0.2.9-dev
Baku_Race_Aug17_001_L5,12,False,5,5,0.0,0.0,0,0,8.563,2.835,2889.63,81,2,59174,2891.4,80,2,59257,2990.71,156,3,62690,8.139999999999999,3.16,2917.56,83,2,60540,3516,0,100,0.0,0.0,0.0,1.1,0,0,0,0,0,0,0,0,0,0,0,False,0,0,0,False,75|62|87|77,75|62|86|77,62|61|84|85,78|82|88|90,58,95,40,50,2889|2894|2900|2905|2910|2915|2921|2926|2931|2937|2942|2947|2952|2958|2963|2968|2974|2979|2984|2990,59174|59424|59674|59957|60207|60490|60674|60824|60990|61174|61374|61540|61707|61857|62007|62174|62307|62440|62574|62690,-738.8;-140.0|-739.5;-145.5|-741.4;-150.5|-744.8;-155.4|-748.8;-158.9|-754.3;-161.7|-758.4;-163.1|-762.0;-164.1|-766.3;-165.2|-771.4;-166.1|-777.4;-166.6|-782.7;-166.7|-788.2;-166.3|-793.2;-165.6|-798.4;-164.5|-804.4;-163.0|-809.3;-161.6|-814.3;-159.9|-819.5;-158.1|-824.1;-156.3,81|78|76|76|76|81|87|92|98|104|111|116|120|125|129|135|140|145|151|156,0|0|0|0|0|0|0|0|0|0|0|0|0|0|0|0|0|0|0|0,1|14|37|51|42|66|73|74|74|74|73|73|73|79|84|86|95|99|100|100,2|2|2|2|2|2|2|2|2|2|2|2|2|2|2|3|3|3|3|3,-0.2015|-0.1652|-0.0982|-0.0759|-0.0373|-0.0261|-0.0323|-0.0373|-0.0457|-0.0488|-0.0468|-0.0447|-0.0454|-0.0340|-0.0338|-0.0181|-0.0091|-0.0038|-0.0024|-0.0035,0.005;-0.018;0.001;-0.002|0.076;-0.004;0.001;0.001|0.142;0.040;0.000;0.000|0.197;0.096;-0.001;-0.000|0.131;0.058;-0.003;-0.000|0.101;0.061;-0.003;-0.001|0.055;0.044;-0.001;-0.001|0.070;0.046;-0.002;-0.001|0.087;0.053;-0.002;-0.001|0.096;0.058;-0.002;-0.001|0.091;0.053;-0.002;-0.001|0.079;0.045;-0.002;-0.001|0.070;0.039;-0.002;-0.001|0.066;0.042;-0.002;-0.001|0.068;0.047;-0.002;-0.001|0.070;0.054;-0.002;-0.001|0.110;0.091;-0.002;-0.001|0.086;0.075;-0.002;-0.001|0.066;0.062;-0.001;-0.001|0.079;0.078;-0.001;-0.001,-0.124|-0.105|-0.065|-0.059|-0.044|-0.038|-0.037|-0.017|-0.019|-0.017|-0.012|-0.011|-0.012|-0.009|-0.012|-0.012|-0.003|-0.008|-0.007|-0.008,-0.27|-0.38|0.08|0.34|0.23|0.88|0.89|0.99|1.00|0.94|0.90|0.84|0.79|0.88|0.88|0.96|1.18|1.16|1.16|1.26,0.2.9-dev
Baku_Race_Aug17_001_L5,13,True,5,5,0.0,0.0,0,0,8.313,3.183,3234.43,273,7,66624,3344.11,283,7,68008,3396.48,283,7,68674,8.397000000000002,3.148,3333.28,284,7,67874,2050,0,100,20.4,20.3,0.0,2.4,0,0,0,0,0,0,0,0,0,0,0,False,0,0,0,False,49|49|71|73,57|67|75|84,57|70|74|85,78|82|88|91,58,95,40,50,3234|3240|3249|3257|3266|3275|3283|3292|3300|3309|3318|3326|3335|3344|3352|3361|3369|3378|3387|3396,66624|66724|66841|66941|67057|67158|67274|67391|67491|67591|67691|67808|67908|68024|68124|68241|68358|68474|68574|68674,-1045.2;-53.2|-1051.8;-49.3|-1059.4;-44.7|-1065.9;-40.5|-1073.4;-35.4|-1079.6;-30.7|-1086.7;-24.9|-1093.4;-18.8|-1098.9;-13.2|-1104.2;-7.4|-1109.3;-1.4|-1115.1;5.7|-1119.8;12.1|-1124.8;19.8|-1128.8;26.5|-1133.0;34.6|-1136.9;42.9|-1140.6;51.3|-1143.6;58.5|-1146.5;65.8,273|275|277|278|279|280|280|281|282|283|283|284|284|282|282|281|281|282|283|283,0|0|0|0|0|0|0|0|0|0|0|0|0|0|0|0|0|0|0|0,100|100|100|100|100|100|100|100|100|100|100|100|100|100|100|100|100|100|100|100,7|7|7|7|7|7|7|7|7|7|7|7|7|7|7|7|7|7|7|7,-0.0082|-0.0121|-0.0155|-0.0229|-0.0334|-0.0358|-0.0340|-0.0210|-0.0196|-0.0181|-0.0271|-0.0483|-0.0381|-0.0343|-0.0283|-0.0160|-0.0096|-0.0080|-0.0092|-0.0101,0.024;0.022;-0.001;-0.001|0.024;0.021;-0.001;-0.001|0.025;0.020;-0.001;-0.001|0.027;0.020;-0.000;-0.001|0.031;0.020;-0.000;-0.000|0.034;0.021;-0.000;-0.000|0.035;0.022;-0.000;-0.000|0.032;0.022;-0.001;-0.000|0.029;0.020;-0.000;-0.000|0.028;0.020;-0.001;-0.000|0.038;0.027;-0.000;-0.000|0.027;0.016;-0.000;-0.000|0.026;0.015;0.000;-0.000|0.028;0.017;0.000;-0.000|0.026;0.017;-0.000;-0.000|0.021;0.015;-0.000;-0.000|0.018;0.015;-0.000;-0.000|0.017;0.014;-0.000;-0.000|0.017;0.014;-0.000;-0.000|0.017;0.014;-0.000;-0.000,0.014|0.019|0.017|0.028|0.020|0.016|0.001|-0.014|0.031|-0.055|-0.010|0.138|0.036|0.013|0.001|-0.033|-0.026|-0.010|-0.003|0.005,0.52|0.50|0.46|0.41|0.33|0.27|0.25|0.31|0.35|0.45|0.20|0.19|-0.07|-0.06|0.00|0.09|0.16|0.18|0.18|0.17,0.2.9-dev
Baku_Race_Aug17_001_L5,14,False,5,5,0.0,0.0,0,0,8.424000000000001,3.148,3425.35,285,7,69041,3549.41,291,7,70575,3580.4,291,7,70958,8.282,3.04,3545.19,291,7,70525,1917,0,100,0.0,0.0,0.0,2.9,0,0,0,0,0,0,0,0,0,0,0,False,0,0,0,False,56|67|72|83,53|63|66|76,54|63|65|76,78|82|88|92,58,95,40,50,3425|3431|3439|3447|3455|3463|3471|3479|3488|3496|3504|3512|3520|3528|3536|3545|3553|3561|3569|3580,69041|69141|69225|69325|69425|69525|69641|69741|69841|69941|70041|70158|70258|70342|70442|70525|70625|70725|70825|70958,-1156.2;93.2|-1158.6;100.7|-1160.5;107.1|-1162.7;114.7|-1164.8;122.5|-1166.7;130.2|-1168.7;139.3|-1170.3;147.2|-1171.8;155.1|-1173.3;163.0|-1174.7;170.9|-1176.3;180.2|-1177.6;188.2|-1178.6;194.8|-1179.7;202.9|-1180.3;209.6|-1180.9;217.7|-1181.2;225.7|-1181.2;233.8|-1181.1;244.6,285|286|286|287|287|287|288|288|289|289|290|290|291|291|291|291|291|291|291|291,0|0|0|0|0|0|0|0|0|0|0|0|0|0|0|0|0|0|0|0,100|100|100|100|100|100|100|100|100|100|100|100|100|100|100|100|100|100|100|100,7|7|7|7|7|7|7|7|7|7|7|7|7|7|7|7|7|7|7|7,-0.0088|-0.0098|-0.0106|-0.0124|-0.0135|-0.0121|-0.0046|-0.0015|-0.0035|-0.0038|-0.0049|-0.0062|-0.0098|-0.0204|-0.0265|-0.0235|-0.0134|-0.0110|-0.0104|-0.0056,0.016;0.014;-0.000;-0.000|0.016;0.014;-0.000;-0.000|0.016;0.014;-0.000;-0.000|0.017;0.014;-0.000;-0.000|0.017;0.013;-0.000;-0.000|0.017;0.014;-0.000;-0.000|0.016;0.014;-0.000;-0.000|0.015;0.014;-0.000;-0.000|0.015;0.014;-0.000;-0.000|0.015;0.014;-0.000;-0.000|0.015;0.014;-0.000;-0.000|0.015;0.014;-0.000;-0.000|0.015;0.013;-0.000;-0.000|0.018;0.014;-0.000;-0.000|0.019;0.013;-0.000;-0.000|0.019;0.013;-0.000;-0.000|0.019;0.014;-0.000;-0.000|0.017;0.013;-0.000;-0.000|0.016;0.013;-0.000;-0.000|0.015;0.014;-0.000;-0.000,0.004|0.006|0.006|0.009|0.006|0.000|-0.024|-0.019|-0.005|0.002|0.003|0.003|0.017|0.042|0.030|0.007|-0.015|-0.023|-0.013|-0.017,0.17|0.16|0.15|0.14|0.13|0.13|0.14|0.15|0.15|0.14|0.14|0.13|0.12|0.08|0.05|0.02|0.05|0.08|0.10|0.12,0.2.9-dev
Baku_Race_Aug17_001_L5,15,False,5,5,3640.14,294,7,71692,8.217,2.997,3645.58,293,7,71758,3778.62,101,2,74542,3817.03,141,3,75743,8.371999999999998,2.986,3790.78,107,2,74976,4051,100,94,0.3,0.0,0.0,1.7,0,0,0,0,0,0,0,0,0,0,0,False,0,0,0,False,51|58|63|71,59|71|63|71,57|69|66|73,78|82|88|92,58,95,40,50,3640|3653|3662|3671|3680|3690|3699|3708|3717|3726|3735|3744|3753|3762|3771|3780|3789|3798|3807|3817,71758|71875|71992|72109|72242|72392|72525|72692|72875|73059|73275|73509|73792|74076|74309|74642|74959|75259|75509|75743,-1179.3;309.8|-1179.2;319.2|-1179.1;328.3|-1179.1;336.9|-1179.0;346.1|-1179.0;355.7|-1178.9;363.6|-1178.8;372.8|-1178.8;382.1|-1178.6;390.5|-1178.4;399.6|-1177.8;408.3|-1176.1;417.6|-1173.1;425.7|-1169.7;431.7|-1163.7;439.0|-1156.6;444.7|-1148.7;449.5|-1141.1;453.6|-1133.4;457.7,293|287|273|257|239|222|206|191|174|157|142|127|113|107|104|101|106|118|129|141,20|49|100|100|100|100|100|80|76|68|62|54|21|0|0|0|0|0|0|0,83|13|0|0|0|0|0|0|0|0|0|0|0|0|4|35|64|85|89|95,7|7|7|7|6|6|5|5|4|4|3|2|2|2|2|2|2|2|2|3,0.0009|0.0006|0.0002|-0.0009|-0.0012|0.0003|0.0012|0.0009|-0.0015|-0.0033|-0.0245|-0.0489|-0.0826|-0.1214|-0.1470|-0.1347|-0.0401|-0.0102|-0.0035|-0.0011,0.005;0.005;-0.006;-0.006|-0.014;-0.014;-0.013;-0.014|-0.036;-0.036;-0.034;-0.035|-0.045;-0.045;-0.042;-0.043|-0.070;-0.070;-0.056;-0.053|-0.061;-0.062;-0.057;-0.059|-0.041;-0.041;-0.046;-0.035|-0.040;-0.040;-0.035;-0.037|-0.046;-0.049;-0.041;-0.057|-0.034;-0.037;-0.036;-0.040|-0.052;-0.051;-0.047;-0.034|-0.004;-0.014;-0.091;-0.019|-0.015;-0.018;-0.045;-0.008|0.004;-0.008;0.003;0.000|0.003;-0.006;0.016;0.000|0.050;0.012;-0.000;-0.000|0.068;0.036;-0.003;-0.001|0.065;0.056;-0.002;-0.001|0.074;0.068;-0.002;-0.001|0.148;0.145;-0.002;-0.002,0.003|0.002|0.001|0.001|-0.003|-0.009|-0.071|0.088|-0.001|0.008|0.024|0.024|0.004|0.012|-0.123|-0.006|0.004|0.003|-0.000|0.003,-0.71|-2.20|-3.91|-3.90|-3.80|-3.51|-3.43|-2.41|-2.76|-2.44|-2.19|-0.89|-1.07|-0.46|-0.37|0.04|0.87|1.25|1.36|1.48,0.2.9-dev
Baku_Race_Aug17_001_L5,16,False,5,5,4024.01,258,6,79227,8.341000000000001,2.922,4026.41,258,6,79260,4130.53,114,2,81545,4211.03,175,4,83679,8.290999999999999,2.662,4154.88,121,2,82278,4452,100,100,9.3,9.2,0.0,1.7,0,0,0,0,0,0,0,0,0,0,0,False,0,0,0,False,47|53|65|68,57|74|65|74,54|71|71|80,78|82|88|92,58,95,40,50,4024|4035|4045|4054|4064|4074|4083|4093|4103|4112|4122|4132|4141|4151|4161|4170|4180|4190|4199|4211,79260|79393|79543|79710|79877|80077|80294|80545|80811|81111|81345|81611|81878|82178|82478|82745|82995|83228|83445|83679,-949.6;556.7|-941.4;561.2|-932.8;565.9|-924.1;570.5|-916.1;574.7|-907.2;579.0|-898.4;582.9|-888.9;586.1|-879.4;588.0|-869.2;588.2|-861.7;587.0|-853.7;584.1|-846.3;579.8|-838.9;573.4|-832.5;565.5|-827.5;557.2|-823.2;548.6|-819.3;539.7|-815.9;530.6|-812.3;520.2,258|244|223|204|185|167|152|136|126|119|116|114|115|119|126|134|144|155|165|175,34|100|100|83|98|100|90|46|8|0|0|0|0|0|0|0|0|0|0|0,66|0|0|0|0|0|0|0|0|8|33|41|53|61|77|88|95|100|100|100,6|6|6|5|4|4|3|2|2|2|2|2|2|2|2|2|3|3|3|4,-0.0015|-0.0034|-0.0035|-0.0042|-0.0076|-0.0233|-0.0426|-0.0633|-0.1065|-0.1445|-0.1456|-0.1338|-0.1033|-0.0594|-0.0424|-0.0234|-0.0207|-0.0072|0.0069|0.0091,-0.000;-0.000;-0.011;-0.011|-0.043;-0.045;-0.040;-0.048|-0.056;-0.059;-0.051;-0.055|-0.043;-0.044;-0.041;-0.041|-0.079;-0.074;-0.061;-0.033|-0.072;-0.067;-0.079;-0.044|-0.038;-0.041;-0.084;-0.037|-0.097;-0.085;-0.089;-0.011|-0.007;-0.013;-0.035;-0.004|0.018;-0.003;0.007;0.001|0.044;0.010;0.002;-0.000|0.051;0.015;0.000;-0.000|0.076;0.029;-0.002;-0.000|0.069;0.032;-0.004;-0.000|0.065;0.037;-0.002;-0.001|0.060;0.041;-0.002;-0.001|0.051;0.041;-0.002;-0.001|0.111;0.091;-0.002;-0.001|0.072;0.061;-0.001;-0.001|0.030;0.035;-0.001;-0.001,-0.008|0.007|0.002|-0.012|0.006|0.010|-0.026|-0.004|-0.020|0.034|0.056|-0.005|0.004|0.018|0.017|0.008|0.173|-0.005|-0.076|0.006,-0.94|-3.79|-3.75|-3.12|-3.28|-2.98|-2.33|-1.82|-0.81|-0.53|-0.19|0.04|0.28|0.54|0.84|1.00|1.05|1.38|1.28|1.01,0.2.9-dev
Baku_Race_Aug17_001_L5,17,True,5,5,0.0,0.0,0,0,8.363999999999999,2.662,4269.44,217,5,84745,4336.39,237,6,85779,4375.89,245,6,86362,8.366,2.695,4332.94,236,6,85729,1617,0,100,6.7,6.7,0.0,1.7,0,0,0,0,0,0,0,0,0,0,0,False,0,0,0,False,52|65|72|79,53|62|72|76,53|60|71|74,78|83|88|92,58,95,40,50,4269|4274|4279|4285|4290|4296|4302|4307|4313|4318|4324|4329|4335|4340|4346|4351|4357|4362|4368|4375,84745|84829|84945|85012|85095|85196|85279|85362|85446|85546|85629|85696|85779|85862|85946|86029|86096|86179|86262|86362,-789.1;466.5|-786.7;462.0|-783.2;455.7|-781.2;452.1|-778.5;447.6|-775.2;442.2|-772.4;437.8|-769.4;433.3|-766.3;428.9|-762.5;423.7|-759.1;419.5|-756.3;416.1|-752.7;412.0|-748.9;407.9|-745.0;404.0|-741.0;400.2|-737.8;397.1|-733.6;393.3|-729.4;389.6|-724.3;385.1,217|220|223|224|226|228|229|230|232|234|235|236|237|238|239|240|241|242|244|245,0|0|0|0|0|0|0|0|0|0|0|0|0|0|0|0|0|0|0|0,100|100|100|100|100|100|100|100|100|100|100|100|100|100|100|100|100|100|100|100,5|5|5|5|5|5|5|5|6|6|6|6|6|6|6|6|6|6|6|6,0.0100|0.0105|0.0120|0.0146|0.0178|0.0181|0.0186|0.0238|0.0265|0.0262|0.0274|0.0326|0.0313|0.0215|0.0158|0.0117|0.0087|0.0051|0.0008|0.0025,0.032;0.037;-0.001;-0.001|0.031;0.036;-0.001;-0.001|0.021;0.024;-0.001;-0.001|0.020;0.024;-0.001;-0.001|0.020;0.025;-0.001;-0.001|0.019;0.025;-0.000;-0.001|0.019;0.025;-0.000;-0.001|0.018;0.025;-0.001;-0.001|0.016;0.023;-0.000;-0.000|0.019;0.027;-0.000;-0.001|0.019;0.029;-0.000;-0.001|0.019;0.030;-0.000;-0.000|0.018;0.028;-0.000;-0.001|0.020;0.028;-0.000;-0.001|0.019;0.025;-0.000;-0.001|0.019;0.023;-0.000;-0.001|0.019;0.022;-0.000;-0.001|0.019;0.021;-0.000;-0.001|0.019;0.020;-0.000;-0.001|0.019;0.020;-0.000;-0.000,-0.002|-0.000|0.000|0.009|0.008|0.004|0.006|0.011|0.008|0.002|0.011|0.051|-0.011|-0.007|-0.015|-0.015|-0.014|-0.012|-0.009|-0.003,0.97|0.94|0.58|0.56|0.54|0.51|0.49|0.47|0.38|0.46|0.44|0.42|0.39|0.43|0.44|0.45|0.46|0.46|0.46|0.45,0.2.9-dev
Baku_Race_Aug17_001_L5,18,True,5,5,0.0,0.0,0,0,8.278,2.778,4491.27,266,7,87979,4574.33,269,7,89080,4627.96,273,7,89780,8.236999999999998,2.876,4584.92,269,7,89213,1801,0,100,0.0,0.0,0.0,3.7,0,0,0,0,0,0,0,0,0,0,0,False,0,0,0,False,48|53|64|66,54|64|67|74,54|65|66|75,78|83|88|92,58,95,40,50,4491|4498|4505|4512|4519|4526|4533|4541|4548|4555|4562|4569|4576|4583|4591|4598|4605|4612|4619|4627,87979|88079|88196|88296|88363|88463|88563|88663|88780|88846|88963|89030|89113|89213|89313|89413|89496|89596|89680|89780,-637.5;309.0|-632.1;304.0|-625.9;297.9|-620.7;292.5|-617.4;288.8|-612.5;283.1|-607.9;277.2|-603.5;271.1|-598.7;263.8|-596.1;259.6|-591.8;251.9|-589.5;247.5|-586.8;241.8|-583.9;235.0|-581.2;227.9|-578.8;220.8|-577.0;214.9|-574.9;207.6|-573.3;201.5|-571.4;194.2,266|267|268|269|269|269|269|269|269|269|269|269|269|269|269|270|270|271|272|273,0|0|0|0|0|0|0|0|0|0|0|0|0|0|0|0|0|0|0|0,100|100|100|100|100|100|100|100|100|100|100|100|100|100|100|100|100|100|100|100,7|7|7|7|7|7|7|7|7|7|7|7|7|7|7|7|7|7|7|7,-0.0102|-0.0165|-0.0208|-0.0288|-0.0309|-0.0259|-0.0250|-0.0243|-0.0303|-0.0338|-0.0327|-0.0307|-0.0307|-0.0279|-0.0197|-0.0149|-0.0105|-0.0043|0.0018|0.0041,0.018;0.016;-0.000;-0.000|0.019;0.015;-0.000;-0.000|0.020;0.015;-0.000;-0.000|0.022;0.015;-0.000;-0.000|0.023;0.015;-0.000;-0.000|0.024;0.015;-0.000;-0.000|0.023;0.016;-0.000;-0.000|0.023;0.015;-0.000;-0.000|0.023;0.015;-0.000;-0.000|0.025;0.016;-0.000;-0.000|0.025;0.016;-0.000;-0.000|0.027;0.015;-0.000;-0.000|0.025;0.017;-0.000;-0.000|0.024;0.016;-0.000;-0.000|0.023;0.016;-0.000;-0.000|0.021;0.015;-0.000;-0.000|0.019;0.015;-0.000;-0.000|0.018;0.016;-0.000;-0.000|0.016;0.016;-0.000;-0.000|0.016;0.016;-0.000;-0.000,-0.008|-0.014|-0.015|-0.020|-0.012|-0.001|0.004|0.002|-0.016|-0.022|-0.009|-0.061|-0.143|0.015|0.019|0.023|0.025|0.029|0.033|0.019,0.28|0.26|0.22|0.17|0.15|0.14|0.15|0.16|0.14|0.12|0.11|0.10|0.12|0.12|0.17|0.20|0.23|0.25|0.26|0.26,0.2.9-dev
Baku_Race_Aug17_001_L5,19,True,5,5,0.0,0.0,0,0,8.210999999999999,2.877,4640.65,274,7,89947,4733.26,274,7,91130,4798.65,283,7,91980,8.253000000000002,2.816,4744.81,273,7,91280,2033,0,100,0.0,0.0,0.0,2.2,0,0,0,0,0,0,0,0,0,0,0,False,0,0,0,False,54|64|66|74,68|67|76|75,69|65|78|74,78|83|88|92,58,95,40,50,4640|4648|4656|4664|4673|4681|4689|4698|4706|4714|4722|4731|4739|4747|4755|4764|4772|4780|4788|4798,89947|90080|90163|90280|90380|90513|90613|90713|90797|90897|91013|91113|91213|91330|91430|91547|91664|91764|91864|91980,-568.1;181.9|-565.4;172.1|-563.6;166.0|-560.9;157.4|-558.4;150.2|-554.6;140.6|-551.4;133.6|-548.0;126.7|-544.9;121.1|-541.0;114.4|-536.0;107.0|-531.5;100.9|-526.6;95.0|-520.6;88.5|-515.2;83.1|-508.6;77.1|-501.9;71.2|-496.0;66.2|-489.9;61.3|-482.8;55.5,274|275|276|276|277|277|277|277|277|276|275|274|273|273|274|276|278|279|281|283,0|0|0|0|0|0|0|0|0|0|0|0|0|0|0|0|0|0|0|0,100|100|100|100|100|100|100|100|100|100|100|100|100|100|100|100|100|100|100|100,7|7|7|7|7|7|7|7|7|7|7|7|7|7|7|7|7|7|7|7,0.0067|0.0120|0.0211|0.0272|0.0281|0.0254|0.0283|0.0317|0.0418|0.0505|0.0486|0.0454|0.0419|0.0265|0.0120|0.0094|0.0099|0.0078|0.0062|0.0048,0.015;0.017;-0.000;-0.000|0.015;0.017;-0.000;-0.000|0.014;0.018;-0.000;-0.000|0.014;0.021;-0.000;-0.000|0.014;0.022;-0.000;-0.000|0.015;0.022;-0.000;-0.000|0.014;0.022;-0.000;-0.000|0.014;0.022;-0.000;-0.000|0.014;0.024;-0.000;-0.000|0.015;0.027;-0.000;0.000|0.016;0.029;-0.000;0.000|0.017;0.030;-0.000;0.000|0.017;0.028;-0.000;-0.000|0.016;0.025;-0.000;-0.000|0.022;0.028;-0.000;-0.001|0.021;0.025;-0.001;-0.001|0.020;0.024;-0.001;-0.001|0.020;0.023;-0.001;-0.001|0.020;0.022;-0.001;-0.001|0.020;0.022;-0.001;-0.001,0.007|0.019|0.029|0.022|0.010|-0.001|0.002|0.009|0.016|0.018|0.005|-0.001|-0.006|-0.017|-0.025|-0.016|-0.006|-0.005|-0.005|-0.005,0.25|0.23|0.20|0.15|0.12|0.12|0.11|0.09|0.04|-0.03|-0.05|-0.05|-0.01|0.09|0.47|0.50|0.50|0.49|0.48|0.47,0.2.9-dev
Baku_Race_Aug17_001_L5,20,True,5,5,0.0,0.0,0,0,8.66,2.723,5022.06,303,8,94681,5074.78,304,8,95298,5152.09,312,8,96198,8.791999999999998,2.726,5111.83,308,8,95731,1517,0,100,10.9,10.9,0.0,2.2,0,0,0,0,0,0,0,0,0,0,0,False,0,0,0,False,53|52|65|62,52|51|64|61,50|49|63|60,79|83|89|92,58,95,40,50,5022|5027|5034|5041|5048|5055|5062|5069|5075|5082|5089|5096|5103|5110|5117|5123|5130|5137|5144|5152,94681|94781|94864|94914|94998|95081|95181|95248|95314|95398|95481|95564|95648|95714|95798|95881|95964|96031|96115|96198,-301.8;-75.5|-294.6;-80.0|-288.7;-83.7|-285.0;-85.9|-279.0;-89.5|-272.9;-93.0|-265.5;-97.2|-260.6;-99.9|-255.6;-102.5|-249.3;-105.7|-243.0;-108.9|-236.6;-112.0|-230.2;-115.1|-225.1;-117.6|-218.6;-120.6|-212.1;-123.6|-205.6;-126.6|-200.3;-129.0|-193.7;-131.9|-187.1;-134.8,303|303|304|304|304|304|304|304|304|305|306|307|307|308|309|310|310|311|312|312,0|0|0|0|0|0|0|0|0|0|0|0|0|0|0|0|0|0|0|0,100|100|100|100|100|100|100|100|100|100|100|100|100|100|100|100|100|100|100|100,8|8|8|8|8|8|8|8|8|8|8|8|8|8|8|8|8|8|8|8,0.0079|0.0078|0.0080|0.0087|0.0090|0.0094|0.0104|0.0103|0.0091|0.0071|0.0045|0.0016|0.0033|0.0038|0.0049|0.0055|0.0062|0.0065|0.0040|0.0033,0.013;0.014;-0.000;-0.000|0.013;0.014;-0.000;-0.000|0.013;0.014;-0.000;-0.000|0.013;0.015;-0.000;-0.000|0.012;0.015;-0.000;-0.000|0.012;0.015;-0.000;-0.000|0.012;0.015;-0.000;-0.000|0.012;0.015;-0.000;-0.000|0.017;0.020;-0.000;-0.000|0.017;0.020;-0.000;-0.000|0.017;0.019;-0.000;-0.000|0.018;0.018;-0.000;-0.000|0.017;0.018;-0.000;-0.000|0.017;0.018;-0.000;-0.000|0.017;0.018;-0.000;-0.000|0.017;0.018;-0.000;-0.000|0.017;0.018;-0.000;-0.000|0.017;0.018;-0.000;-0.000|0.017;0.018;-0.000;-0.000|0.017;0.018;-0.000;-0.000,0.004|0.001|0.001|0.002|0.002|0.002|0.002|0.002|0.006|-0.001|-0.004|-0.002|-0.000|0.002|0.003|0.003|0.002|0.000|-0.001|-0.003,0.04|0.04|0.03|0.03|0.03|0.03|0.03|0.02|0.29|0.29|0.29|0.29|0.28|0.28|0.27|0.26|0.25|0.25|0.24|0.24,0.2.9-dev
